offset_hex	va	kind	value
0xFCE	0x180001BCE	member-candidate	L$0H
0xFEC	0x180001BEC	member-candidate	L$8L
0xFFF	0x180001BFF	member-candidate	T$0I
0x1032	0x180001C32	member-candidate	L$8L
0x1109	0x180001D09	member-candidate	t$xH
0x1130	0x180001D30	member-candidate	D$0H
0x11BC	0x180001DBC	member-candidate	L$0H3
0x11DB	0x180001DDB	member-candidate	L$0H3
0x1252	0x180001E52	member-candidate	t$0H
0x2ACB	0x1800036CB	member-candidate	t$0H
0x2D57	0x180003957	member-candidate	D$PI
0x2DDD	0x1800039DD	member-candidate	D$0f
0x2DEB	0x1800039EB	signature	L$@D
0x2DF0	0x1800039F0	member-candidate	t$0H
0x2EAC	0x180003AAC	member-candidate	L$PH3
0x2ED3	0x180003AD3	member-candidate	USVWATAUAVAWH
0x2F51	0x180003B51	signature	L$pD
0x3204	0x180003E04	member-candidate	t9ff
0x3318	0x180003F18	member-candidate	u6D8
0x3442	0x180004042	member-candidate	t$dL
0x345F	0x18000405F	member-candidate	l$xL
0x357F	0x18000417F	member-candidate	t$hH
0x3A3A	0x18000463A	member-candidate	D$vL
0x3A97	0x180004697	member-candidate	D$tL
0x3E23	0x180004A23	member-candidate	D$vf
0x4279	0x180004E79	member-candidate	t$pL
0x4475	0x180005075	member-candidate	L$lH
0x4794	0x180005394	member-candidate	D$lH
0x479D	0x18000539D	member-candidate	D$lD
0x4920	0x180005520	member-candidate	l$xA
0x4A65	0x180005665	member-candidate	t$pL
0x4A94	0x180005694	member-candidate	t$pL
0x4AB3	0x1800056B3	member-candidate	t$dH
0x4C43	0x180005843	member-candidate	D$au
0x4CFD	0x1800058FD	member-candidate	D$vL
0x4F70	0x180005B70	member-candidate	D$lH
0x4F79	0x180005B79	member-candidate	D$lD
0x4FB2	0x180005BB2	member-candidate	D$vf
0x5094	0x180005C94	member-candidate	l$xA
0x509E	0x180005C9E	member-candidate	T$dH
0x51D4	0x180005DD4	member-candidate	l$xM
0x520E	0x180005E0E	member-candidate	t$pH
0x5554	0x180006154	member-candidate	D$lH
0x555D	0x18000615D	member-candidate	D$lD
0x56CD	0x1800062CD	member-candidate	D8mmu
0x5838	0x180006438	member-candidate	D8a4t
0x5848	0x180006448	member-candidate	D8eit
0x584E	0x18000644E	member-candidate	D8a5t
0x5907	0x180006507	member-candidate	t$dH
0x5C63	0x180006863	member-candidate	ATAWH
0x5EDD	0x180006ADD	signature	(D$pD
0x614C	0x180006D4C	member-candidate	L$0L
0x6190	0x180006D90	member-candidate	L$0H
0x6210	0x180006E10	member-candidate	GDE2
0x628B	0x180006E8B	member-candidate	L$PH3
0x6343	0x180006F43	member-candidate	ATAWH
0x65BD	0x1800071BD	signature	(D$pD
0x682C	0x18000742C	member-candidate	L$0L
0x6870	0x180007470	member-candidate	L$0H
0x68F0	0x1800074F0	member-candidate	GXE2
0x696B	0x18000756B	member-candidate	L$PH3
0x6A23	0x180007623	member-candidate	ATAWH
0x6C9D	0x18000789D	signature	(D$pD
0x6E6B	0x180007A6B	member-candidate	t$8H
0x6F3B	0x180007B3B	member-candidate	t$8H
0x7593	0x180008193	member-candidate	UVAVH
0x75EE	0x1800081EE	member-candidate	T$8A
0x7636	0x180008236	member-candidate	L$0H
0x7673	0x180008273	member-candidate	l$HH
0x76BD	0x1800082BD	member-candidate	L$0H
0x78FC	0x1800084FC	member-candidate	l$0H
0x7A58	0x180008658	member-candidate	l$0H
0x7CBC	0x1800088BC	member-candidate	l$0H
0x7E26	0x180008A26	member-candidate	l$0H
0x80D1	0x180008CD1	member-candidate	t$hH
0x81B0	0x180008DB0	member-candidate	t$hH
0x822B	0x180008E2B	member-candidate	t$HH
0x8249	0x180008E49	member-candidate	t$HH
0x837E	0x180008F7E	member-candidate	t$PH
0x8489	0x180009089	member-candidate	t$XH
0x84CD	0x1800090CD	member-candidate	t$HH
0x857D	0x18000917D	member-candidate	l$XH
0x8656	0x180009256	member-candidate	l$XH
0x8890	0x180009490	member-candidate	l$pI
0x89CF	0x1800095CF	member-candidate	l$pL
0x8AB4	0x1800096B4	member-candidate	l$XH
0x8B00	0x180009700	signature	L#^0I
0x8BA1	0x1800097A1	member-candidate	l$XH
0x8F67	0x180009B67	member-candidate	l$xH
0x90C5	0x180009CC5	member-candidate	UVWAVAWH
0x91BC	0x180009DBC	member-candidate	L$0H
0x91DA	0x180009DDA	member-candidate	L$8L
0x91F0	0x180009DF0	member-candidate	T$0I
0x9222	0x180009E22	member-candidate	L$8L
0x9DD8	0x18000A9D8	member-candidate	t$8H
0x9DFB	0x18000A9FB	member-candidate	UWATAVAWH
0xA34A	0x18000AF4A	member-candidate	zhuf
0xA417	0x18000B017	signature	(t$@D
0xA41D	0x18000B01D	signature	(d$`D
0xA423	0x18000B023	signature	(\$pD
0xA48B	0x18000B08B	signature	(|$0D
0xA669	0x18000B269	member-candidate	D>dH
0xA67C	0x18000B27C	member-candidate	D>tE
0xA6A3	0x18000B2A3	member-candidate	D>hA
0xA6DC	0x18000B2DC	member-candidate	D>lH
0xA6EA	0x18000B2EA	member-candidate	D>pI
0xABF6	0x18000B7F6	member-candidate	L$hH
0xAC06	0x18000B806	member-candidate	D$PH
0xAC1C	0x18000B81C	member-candidate	D$HH
0xAD66	0x18000B966	member-candidate	t$HL
0xAEFA	0x18000BAFA	member-candidate	D$1f
0xB1A0	0x18000BDA0	member-candidate	D$1f
0xB213	0x18000BE13	member-candidate	l$pH
0xB21D	0x18000BE1D	member-candidate	t$xL
0xB222	0x18000BE22	member-candidate	t$HL
0xB573	0x18000C173	member-candidate	t$pH
0xB595	0x18000C195	member-candidate	UVWH
0xB775	0x18000C375	member-candidate	t$pH
0xB7AB	0x18000C3AB	member-candidate	t$8H
0xB9C9	0x18000C5C9	member-candidate	l$XH
0xBA32	0x18000C632	member-candidate	d$0L
0xBBEF	0x18000C7EF	member-candidate	d$0H
0xC249	0x18000CE49	member-candidate	l$pL
0xC24E	0x18000CE4E	member-candidate	l$hL
0xC258	0x18000CE58	member-candidate	l$XL
0xC25D	0x18000CE5D	member-candidate	d$PL
0xC262	0x18000CE62	member-candidate	l$HA
0xC279	0x18000CE79	member-candidate	D$0L
0xC422	0x18000D022	member-candidate	D$HE3
0xC42F	0x18000D02F	signature	L$ED
0xC4D1	0x18000D0D1	member-candidate	D$EI
0xC4E7	0x18000D0E7	member-candidate	L$HH3
0xC517	0x18000D117	member-candidate	D$PI
0xC597	0x18000D197	member-candidate	L$PH3
0xD371	0x18000DF71	member-candidate	t$X3
0xD389	0x18000DF89	member-candidate	l$PL
0xD48D	0x18000E08D	member-candidate	l$PL
0xD497	0x18000E097	member-candidate	t$XM
0xD51C	0x18000E11C	member-candidate	T$xH
0xD534	0x18000E134	member-candidate	D$HH
0xD539	0x18000E139	member-candidate	D$HH
0xD542	0x18000E142	member-candidate	D$PH
0xD54B	0x18000E14B	member-candidate	D$AH
0xD5DC	0x18000E1DC	member-candidate	D$PH
0xD5E1	0x18000E1E1	member-candidate	D$AH
0xD5EB	0x18000E1EB	member-candidate	L$PL
0xD60D	0x18000E20D	member-candidate	D$PH
0xD612	0x18000E212	member-candidate	D$AH
0xD61C	0x18000E21C	member-candidate	L$PL
0xD66E	0x18000E26E	member-candidate	D$pE3
0xD67F	0x18000E27F	member-candidate	D$HH
0xD71F	0x18000E31F	member-candidate	T$xH
0xD861	0x18000E461	member-candidate	L$HH
0xD8AC	0x18000E4AC	member-candidate	D$PH
0xD8B5	0x18000E4B5	member-candidate	D$XH
0xD8C4	0x18000E4C4	member-candidate	L$PL
0xD9FB	0x18000E5FB	member-candidate	D$PH
0xDA00	0x18000E600	member-candidate	D$AH
0xDA0A	0x18000E60A	member-candidate	L$PL
0xDA3C	0x18000E63C	member-candidate	D$xH
0xDA76	0x18000E676	member-candidate	D$PH
0xDA7F	0x18000E67F	member-candidate	D$XH
0xDA8E	0x18000E68E	member-candidate	L$PL
0xDB03	0x18000E703	member-candidate	D$xH
0xDB08	0x18000E708	member-candidate	D$PH
0xDB11	0x18000E711	member-candidate	D$XH
0xDB20	0x18000E720	member-candidate	L$PL
0xDCF1	0x18000E8F1	member-candidate	D$P3
0xDD85	0x18000E985	member-candidate	L$HH
0xDDB8	0x18000E9B8	member-candidate	L$0H
0xDE21	0x18000EA21	member-candidate	T$PfH
0xDF63	0x18000EB63	member-candidate	wvHc
0xE267	0x18000EE67	member-candidate	UVWATAUAVAWH
0xE31B	0x18000EF1B	member-candidate	L$0H
0xE35D	0x18000EF5D	member-candidate	l$PL
0xE373	0x18000EF73	member-candidate	L$PL
0xE49E	0x18000F09E	member-candidate	l$pH
0xE5C1	0x18000F1C1	member-candidate	l$PL
0xE5D7	0x18000F1D7	member-candidate	L$PL
0xE60E	0x18000F20E	member-candidate	D$pL
0xE6C3	0x18000F2C3	member-candidate	USVWATAUAVAWH
0xE85F	0x18000F45F	member-candidate	t$PL
0xE875	0x18000F475	member-candidate	L$PL
0xE92A	0x18000F52A	member-candidate	t$pH
0xE9F6	0x18000F5F6	member-candidate	T$0H
0xEA81	0x18000F681	member-candidate	L$pL
0xEB05	0x18000F705	member-candidate	t$PH
0xEDC2	0x18000F9C2	member-candidate	D$hH
0xEF66	0x18000FB66	member-candidate	D$hH
0xEF6B	0x18000FB6B	member-candidate	D$HH
0xEFAB	0x18000FBAB	member-candidate	D$hH
0xEFB0	0x18000FBB0	member-candidate	D$HH
0xEFF7	0x18000FBF7	member-candidate	D$hH
0xEFFC	0x18000FBFC	member-candidate	D$HH
0xF03C	0x18000FC3C	member-candidate	D$hH
0xF041	0x18000FC41	member-candidate	D$HH
0xF088	0x18000FC88	member-candidate	D$hH
0xF08D	0x18000FC8D	member-candidate	D$HH
0xF15F	0x18000FD5F	member-candidate	L$0L
0xF1FB	0x18000FDFB	member-candidate	L$pL
0xF43A	0x18001003A	member-candidate	L$8H
0xF43F	0x18001003F	member-candidate	l$0H
0xF46F	0x18001006F	member-candidate	l$0H
0xF483	0x180010083	member-candidate	T$8H
0xF4A3	0x1800100A3	member-candidate	l$0H
0xF4BE	0x1800100BE	member-candidate	t$8H
0xF83B	0x18001043B	member-candidate	l$0H
0xF883	0x180010483	member-candidate	USVWATAUAVAWH
0xF924	0x180010524	member-candidate	D$8L
0x102E7	0x180010EE7	member-candidate	t$0H
0x10661	0x180011261	member-candidate	L$$H
0x108A3	0x1800114A3	member-candidate	L$PH
0x10A08	0x180011608	member-candidate	t$XH
0x10A22	0x180011622	member-candidate	L$0f
0x10A28	0x180011628	member-candidate	D$0L
0x10A55	0x180011655	member-candidate	UVWATAUAVAWH
0x10AFE	0x1800116FE	member-candidate	T$0L
0x10C96	0x180011896	member-candidate	D$pH
0x10D66	0x180011966	member-candidate	D$Td
0x10D77	0x180011977	member-candidate	L$PH
0x10D8B	0x18001198B	member-candidate	D$TA
0x10ECE	0x180011ACE	member-candidate	t$HM
0x11389	0x180011F89	member-candidate	t$HM
0x1162E	0x18001222E	member-candidate	T$0L
0x11BD5	0x1800127D5	member-candidate	VWAVH
0x1214C	0x180012D4C	member-candidate	UUUUUUU
0x12185	0x180012D85	member-candidate	D$0I
0x12365	0x180012F65	member-candidate	UVWATAUAVAWH
0x12555	0x180013155	member-candidate	UVWATAUAVAWH
0x12673	0x180013273	member-candidate	UAWI
0x12733	0x180013333	member-candidate	D$hH
0x12765	0x180013365	member-candidate	d$pL
0x12894	0x180013494	member-candidate	tlff
0x1295D	0x18001355D	member-candidate	t$0L
0x12B45	0x180013745	member-candidate	L$0H
0x12B5F	0x18001375F	signature	L$0H;
0x12C01	0x180013801	member-candidate	t$XL
0x12D2A	0x18001392A	member-candidate	t$XH
0x1304C	0x180013C4C	member-candidate	D3dB
0x13051	0x180013C51	member-candidate	D7dB
0x13056	0x180013C56	member-candidate	D3hB
0x1305B	0x180013C5B	member-candidate	D7hB
0x13060	0x180013C60	member-candidate	D3lB
0x13065	0x180013C65	member-candidate	D7lB
0x1306A	0x180013C6A	member-candidate	D3pB
0x1306F	0x180013C6F	member-candidate	D7pB
0x13074	0x180013C74	member-candidate	D3tB
0x13079	0x180013C79	member-candidate	D7tB
0x1307E	0x180013C7E	member-candidate	D3xB
0x13083	0x180013C83	member-candidate	D7xA
0x1324B	0x180013E4B	member-candidate	l$8H
0x13250	0x180013E50	member-candidate	t$0L
0x133D4	0x180013FD4	member-candidate	t$0H
0x13435	0x180014035	member-candidate	UVWATAUAVAWH
0x13503	0x180014103	member-candidate	vLfff
0x136FA	0x1800142FA	member-candidate	d$pH
0x13716	0x180014316	member-candidate	t$hL
0x137A4	0x1800143A4	member-candidate	D$xI
0x1382C	0x18001442C	member-candidate	t$hH
0x138C4	0x1800144C4	member-candidate	t$PL
0x1390A	0x18001450A	member-candidate	t$8H
0x13AC6	0x1800146C6	member-candidate	t$8H
0x13AD0	0x1800146D0	member-candidate	t$PH
0x13B15	0x180014715	member-candidate	UVWAVAWH
0x14152	0x180014D52	member-candidate	l$0H
0x14178	0x180014D78	member-candidate	D$8H
0x142D6	0x180014ED6	member-candidate	D$XH
0x142DB	0x180014EDB	member-candidate	L$HH
0x143A2	0x180014FA2	member-candidate	T$8H
0x143C3	0x180014FC3	member-candidate	l$0L
0x143C8	0x180014FC8	member-candidate	t$8H
0x14520	0x180015120	member-candidate	t$hL
0x14525	0x180015125	member-candidate	L$0f
0x1452B	0x18001512B	member-candidate	D$0L
0x14612	0x180015212	member-candidate	D$xH
0x1461C	0x18001521C	member-candidate	D$0L
0x14621	0x180015221	member-candidate	L$0H
0x14633	0x180015233	member-candidate	D$8L
0x146DB	0x1800152DB	member-candidate	D$xH
0x146E0	0x1800152E0	member-candidate	l$xH
0x146E5	0x1800152E5	member-candidate	D$0L
0x146EA	0x1800152EA	member-candidate	L$0H
0x146FC	0x1800152FC	member-candidate	D$8L
0x147C6	0x1800153C6	member-candidate	D$PH
0x147D5	0x1800153D5	member-candidate	L$PL
0x1484C	0x18001544C	member-candidate	D$Pd
0x1485D	0x18001545D	member-candidate	L$DH
0x1486E	0x18001546E	member-candidate	D$PA
0x149F6	0x1800155F6	member-candidate	D$xH
0x14A37	0x180015637	member-candidate	T$xH
0x14AD7	0x1800156D7	member-candidate	D$PH
0x14AE9	0x1800156E9	member-candidate	D$Dx
0x14B08	0x180015708	member-candidate	D$PH
0x14B19	0x180015719	member-candidate	L$DA
0x14B7B	0x18001577B	member-candidate	T$0H
0x14C1D	0x18001581D	member-candidate	T$PH
0x14CDE	0x1800158DE	member-candidate	MXH3
0x14D20	0x180015920	member-candidate	UVWATAUAVAWH
0x14DC1	0x1800159C1	member-candidate	D$XH
0x14DD8	0x1800159D8	member-candidate	D$xH
0x14E06	0x180015A06	member-candidate	T$XH
0x14E17	0x180015A17	member-candidate	T$xH
0x14FD8	0x180015BD8	member-candidate	D$XH
0x14FDD	0x180015BDD	member-candidate	T$hH
0x14FEF	0x180015BEF	member-candidate	D$xH
0x1501D	0x180015C1D	member-candidate	T$XI
0x1502A	0x180015C2A	member-candidate	T$xH
0x15133	0x180015D33	member-candidate	L$0L
0x154CC	0x1800160CC	member-candidate	D$XH
0x154E3	0x1800160E3	member-candidate	D$xH
0x15511	0x180016111	member-candidate	T$XI
0x1551E	0x18001611E	member-candidate	T$xH
0x15A56	0x180016656	member-candidate	D$hI
0x15AE0	0x1800166E0	member-candidate	t$0A
0x15B49	0x180016749	member-candidate	L$XH
0x15B88	0x180016788	member-candidate	t$0f
0x15BD0	0x1800167D0	signature	L$ I
0x15C09	0x180016809	member-candidate	L$hH3
0x15C25	0x180016825	signature	(t$pI
0x15C5A	0x18001685A	member-candidate	D$0L
0x15C5F	0x18001685F	member-candidate	L$0H
0x15D44	0x180016944	member-candidate	t$hL
0x15D49	0x180016949	member-candidate	L$0f
0x15D4F	0x18001694F	member-candidate	D$0L
0x15E36	0x180016A36	member-candidate	D$xH
0x15E40	0x180016A40	member-candidate	D$0L
0x15E45	0x180016A45	member-candidate	L$0H
0x15E57	0x180016A57	member-candidate	D$8L
0x15EFF	0x180016AFF	member-candidate	D$xH
0x15F04	0x180016B04	member-candidate	l$xH
0x15F09	0x180016B09	member-candidate	D$0L
0x15F0E	0x180016B0E	member-candidate	L$0H
0x15F20	0x180016B20	member-candidate	D$8L
0x16350	0x180016F50	member-candidate	UVWATAUAVAWH
0x163F1	0x180016FF1	member-candidate	D$HL
0x163F6	0x180016FF6	member-candidate	t$XH
0x16410	0x180017010	member-candidate	t$lL
0x16415	0x180017015	member-candidate	t$xL
0x16424	0x180017024	member-candidate	T$HH
0x16453	0x180017053	member-candidate	D$xH
0x1663B	0x18001723B	member-candidate	D$HH
0x16640	0x180017240	member-candidate	T$XH
0x1665A	0x18001725A	member-candidate	T$lH
0x1665F	0x18001725F	member-candidate	T$xH
0x1666E	0x18001726E	member-candidate	T$HH
0x1669D	0x18001729D	member-candidate	D$xH
0x166F3	0x1800172F3	member-candidate	D$0H
0x16C76	0x180017876	member-candidate	D$HL
0x16C9A	0x18001789A	member-candidate	t$xL
0x16CA9	0x1800178A9	member-candidate	T$HH
0x16CD8	0x1800178D8	member-candidate	D$xH
0x17558	0x180018158	member-candidate	D$hH
0x1755D	0x18001815D	member-candidate	t$hH
0x17562	0x180018162	member-candidate	D$0L
0x17567	0x180018167	member-candidate	L$0H
0x17576	0x180018176	member-candidate	D$8L
0x17582	0x180018182	member-candidate	D$PH
0x17675	0x180018275	member-candidate	D$8H
0x178A9	0x1800184A9	member-candidate	D$8H
0x17BB3	0x1800187B3	member-candidate	SUVWH
0x17BCD	0x1800187CD	member-candidate	L$0H
0x17C06	0x180018806	member-candidate	L$0f
0x17C0C	0x18001880C	member-candidate	D$0L
0x17CA4	0x1800188A4	member-candidate	l$PL
0x17CA9	0x1800188A9	member-candidate	t$HL
0x17ED7	0x180018AD7	member-candidate	t$HL
0x17EDC	0x180018ADC	member-candidate	l$PL
0x17EF6	0x180018AF6	member-candidate	D$0L
0x17F3A	0x180018B3A	member-candidate	VWAVH
0x1802B	0x180018C2B	member-candidate	D$0L
0x18030	0x180018C30	member-candidate	L$0H
0x18035	0x180018C35	member-candidate	D$XH
0x1803F	0x180018C3F	member-candidate	D$8L
0x18053	0x180018C53	member-candidate	t$HH
0x1817D	0x180018D7D	member-candidate	L$0f
0x18183	0x180018D83	member-candidate	D$0L
0x181AB	0x180018DAB	member-candidate	D$xH
0x181B0	0x180018DB0	member-candidate	t$xH
0x181B5	0x180018DB5	member-candidate	D$0L
0x181BA	0x180018DBA	member-candidate	L$0H
0x181CC	0x180018DCC	member-candidate	D$8L
0x18243	0x180018E43	member-candidate	t$hH
0x1840F	0x18001900F	member-candidate	D$0d
0x18420	0x180019020	member-candidate	L$8H
0x18431	0x180019031	member-candidate	D$0A
0x184A1	0x1800190A1	member-candidate	D$HL
0x184B8	0x1800190B8	member-candidate	D$hL
0x18501	0x180019101	member-candidate	T$HH
0x18512	0x180019112	member-candidate	T$hH
0x18854	0x180019454	member-candidate	T$HH
0x188E3	0x1800194E3	member-candidate	D$8L
0x189B5	0x1800195B5	member-candidate	D$0E3
0x18B21	0x180019721	member-candidate	t$8H
0x18BDD	0x1800197DD	member-candidate	D$8d
0x18BEE	0x1800197EE	member-candidate	D$0H
0x18BFF	0x1800197FF	member-candidate	D$8A
0x18C1E	0x18001981E	member-candidate	T$HH
0x18DBC	0x1800199BC	member-candidate	T$pI
0x18EC9	0x180019AC9	member-candidate	UVWH
0x19D43	0x18001A943	member-candidate	SUVAVH
0x19D8D	0x18001A98D	member-candidate	T$0M
0x19F6A	0x18001AB6A	member-candidate	l$hL
0x19F6F	0x18001AB6F	member-candidate	d$pH
0x19F8E	0x18001AB8E	member-candidate	L$0L
0x1A2E3	0x18001AEE3	member-candidate	SUVWH
0x1A2FD	0x18001AEFD	member-candidate	L$0H
0x1A336	0x18001AF36	member-candidate	L$0f
0x1A33C	0x18001AF3C	member-candidate	D$0L
0x1A3D4	0x18001AFD4	member-candidate	l$PL
0x1A3D9	0x18001AFD9	member-candidate	t$HL
0x1A607	0x18001B207	member-candidate	t$HL
0x1A60C	0x18001B20C	member-candidate	l$PL
0x1A626	0x18001B226	member-candidate	D$0L
0x1A663	0x18001B263	member-candidate	SUVWATAUAVAWH
0x1A68B	0x18001B28B	member-candidate	L$0H
0x1A896	0x18001B496	member-candidate	D$0L
0x1A89B	0x18001B49B	member-candidate	L$0H
0x1A8A0	0x18001B4A0	member-candidate	D$XH
0x1A8AA	0x18001B4AA	member-candidate	D$8L
0x1A8BE	0x18001B4BE	member-candidate	t$HH
0x1AA31	0x18001B631	member-candidate	D$8L
0x1AA36	0x18001B636	member-candidate	d$HH
0x1AA48	0x18001B648	member-candidate	D$XL
0x1AA4D	0x18001B64D	member-candidate	d$hH
0x1AA5A	0x18001B65A	member-candidate	D$XD
0x1AA7B	0x18001B67B	member-candidate	T$8H
0x1AA8C	0x18001B68C	member-candidate	T$XH
0x1AB50	0x18001B750	member-candidate	D$8L
0x1AB55	0x18001B755	member-candidate	d$HH
0x1AB67	0x18001B767	member-candidate	D$XL
0x1AB6C	0x18001B76C	member-candidate	d$hH
0x1AB79	0x18001B779	member-candidate	D$XD
0x1AB9A	0x18001B79A	member-candidate	T$8H
0x1ABAB	0x18001B7AB	member-candidate	T$XH
0x1AC56	0x18001B856	member-candidate	D$8L
0x1AC5B	0x18001B85B	member-candidate	d$HH
0x1AC6D	0x18001B86D	member-candidate	D$XL
0x1AC72	0x18001B872	member-candidate	d$hH
0x1AC7F	0x18001B87F	member-candidate	D$XD
0x1ACA0	0x18001B8A0	member-candidate	T$8H
0x1ACB1	0x18001B8B1	member-candidate	T$XH
0x1ADBB	0x18001B9BB	member-candidate	D$8L
0x1ADC0	0x18001B9C0	member-candidate	d$HH
0x1ADD2	0x18001B9D2	member-candidate	D$XL
0x1ADD7	0x18001B9D7	member-candidate	d$hH
0x1ADE4	0x18001B9E4	member-candidate	D$XD
0x1AE05	0x18001BA05	member-candidate	T$8H
0x1AE16	0x18001BA16	member-candidate	T$XH
0x1B7F2	0x18001C3F2	member-candidate	l$PH
0x1B7F7	0x18001C3F7	member-candidate	t$XA
0x1B8E2	0x18001C4E2	member-candidate	l$PH
0x1B8E7	0x18001C4E7	member-candidate	t$XH
0x1B977	0x18001C577	member-candidate	l$PH
0x1B97C	0x18001C57C	member-candidate	t$XH
0x1BAC1	0x18001C6C1	member-candidate	l$PH
0x1BAC6	0x18001C6C6	member-candidate	t$XH
0x1BD93	0x18001C993	member-candidate	USVWAVAWH
0x1BE4C	0x18001CA4C	member-candidate	D$xL
0x1C4C6	0x18001D0C6	member-candidate	T$0fH
0x1C515	0x18001D115	member-candidate	D$0H
0x1CF93	0x18001DB93	member-candidate	USVWATAUAVAWH
0x1D1A0	0x18001DDA0	member-candidate	d$xL
0x1D229	0x18001DE29	member-candidate	D$0H
0x1D2E7	0x18001DEE7	member-candidate	D$xL
0x1D46F	0x18001E06F	member-candidate	D$8H
0x1D474	0x18001E074	member-candidate	D$HH
0x1D479	0x18001E079	member-candidate	D$PL
0x1D4BC	0x18001E0BC	member-candidate	D$8fH
0x1D557	0x18001E157	member-candidate	T$8A
0x1D560	0x18001E160	member-candidate	l$$E3
0x1D56A	0x18001E16A	member-candidate	D$XE3
0x1D594	0x18001E194	member-candidate	T$XA
0x1D704	0x18001E304	member-candidate	l$$H
0x1D7AA	0x18001E3AA	member-candidate	T$0H
0x1D898	0x18001E498	member-candidate	l$XH
0x1D8AF	0x18001E4AF	member-candidate	t$PE3
0x1D956	0x18001E556	member-candidate	L>xM
0x1D99B	0x18001E59B	member-candidate	D>hz
0x1DA09	0x18001E609	member-candidate	t$PL
0x1DA0E	0x18001E60E	member-candidate	l$XH
0x1DD1E	0x18001E91E	member-candidate	t$hL
0x1DD23	0x18001E923	member-candidate	d$8A
0x1DDCF	0x18001E9CF	member-candidate	t$hH
0x1DDDE	0x18001E9DE	member-candidate	d$8H
0x1E159	0x18001ED59	signature	(|$pD
0x1E1DD	0x18001EDDD	member-candidate	D$8H
0x1E4B9	0x18001F0B9	member-candidate	L$8H3
0x1E4F3	0x18001F0F3	member-candidate	t$XH
0x1E502	0x18001F102	member-candidate	D$0L
0x1E581	0x18001F181	member-candidate	uAE2
0x1E68E	0x18001F28E	member-candidate	t$PL
0x1E753	0x18001F353	member-candidate	t$PH
0x1E77D	0x18001F37D	member-candidate	l$HL
0x1E7D8	0x18001F3D8	member-candidate	uAE2
0x1E891	0x18001F491	member-candidate	l$HA
0x1E93B	0x18001F53B	member-candidate	t$8H
0x1EA45	0x18001F645	member-candidate	t$HI
0x1EAAC	0x18001F6AC	member-candidate	t$HH
0x1EF65	0x18001FB65	member-candidate	UVWATAUAVAWH
0x1EFD5	0x18001FBD5	member-candidate	L$8H
0x1F1BD	0x18001FDBD	member-candidate	T$0L
0x1F41A	0x18002001A	member-candidate	t$pL
0x1F464	0x180020064	member-candidate	d$HL
0x1F46E	0x18002006E	member-candidate	t$8L
0x1F61A	0x18002021A	member-candidate	t$8L
0x1F624	0x180020224	member-candidate	d$HL
0x1F62E	0x18002022E	member-candidate	t$pH
0x1FAEA	0x1800206EA	member-candidate	VWAVH
0x1FB0C	0x18002070C	member-candidate	D$0L
0x1FB11	0x180020711	member-candidate	L$0H
0x1FB4E	0x18002074E	member-candidate	D$xL
0x1FB53	0x180020753	member-candidate	L$0H
0x1FB58	0x180020758	member-candidate	D$xH
0x1FB60	0x180020760	member-candidate	D$0L
0x1FB77	0x180020777	member-candidate	D$8H
0x1FBFC	0x1800207FC	member-candidate	l$pH
0x1FC8F	0x18002088F	member-candidate	l$xH
0x1FDBD	0x1800209BD	member-candidate	D$PH
0x1FDCC	0x1800209CC	member-candidate	D$hL
0x1FDD1	0x1800209D1	member-candidate	t$PH
0x1FDD6	0x1800209D6	member-candidate	D$HL
0x1FDEA	0x1800209EA	member-candidate	t$XH
0x1FE42	0x180020A42	member-candidate	L$0H
0x1FE8F	0x180020A8F	member-candidate	L$0L
0x1FEEC	0x180020AEC	member-candidate	l$xtsE
0x20099	0x180020C99	member-candidate	D$$3
0x200A9	0x180020CA9	member-candidate	D$0H
0x200C2	0x180020CC2	member-candidate	L$4H
0x20174	0x180020D74	member-candidate	D$$3
0x202C7	0x180020EC7	member-candidate	D$$3
0x209DD	0x1800215DD	member-candidate	L$4H
0x20A1A	0x18002161A	member-candidate	D$HL
0x20A1F	0x18002161F	member-candidate	L$PH
0x20A2E	0x18002162E	member-candidate	D$PL
0x20A3A	0x18002163A	member-candidate	D$PI
0x20A42	0x180021642	member-candidate	D$XH
0x20A4A	0x18002164A	member-candidate	D$0H
0x20B8B	0x18002178B	member-candidate	L$hH3
0x2130B	0x180021F0B	member-candidate	D$pH
0x2159C	0x18002219C	member-candidate	t$HH
0x21DD4	0x1800229D4	member-candidate	t$hL
0x21DD9	0x1800229D9	member-candidate	t$xA
0x21EC9	0x180022AC9	member-candidate	t$hH
0x21ED3	0x180022AD3	member-candidate	t$xH
0x21EF7	0x180022AF7	member-candidate	d$pL
0x22DC4	0x1800239C4	member-candidate	t$HH
0x22E8E	0x180023A8E	member-candidate	t$HH
0x23265	0x180023E65	member-candidate	D$B3
0x2351A	0x18002411A	member-candidate	WAVAWH
0x23B34	0x180024734	member-candidate	D$0D
0x23F21	0x180024B21	member-candidate	t$HH
0x24485	0x180025085	member-candidate	UVWAVAWH
0x247C9	0x1800253C9	member-candidate	t$HH
0x248F4	0x1800254F4	member-candidate	t$HH
0x24C6D	0x18002586D	member-candidate	l$HH
0x24EE2	0x180025AE2	member-candidate	l$HH
0x24F1F	0x180025B1F	member-candidate	D$xI
0x24F2A	0x180025B2A	member-candidate	T$0H
0x24F32	0x180025B32	member-candidate	L$PH
0x24F3F	0x180025B3F	member-candidate	t$XH
0x24FFA	0x180025BFA	member-candidate	L$0L
0x25205	0x180025E05	member-candidate	l$pI
0x25216	0x180025E16	member-candidate	D$0L
0x2522E	0x180025E2E	member-candidate	T$pH
0x252A5	0x180025EA5	member-candidate	L$HH
0x252AA	0x180025EAA	signature	L$(D
0x25364	0x180025F64	member-candidate	L$xH3
0x25438	0x180026038	member-candidate	l$HH
0x25442	0x180026042	member-candidate	t$XH
0x25753	0x180026353	member-candidate	t$HH
0x257B2	0x1800263B2	signature	L$0I
0x257D0	0x1800263D0	member-candidate	L$8L
0x257E3	0x1800263E3	member-candidate	T$0I
0x25812	0x180026412	member-candidate	L$8L
0x2591F	0x18002651F	member-candidate	t$8H
0x25B4C	0x18002674C	member-candidate	t$8H
0x25B7E	0x18002677E	member-candidate	t$8H
0x25BC5	0x1800267C5	member-candidate	L$xH
0x25BCE	0x1800267CE	member-candidate	T$pH
0x2630F	0x180026F0F	member-candidate	USVWATAUAVAWH
0x266CD	0x1800272CD	member-candidate	L$HA
0x266F3	0x1800272F3	member-candidate	T$8H
0x266FE	0x1800272FE	member-candidate	GT$8H
0x26A5B	0x18002765B	member-candidate	d$8H
0x26A69	0x180027669	member-candidate	t$HH
0x26A6E	0x18002766E	member-candidate	D$8H
0x26A77	0x180027677	member-candidate	D$PH
0x26A9F	0x18002769F	member-candidate	l$8H
0x26AAD	0x1800276AD	member-candidate	t$HH
0x26AB2	0x1800276B2	member-candidate	D$8H
0x26ABB	0x1800276BB	member-candidate	D$PH
0x26AC4	0x1800276C4	member-candidate	D$0H
0x26C5F	0x18002785F	member-candidate	L$HE3
0x271EA	0x180027DEA	member-candidate	UWAVH
0x2774A	0x18002834A	signature	(t$pI
0x27763	0x180028363	member-candidate	USWAVI
0x27804	0x180028404	member-candidate	L$$H
0x27926	0x180028526	member-candidate	UKfH
0x27C58	0x180028858	signature	(l$@D
0x27CC3	0x1800288C3	member-candidate	USWAVI
0x27D69	0x180028969	member-candidate	L$$A
0x27E90	0x180028A90	member-candidate	UKfH
0x28152	0x180028D52	signature	(l$0D
0x28183	0x180028D83	member-candidate	SUVWAVH
0x28234	0x180028E34	member-candidate	D$8H
0x28314	0x180028F14	member-candidate	D$8H
0x28417	0x180029017	member-candidate	UVWATAUAVAWH
0x2849C	0x18002909C	member-candidate	t$hE3
0x286CB	0x1800292CB	member-candidate	D$pf
0x28A79	0x180029679	member-candidate	D$HD
0x28B67	0x180029767	signature	L$PD
0x28BA9	0x1800297A9	member-candidate	D$Xo
0x28BBA	0x1800297BA	member-candidate	D$XH
0x28CA8	0x1800298A8	member-candidate	L$DH
0x28CB2	0x1800298B2	member-candidate	D$DE
0x28D7E	0x18002997E	member-candidate	D$pH
0x28D83	0x180029983	member-candidate	T$pI
0x28DC7	0x1800299C7	member-candidate	D$hf
0x28DE1	0x1800299E1	member-candidate	D$lH
0x28DE6	0x1800299E6	member-candidate	T$hI
0x290DF	0x180029CDF	member-candidate	D$0L
0x29108	0x180029D08	member-candidate	D$0f
0x2912A	0x180029D2A	member-candidate	D$8f
0x29145	0x180029D45	member-candidate	L$HH3
0x292B9	0x180029EB9	member-candidate	t$0I
0x2970C	0x18002A30C	member-candidate	l$8H
0x29896	0x18002A496	member-candidate	l$8L
0x2AC19	0x18002B819	member-candidate	T$0L
0x2AC1E	0x18002B81E	member-candidate	D$0H
0x2ADA1	0x18002B9A1	member-candidate	L$8H3
0x2ADB6	0x18002B9B6	signature	(L$PD
0x2ADDF	0x18002B9DF	member-candidate	VWAVH
0x2AFB7	0x18002BBB7	member-candidate	SUVATAUAVAWH
0x2B06E	0x18002BC6E	member-candidate	T$8H
0x2B1ED	0x18002BDED	member-candidate	D$PH
0x2B2F2	0x18002BEF2	member-candidate	wKtB
0x2B3A4	0x18002BFA4	member-candidate	L$$H
0x2B40C	0x18002C00C	signature	L$0D
0x2B4A9	0x18002C0A9	signature	L$8D
0x2B557	0x18002C157	signature	(|$pI
0x2B91B	0x18002C51B	member-candidate	L$$H
0x2B9A4	0x18002C5A4	signature	L$$D
0x2BA1F	0x18002C61F	signature	(L$`D
0x2BABE	0x18002C6BE	member-candidate	l$XH
0x2BB5D	0x18002C75D	member-candidate	t$HH
0x2BB67	0x18002C767	member-candidate	l$XH
0x2C02E	0x18002CC2E	member-candidate	t$hH
0x2C081	0x18002CC81	member-candidate	t$pH
0x2C0F3	0x18002CCF3	member-candidate	SVWATAVH
0x2C2DC	0x18002CEDC	member-candidate	L$lA
0x2C2FE	0x18002CEFE	member-candidate	T$dH
0x2C5D2	0x18002D1D2	member-candidate	D$xL
0x2C5DF	0x18002D1DF	member-candidate	D$pH
0x2C5E4	0x18002D1E4	member-candidate	l$pH
0x2C6EF	0x18002D2EF	member-candidate	D$hH
0x2C7C3	0x18002D3C3	member-candidate	t$0H
0x2C869	0x18002D469	member-candidate	t$0H
0x2CA5D	0x18002D65D	member-candidate	t$xH
0x2CA77	0x18002D677	member-candidate	UVWATAUAVAWH
0x2CF0D	0x18002DB0D	member-candidate	D$jf
0x2D05B	0x18002DC5B	member-candidate	D$jf
0x2D334	0x18002DF34	member-candidate	D$H33
0x2D360	0x18002DF60	member-candidate	L$DH
0x2D435	0x18002E035	member-candidate	D$jf
0x2D4C0	0x18002E0C0	member-candidate	L$Df
0x2D520	0x18002E120	member-candidate	D$AL
0x2D536	0x18002E136	member-candidate	D$XH
0x2D7C9	0x18002E3C9	member-candidate	D$HH
0x2D7CE	0x18002E3CE	member-candidate	D$0A
0x2D7E8	0x18002E3E8	member-candidate	D$tI
0x2DABA	0x18002E6BA	member-candidate	L$DH
0x2DACB	0x18002E6CB	member-candidate	D$PA
0x2DAF9	0x18002E6F9	member-candidate	L$PH
0x2DCCC	0x18002E8CC	member-candidate	D$pL
0x2DCD1	0x18002E8D1	member-candidate	d$xH
0x2DCDA	0x18002E8DA	member-candidate	D$hH
0x2DD9D	0x18002E99D	member-candidate	D$jf
0x2DF0E	0x18002EB0E	member-candidate	D$jf
0x2DFF1	0x18002EBF1	member-candidate	D$jf
0x2E17C	0x18002ED7C	member-candidate	M0H3
0x2E3E5	0x18002EFE5	member-candidate	UVWAVAWH
0x2E49F	0x18002F09F	member-candidate	UUUUUUU
0x2E6A3	0x18002F2A3	member-candidate	UVAVH
0x2E6FE	0x18002F2FE	member-candidate	T$8A
0x2E746	0x18002F346	member-candidate	L$0H
0x2E783	0x18002F383	member-candidate	l$HH
0x2E7CD	0x18002F3CD	member-candidate	L$0H
0x2E97E	0x18002F57E	member-candidate	t$PH
0x2EB7A	0x18002F77A	member-candidate	VWAVH
0x2EC6A	0x18002F86A	member-candidate	L$0A
0x2EC87	0x18002F887	member-candidate	L$8L
0x2EC9A	0x18002F89A	member-candidate	T$0I
0x2ECC8	0x18002F8C8	member-candidate	L$8L
0x2EDB5	0x18002F9B5	member-candidate	UWAVH
0x2EF32	0x18002FB32	member-candidate	D$8L
0x2EF3B	0x18002FB3B	member-candidate	L$0H
0x2F122	0x18002FD22	member-candidate	L$8H3
0x2F14A	0x18002FD4A	member-candidate	VWAVH
0x2F15E	0x18002FD5E	member-candidate	D$8H
0x2F1BD	0x18002FDBD	member-candidate	l$4I
0x2F28B	0x18002FE8B	member-candidate	L$8H3
0x2F29D	0x18002FE9D	member-candidate	l$pH
0x2F7D5	0x1800303D5	member-candidate	UVWH
0x2FAD7	0x1800306D7	member-candidate	d$8f
0x2FCF5	0x1800308F5	member-candidate	UVAUAVAWH
0x2FD0D	0x18003090D	member-candidate	D$83
0x2FEFE	0x180030AFE	member-candidate	L$8H3
0x3003E	0x180030C3E	member-candidate	VUUUA
0x30127	0x180030D27	signature	(|$`D
0x3012D	0x180030D2D	signature	(D$PD
0x30133	0x180030D33	signature	(L$@D
0x30139	0x180030D39	signature	(T$0D
0x3013F	0x180030D3F	signature	(\$ D
0x30673	0x180031273	member-candidate	l$$A
0x309B0	0x1800315B0	member-candidate	D9mptKH
0x30A43	0x180031643	member-candidate	SUVWAVAWH
0x30A5E	0x18003165E	signature	L$0D
0x30BE3	0x1800317E3	member-candidate	SUVWATAUAVAWH
0x30E3F	0x180031A3F	member-candidate	D$4A
0x30FE3	0x180031BE3	member-candidate	vQfff
0x31069	0x180031C69	member-candidate	T$0H
0x31083	0x180031C83	member-candidate	D$0H
0x310CB	0x180031CCB	member-candidate	UWATAVAWH
0x31560	0x180032160	member-candidate	L$0H3
0x31593	0x180032193	member-candidate	l$XH
0x31E83	0x180032A83	member-candidate	D$$H
0x31ED0	0x180032AD0	member-candidate	l$XL
0x31EDF	0x180032ADF	member-candidate	L$0H3
0x31EFB	0x180032AFB	member-candidate	UWAVH
0x32333	0x180032F33	member-candidate	USVWATAUAVAWH
0x323D7	0x180032FD7	member-candidate	D$0A
0x323F1	0x180032FF1	member-candidate	T$1A
0x3240E	0x18003300E	member-candidate	T$3A
0x3242C	0x18003302C	member-candidate	L$2H
0x324F1	0x1800330F1	member-candidate	D$7H
0x325C7	0x1800331C7	member-candidate	L$HH
0x325CC	0x1800331CC	member-candidate	t$XH
0x325F2	0x1800331F2	signature	L$HH;
0x3266A	0x18003326A	member-candidate	D$PH
0x3267A	0x18003327A	member-candidate	D$xH
0x32689	0x180033289	member-candidate	D$PH
0x32784	0x180033384	member-candidate	VUUU
0x32938	0x180033538	member-candidate	D$<H
0x32942	0x180033542	member-candidate	L$8A
0x32A11	0x180033611	member-candidate	t$DD
0x32FBD	0x180033BBD	member-candidate	L$HH
0x334B1	0x1800340B1	member-candidate	l$hH
0x33755	0x180034355	member-candidate	UVWAVAWH
0x33A36	0x180034636	member-candidate	UUUUUUU
0x33DCC	0x1800349CC	member-candidate	L$0H
0x33F32	0x180034B32	member-candidate	t$8H
0x34019	0x180034C19	member-candidate	t$HH
0x34144	0x180034D44	member-candidate	t$HH
0x341F7	0x180034DF7	member-candidate	UVWATAUAVAWH
0x34275	0x180034E75	member-candidate	t$PD82
0x342C6	0x180034EC6	member-candidate	T$pA8w
0x34313	0x180034F13	member-candidate	L$lM
0x3431F	0x180034F1F	member-candidate	D$hH
0x34324	0x180034F24	member-candidate	T$XI
0x3433E	0x180034F3E	member-candidate	T$pE3
0x345FF	0x1800351FF	member-candidate	t$XA
0x34741	0x180035341	member-candidate	D$PI
0x34746	0x180035346	member-candidate	T$XI
0x34753	0x180035353	member-candidate	t$PA
0x34AA4	0x1800356A4	member-candidate	t$PH
0x34AC1	0x1800356C1	member-candidate	t$PH
0x34ADB	0x1800356DB	member-candidate	t$PH
0x34BCD	0x1800357CD	member-candidate	t$PH
0x34C2E	0x18003582E	member-candidate	D$xL
0x34CF4	0x1800358F4	member-candidate	D$xH
0x34DBF	0x1800359BF	member-candidate	t$PH
0x34DD8	0x1800359D8	member-candidate	t$PH
0x34DF2	0x1800359F2	member-candidate	t$PH
0x34E0A	0x180035A0A	member-candidate	t$PH
0x34E24	0x180035A24	member-candidate	t$PH
0x34E66	0x180035A66	member-candidate	t$8L
0x34E6B	0x180035A6B	member-candidate	t$0H
0x34E8E	0x180035A8E	member-candidate	T$hH
0x34FBE	0x180035BBE	member-candidate	T$8H
0x34FD3	0x180035BD3	member-candidate	D$xD
0x34FE4	0x180035BE4	member-candidate	t$8L
0x34FE9	0x180035BE9	member-candidate	L$0L
0x34FEE	0x180035BEE	member-candidate	D$xL
0x350E3	0x180035CE3	member-candidate	USVWH
0x356B0	0x1800362B0	member-candidate	UVWH
0x35845	0x180036445	member-candidate	tND83tIH
0x3585B	0x18003645B	member-candidate	t$HL
0x35877	0x180036477	member-candidate	t$8H
0x35A3B	0x18003663B	signature	(|$`D
0x35A41	0x180036641	signature	(L$PD
0x35B57	0x180036757	member-candidate	UVWATAUAVAWH
0x35D3D	0x18003693D	member-candidate	L$xH
0x35D63	0x180036963	member-candidate	L$xH
0x35D68	0x180036968	member-candidate	D$PD
0x35D92	0x180036992	member-candidate	t$lA
0x35F4D	0x180036B4D	member-candidate	T$XI
0x35F71	0x180036B71	member-candidate	T$XI
0x35F99	0x180036B99	signature	L$PI
0x35FA7	0x180036BA7	member-candidate	T$XH
0x35FC0	0x180036BC0	signature	L$PI
0x36000	0x180036C00	member-candidate	D$XI
0x36009	0x180036C09	member-candidate	D$PI
0x360A2	0x180036CA2	member-candidate	D$lH
0x36159	0x180036D59	member-candidate	D$PH
0x36197	0x180036D97	member-candidate	D$lH
0x361E4	0x180036DE4	signature	L$PD
0x361EC	0x180036DEC	member-candidate	D$PH
0x361FC	0x180036DFC	member-candidate	t$PA
0x3632D	0x180036F2D	member-candidate	D$lH
0x36515	0x180037115	member-candidate	D$lH
0x366B2	0x1800372B2	member-candidate	D$8H
0x366B7	0x1800372B7	member-candidate	D$0H
0x36740	0x180037340	member-candidate	t$8L
0x36745	0x180037345	member-candidate	t$0H
0x36774	0x180037374	member-candidate	T$xH
0x368B2	0x1800374B2	member-candidate	D$lH
0x368DD	0x1800374DD	member-candidate	L$8A
0x368F9	0x1800374F9	member-candidate	t$8H
0x36956	0x180037556	member-candidate	D$lH
0x36980	0x180037580	member-candidate	L$8A
0x3699C	0x18003759C	member-candidate	t$8H
0x369A8	0x1800375A8	member-candidate	T$0H
0x36A87	0x180037687	member-candidate	UVWATAUAVAWH
0x36B84	0x180037784	member-candidate	tNff
0x36BA2	0x1800377A2	member-candidate	L$dM
0x36BB4	0x1800377B4	member-candidate	T$XI
0x36BD1	0x1800377D1	member-candidate	d$lL
0x36E94	0x180037A94	member-candidate	l$XA
0x36EDF	0x180037ADF	member-candidate	T$XI
0x36FA4	0x180037BA4	member-candidate	T$XI
0x370BD	0x180037CBD	member-candidate	GMXH
0x372EC	0x180037EEC	member-candidate	D$dL
0x373AD	0x180037FAD	member-candidate	L$0H
0x373B2	0x180037FB2	member-candidate	T$pH
0x37602	0x180038202	member-candidate	D$p3
0x37614	0x180038214	member-candidate	T$8L
0x37619	0x180038219	member-candidate	L$0H
0x3761E	0x18003821E	member-candidate	T$pH
0x37F50	0x180038B50	member-candidate	D$8D
0x37F70	0x180038B70	member-candidate	D$4D
0x37F90	0x180038B90	member-candidate	D$LD
0x37FB0	0x180038BB0	member-candidate	D$PD
0x380B5	0x180038CB5	member-candidate	gfff
0x380DA	0x180038CDA	member-candidate	D$HA
0x380F4	0x180038CF4	member-candidate	D$pH
0x382C0	0x180038EC0	member-candidate	t$TH
0x382D7	0x180038ED7	member-candidate	T$8H
0x38563	0x180039163	member-candidate	USVI
0x38693	0x180039293	member-candidate	d$Tff
0x387B3	0x1800393B3	member-candidate	T$hH
0x387D7	0x1800393D7	member-candidate	T$hH
0x38809	0x180039409	member-candidate	T$hH
0x38862	0x180039462	member-candidate	D$hH
0x38C20	0x180039820	member-candidate	L$XH
0x38C29	0x180039829	member-candidate	D$XH
0x38C64	0x180039864	member-candidate	D$dH
0x3908D	0x180039C8D	member-candidate	D$hH
0x390D3	0x180039CD3	member-candidate	T$XA
0x390FA	0x180039CFA	member-candidate	t$0H
0x39128	0x180039D28	member-candidate	D$pH
0x391A0	0x180039DA0	member-candidate	T$0H
0x391A5	0x180039DA5	member-candidate	T$XH
0x392A7	0x180039EA7	member-candidate	l$xH
0x3942E	0x18003A02E	member-candidate	KfC9
0x3946D	0x18003A06D	member-candidate	KfC9
0x394B2	0x18003A0B2	member-candidate	SfC9
0x395D0	0x18003A1D0	member-candidate	fD9A
0x39662	0x18003A262	member-candidate	d$HL
0x3970E	0x18003A30E	member-candidate	D$0H
0x398B4	0x18003A4B4	member-candidate	d$HH
0x39A5A	0x18003A65A	member-candidate	sDE2
0x39CC2	0x18003A8C2	member-candidate	D$HL
0x39CD2	0x18003A8D2	member-candidate	L$EE3
0x39D41	0x18003A941	member-candidate	D$EI
0x39D57	0x18003A957	member-candidate	L$HH3
0x39E48	0x18003AA48	member-candidate	T$0H
0x39ED6	0x18003AAD6	member-candidate	D$PH
0x39EE4	0x18003AAE4	member-candidate	T$PH
0x39F51	0x18003AB51	member-candidate	L$PH
0x39F56	0x18003AB56	member-candidate	D$XH
0x39F5B	0x18003AB5B	member-candidate	T$PH
0x3A22C	0x18003AE2C	member-candidate	L$0A
0x3A276	0x18003AE76	member-candidate	D$HH
0x3A2D2	0x18003AED2	member-candidate	D$HL
0x3A425	0x18003B025	member-candidate	T$pH
0x3A44C	0x18003B04C	member-candidate	L$0A
0x3A49F	0x18003B09F	member-candidate	L$0A
0x3A4F2	0x18003B0F2	member-candidate	L$0A
0x3A63E	0x18003B23E	member-candidate	L$0H
0x3A6DC	0x18003B2DC	member-candidate	L$0A
0x3A734	0x18003B334	member-candidate	L$0A
0x3A793	0x18003B393	member-candidate	USVWATAUAVAWH
0x3AD7B	0x18003B97B	member-candidate	uWE3
0x3ADFB	0x18003B9FB	member-candidate	l$hD
0x3B1B4	0x18003BDB4	member-candidate	L$0L
0x3DDC5	0x18003E9C5	member-candidate	UVWH
0x3E062	0x18003EC62	member-candidate	l$XI
0x3E17C	0x18003ED7C	member-candidate	$>fA
0x3E191	0x18003ED91	member-candidate	l$XL
0x3E371	0x18003EF71	signature	L$(H;
0x3E384	0x18003EF84	member-candidate	t$hL
0x3E45F	0x18003F05F	member-candidate	t$hH
0x3E4B0	0x18003F0B0	member-candidate	l$pI
0x3E610	0x18003F210	member-candidate	l$pL
0x3E6F1	0x18003F2F1	signature	(|$0D
0x3E821	0x18003F421	member-candidate	l$hH
0x3EAE9	0x18003F6E9	member-candidate	t$HH
0x3EC14	0x18003F814	member-candidate	t$HH
0x3EE85	0x18003FA85	member-candidate	T$8H
0x3EE91	0x18003FA91	member-candidate	T$0H
0x3EEBD	0x18003FABD	member-candidate	T$pA
0x3F0FF	0x18003FCFF	member-candidate	D$pA
0x3F17E	0x18003FD7E	member-candidate	D$X3
0x3F201	0x18003FE01	member-candidate	D$XA
0x3F21E	0x18003FE1E	member-candidate	T$pH
0x3F231	0x18003FE31	member-candidate	T$pt
0x3F25B	0x18003FE5B	member-candidate	D$XA
0x3F34E	0x18003FF4E	member-candidate	T$0H
0x3F3D3	0x18003FFD3	member-candidate	D$XH
0x3F3D8	0x18003FFD8	member-candidate	T$pD
0x3F442	0x180040042	signature	L$pD
0x3F45B	0x18004005B	member-candidate	T$pH
0x3F4F0	0x1800400F0	member-candidate	T$XA
0x3F631	0x180040231	member-candidate	T$pH
0x3F737	0x180040337	member-candidate	D$pu
0x3F809	0x180040409	member-candidate	T$pD
0x3FA1E	0x18004061E	member-candidate	D$pL
0x3FA23	0x180040623	member-candidate	D$0H
0x3FA7A	0x18004067A	member-candidate	t$PH
0x3FC8A	0x18004088A	member-candidate	UAVAWH
0x3FD1A	0x18004091A	member-candidate	w3E3
0x3FDB6	0x1800409B6	member-candidate	w3E3
0x3FE55	0x180040A55	member-candidate	w3E3
0x40028	0x180040C28	signature	(|$PI
0x40043	0x180040C43	member-candidate	UAVI
0x401BB	0x180040DBB	member-candidate	D$xo
0x4022A	0x180040E2A	member-candidate	D$p3
0x4040B	0x18004100B	member-candidate	D$0I
0x40449	0x180041049	member-candidate	T$hH
0x405E9	0x1800411E9	member-candidate	t$lA
0x40741	0x180041341	member-candidate	T$hD
0x40843	0x180041443	member-candidate	T$0H
0x40DBE	0x1800419BE	member-candidate	D$PH
0x40E33	0x180041A33	member-candidate	l$8L
0x40E38	0x180041A38	member-candidate	L$0L
0x40ED6	0x180041AD6	member-candidate	D$PH
0x411C3	0x180041DC3	member-candidate	USVWATAUAVH
0x424C3	0x1800430C3	member-candidate	USVWATAVAWH
0x42704	0x180043304	member-candidate	D8g0t
0x42715	0x180043315	member-candidate	D8g1t
0x4277F	0x18004337F	member-candidate	L$XH
0x42800	0x180043400	member-candidate	D8g0t
0x42898	0x180043498	member-candidate	D8g0t
0x428A9	0x1800434A9	member-candidate	D8g1t
0x429E6	0x1800435E6	member-candidate	d$0H
0x42A31	0x180043631	member-candidate	d$8H
0x42AC6	0x1800436C6	member-candidate	d$8H
0x42ACB	0x1800436CB	member-candidate	D$0H
0x42B6B	0x18004376B	member-candidate	UWATAVAWH
0x42CCE	0x1800438CE	member-candidate	T$xH
0x42E53	0x180043A53	member-candidate	D$lH
0x42E58	0x180043A58	signature	L$PD
0x42E6F	0x180043A6F	member-candidate	D$XA
0x42F41	0x180043B41	member-candidate	T$hH
0x431AB	0x180043DAB	member-candidate	d$8H
0x431B0	0x180043DB0	member-candidate	T$0H
0x431B5	0x180043DB5	member-candidate	T$hH
0x43283	0x180043E83	member-candidate	USVWATAVAWH
0x43607	0x180044207	member-candidate	d$HL
0x43620	0x180044220	member-candidate	d$8H
0x43625	0x180044225	member-candidate	t$0H
0x437D3	0x1800443D3	member-candidate	USVWAVH
0x43913	0x180044513	signature	L$HD
0x43947	0x180044547	member-candidate	L$HE
0x43B41	0x180044741	member-candidate	YF83
0x43EA9	0x180044AA9	member-candidate	D$xE
0x43EB7	0x180044AB7	member-candidate	L$pH
0x43F0F	0x180044B0F	member-candidate	D$HH
0x43F1E	0x180044B1E	member-candidate	D$DA
0x43F46	0x180044B46	member-candidate	d$pH
0x43F62	0x180044B62	member-candidate	T$HH
0x44036	0x180044C36	signature	L$`D
0x44047	0x180044C47	member-candidate	D$LD
0x44051	0x180044C51	member-candidate	T$TD
0x4411D	0x180044D1D	member-candidate	D$DH
0x44200	0x180044E00	member-candidate	T$LI
0x44295	0x180044E95	member-candidate	D$0H
0x4429A	0x180044E9A	member-candidate	T$LD
0x442A4	0x180044EA4	signature	L$ I
0x442F3	0x180044EF3	member-candidate	USVAUAVH
0x4440D	0x18004500D	member-candidate	D$LH
0x44426	0x180045026	member-candidate	D$HH
0x4444D	0x18004504D	member-candidate	L$lE
0x44465	0x180045065	member-candidate	D$PH
0x44477	0x180045077	member-candidate	D$PA
0x4456E	0x18004516E	signature	L$PD
0x4457B	0x18004517B	signature	L$hD
0x44670	0x180045270	member-candidate	D$hH
0x4472D	0x18004532D	member-candidate	T$PE3
0x44873	0x180045473	member-candidate	USVWAVAWH
0x44BA9	0x1800457A9	member-candidate	D$hI
0x44C4A	0x18004584A	member-candidate	D$XE
0x44E5C	0x180045A5C	member-candidate	D$0E
0x44E79	0x180045A79	member-candidate	D$8H
0x44EF7	0x180045AF7	member-candidate	D$LA
0x44F05	0x180045B05	member-candidate	D$8A
0x44F13	0x180045B13	member-candidate	D$<A
0x44F2E	0x180045B2E	member-candidate	D$8D
0x44F38	0x180045B38	member-candidate	T$0D
0x44F83	0x180045B83	member-candidate	D$PD
0x45012	0x180045C12	member-candidate	D$8A
0x45042	0x180045C42	member-candidate	T$0H
0x4507C	0x180045C7C	member-candidate	D$LA
0x450C3	0x180045CC3	member-candidate	T$0H
0x4513F	0x180045D3F	member-candidate	D$8H
0x45144	0x180045D44	member-candidate	T$0H
0x45155	0x180045D55	member-candidate	L$4t
0x451E6	0x180045DE6	member-candidate	L$hH3
0x4522F	0x180045E2F	signature	(|$pI
0x45253	0x180045E53	member-candidate	UVAVH
0x4537E	0x180045F7E	member-candidate	D$hA
0x453CD	0x180045FCD	member-candidate	D$xf
0x45518	0x180046118	member-candidate	L$pH
0x45535	0x180046135	member-candidate	D$lH
0x4554C	0x18004614C	member-candidate	D$0v
0x4556F	0x18004616F	member-candidate	L$0H
0x45574	0x180046174	member-candidate	D$4D
0x45604	0x180046204	member-candidate	L$0t
0x45913	0x180046513	member-candidate	D$0A
0x4599C	0x18004659C	member-candidate	D$4L
0x45E1F	0x180046A1F	member-candidate	t$XH
0x45E81	0x180046A81	member-candidate	D$4H
0x45EA2	0x180046AA2	member-candidate	T$0E3
0x45EA9	0x180046AA9	member-candidate	D$0E3
0x45EE7	0x180046AE7	member-candidate	T$0E3
0x45EEE	0x180046AEE	member-candidate	D$0E3
0x45F79	0x180046B79	member-candidate	D$4H
0x45F9A	0x180046B9A	member-candidate	T$0E3
0x45FA1	0x180046BA1	member-candidate	D$0E3
0x45FD6	0x180046BD6	member-candidate	T$0E3
0x45FDD	0x180046BDD	member-candidate	D$0E3
0x46012	0x180046C12	member-candidate	T$0E3
0x46019	0x180046C19	member-candidate	D$0E3
0x462AF	0x180046EAF	signature	L$4D
0x462CB	0x180046ECB	signature	L$4D
0x463AA	0x180046FAA	signature	L$4D
0x463C1	0x180046FC1	member-candidate	D$4L
0x463C6	0x180046FC6	member-candidate	t$4H
0x4641B	0x18004701B	signature	L$4D
0x4652E	0x18004712E	member-candidate	t$4D
0x46533	0x180047133	member-candidate	t$8H
0x465B4	0x1800471B4	signature	L$4D
0x465CB	0x1800471CB	member-candidate	D$4L
0x465D0	0x1800471D0	member-candidate	t$4H
0x46634	0x180047234	member-candidate	T$XH
0x46645	0x180047245	member-candidate	T$xH
0x46656	0x180047256	signature	L$4D
0x46722	0x180047322	member-candidate	MXH3
0x4675B	0x18004735B	member-candidate	UVWH
0x46978	0x180047578	member-candidate	t$8H
0x4697D	0x18004757D	member-candidate	t$0H
0x469AC	0x1800475AC	member-candidate	t$HL
0x469D4	0x1800475D4	member-candidate	t$8H
0x46B5B	0x18004775B	member-candidate	UWATAVAWH
0x46D48	0x180047948	member-candidate	D$hH
0x46DE4	0x1800479E4	member-candidate	D$xA
0x46E61	0x180047A61	member-candidate	T$dE
0x46F8A	0x180047B8A	member-candidate	D$0L
0x47046	0x180047C46	member-candidate	tRD86tMH
0x4705C	0x180047C5C	member-candidate	t$HL
0x47075	0x180047C75	member-candidate	t$8H
0x4707A	0x180047C7A	member-candidate	t$0H
0x47123	0x180047D23	member-candidate	UAVI
0x4743C	0x18004803C	member-candidate	t5E3
0x47733	0x180048333	member-candidate	USVWATAUAVAWH
0x477AC	0x1800483AC	member-candidate	T$xL
0x47925	0x180048525	member-candidate	L$tH
0x479D2	0x1800485D2	member-candidate	D$P3
0x47B2D	0x18004872D	member-candidate	t$xH
0x47BCE	0x1800487CE	member-candidate	T$pH
0x47C2E	0x18004882E	member-candidate	D$pA
0x47C4A	0x18004884A	member-candidate	tSE8<$tMH
0x47C7F	0x18004887F	member-candidate	d$0H
0x47D25	0x180048925	member-candidate	D$XD
0x47DFC	0x1800489FC	member-candidate	t9E3
0x47E0B	0x180048A0B	member-candidate	T$XH
0x47E4B	0x180048A4B	member-candidate	tlE3
0x47F05	0x180048B05	member-candidate	L$lA
0x47F3C	0x180048B3C	member-candidate	D$XD
0x47F4A	0x180048B4A	member-candidate	T$pH
0x4825F	0x180048E5F	member-candidate	UVWH
0x48425	0x180049025	member-candidate	t$HL
0x48440	0x180049040	member-candidate	t$8H
0x4855A	0x18004915A	member-candidate	t7E3
0x4862D	0x18004922D	member-candidate	USVWATAUAVAWH
0x48839	0x180049439	member-candidate	T$8H
0x4883E	0x18004943E	member-candidate	T$XH
0x48843	0x180049443	member-candidate	t$0H
0x488C5	0x1800494C5	member-candidate	T$XE
0x4893C	0x18004953C	member-candidate	D$PA
0x48BC5	0x1800497C5	member-candidate	L$pL
0x48BDC	0x1800497DC	member-candidate	D$xH
0x48C57	0x180049857	member-candidate	D$xH
0x48C60	0x180049860	member-candidate	D$pA
0x48CE5	0x1800498E5	member-candidate	L$PA
0x48D2C	0x18004992C	member-candidate	L$PA
0x48D8C	0x18004998C	member-candidate	D$PD
0x48E3C	0x180049A3C	member-candidate	L$XA
0x48E9E	0x180049A9E	member-candidate	w2E3
0x48EAD	0x180049AAD	member-candidate	T$PH
0x48EE6	0x180049AE6	member-candidate	t$TA
0x48EED	0x180049AED	member-candidate	w9E3
0x48F00	0x180049B00	member-candidate	T$PH
0x48F95	0x180049B95	member-candidate	L$XH
0x49019	0x180049C19	member-candidate	T$PH
0x490CA	0x180049CCA	member-candidate	UWATAVAWH
0x4917C	0x180049D7C	member-candidate	d$0L
0x49181	0x180049D81	member-candidate	d$8H
0x491A6	0x180049DA6	member-candidate	t$0H
0x49200	0x180049E00	member-candidate	d$0H
0x493AB	0x180049FAB	member-candidate	t$HH
0x4945B	0x18004A05B	member-candidate	UWATAVAWH
0x495FD	0x18004A1FD	member-candidate	D$pH
0x49634	0x18004A234	member-candidate	D$PE3
0x496C3	0x18004A2C3	member-candidate	D$PA
0x496E6	0x18004A2E6	member-candidate	L$dt
0x4970A	0x18004A30A	member-candidate	D$PA
0x49768	0x18004A368	member-candidate	D$PR
0x497CB	0x18004A3CB	member-candidate	tLE81tG
0x497D8	0x18004A3D8	signature	L$pD
0x497F1	0x18004A3F1	member-candidate	t$8L
0x497F6	0x18004A3F6	member-candidate	L$0L
0x497FB	0x18004A3FB	member-candidate	L$PH
0x49800	0x18004A400	signature	L$(I
0x49863	0x18004A463	member-candidate	L$PA
0x49882	0x18004A482	member-candidate	tHE81tC
0x4988F	0x18004A48F	signature	L$pD
0x498A8	0x18004A4A8	member-candidate	t$8L
0x498AD	0x18004A4AD	member-candidate	L$0L
0x498B2	0x18004A4B2	member-candidate	L$PH
0x498B7	0x18004A4B7	signature	L$(I
0x49928	0x18004A528	member-candidate	t$0H
0x499AC	0x18004A5AC	member-candidate	tPD8u
0x499C2	0x18004A5C2	member-candidate	t$HL
0x499DB	0x18004A5DB	member-candidate	t$8H
0x499E0	0x18004A5E0	member-candidate	T$0H
0x499E5	0x18004A5E5	member-candidate	T$pH
0x49A09	0x18004A609	member-candidate	D$PD
0x49AFC	0x18004A6FC	member-candidate	D$PA
0x49B1F	0x18004A71F	member-candidate	L$TH
0x49C6E	0x18004A86E	member-candidate	T$HE3
0x49D76	0x18004A976	member-candidate	T$HE3
0x49EDC	0x18004AADC	member-candidate	T$HD
0x49FD3	0x18004ABD3	member-candidate	T$HD
0x4A59A	0x18004B19A	member-candidate	UWATAUAVH
0x4A672	0x18004B272	member-candidate	l$8H
0x4A67E	0x18004B27E	member-candidate	l$0A
0x4AAAA	0x18004B6AA	class	M/H3
0x4ADFA	0x18004B9FA	member-candidate	l$83
0x4AE1E	0x18004BA1E	member-candidate	l$8H
0x4AE68	0x18004BA68	member-candidate	l$HH
0x4AEED	0x18004BAED	member-candidate	t$PH
0x4AF00	0x18004BB00	member-candidate	l$Ht
0x4B0F9	0x18004BCF9	member-candidate	EpHcH
0x4B10D	0x18004BD0D	member-candidate	EpHcH
0x4B149	0x18004BD49	member-candidate	T$pH
0x4B15C	0x18004BD5C	member-candidate	D$8f
0x4B1F8	0x18004BDF8	member-candidate	T$8H
0x4B217	0x18004BE17	member-candidate	EpHcH
0x4B224	0x18004BE24	member-candidate	EpHcH
0x4B39A	0x18004BF9A	member-candidate	UWATAVAWH
0x4B63B	0x18004C23B	member-candidate	D$pL
0x4B689	0x18004C289	member-candidate	H9MHH
0x4B6B6	0x18004C2B6	member-candidate	D$HL
0x4B6C5	0x18004C2C5	member-candidate	T$8L
0x4B6F8	0x18004C2F8	member-candidate	t$0H
0x4B708	0x18004C308	member-candidate	D$8H
0x4B725	0x18004C325	member-candidate	D$8H
0x4B971	0x18004C571	signature	L$8L;
0x4BA0A	0x18004C60A	member-candidate	D$pL
0x4BF13	0x18004CB13	member-candidate	D$PL
0x4BF1D	0x18004CB1D	member-candidate	t$hH
0x4C1F9	0x18004CDF9	signature	L$(D
0x4C377	0x18004CF77	member-candidate	D$PH
0x4C3FD	0x18004CFFD	member-candidate	D$TH
0x4C4B4	0x18004D0B4	member-candidate	D$PI
0x4C602	0x18004D202	member-candidate	t$pt
0x4C884	0x18004D484	member-candidate	T$pH
0x4C8D2	0x18004D4D2	member-candidate	T$pH
0x4C9D8	0x18004D5D8	member-candidate	T$pL
0x4CA70	0x18004D670	member-candidate	T$xH
0x4CD4D	0x18004D94D	member-candidate	T$pH
0x4CD93	0x18004D993	member-candidate	T$pH
0x4CF7F	0x18004DB7F	member-candidate	D$PH
0x4D044	0x18004DC44	member-candidate	t$pHc
0x4D060	0x18004DC60	member-candidate	L$xH
0x4D083	0x18004DC83	member-candidate	D$pH
0x4D09E	0x18004DC9E	member-candidate	L$PH
0x4D292	0x18004DE92	member-candidate	D$PH
0x4D2AD	0x18004DEAD	member-candidate	L$XL
0x4D308	0x18004DF08	member-candidate	D$PB
0x4D32D	0x18004DF2D	member-candidate	D$PB
0x4D352	0x18004DF52	member-candidate	D$PB
0x4D37B	0x18004DF7B	member-candidate	D$PB
0x4D3BA	0x18004DFBA	member-candidate	D$PB
0x4D707	0x18004E307	signature	L$8H;
0x4D756	0x18004E356	member-candidate	t$PH
0x4D9AF	0x18004E5AF	member-candidate	t$hI
0x4D9D2	0x18004E5D2	member-candidate	D$XI
0x4DD80	0x18004E980	member-candidate	D$pL
0x4DD8D	0x18004E98D	member-candidate	T$XL
0x4DDC9	0x18004E9C9	member-candidate	D$0H
0x4DDE1	0x18004E9E1	member-candidate	D$0H
0x4DECD	0x18004EACD	member-candidate	l$4H
0x4DEEC	0x18004EAEC	member-candidate	L$pL
0x4DF74	0x18004EB74	member-candidate	t$8H
0x4DF8A	0x18004EB8A	member-candidate	D$8H
0x4DF8F	0x18004EB8F	member-candidate	t$pH
0x4DFC8	0x18004EBC8	member-candidate	t$pH
0x4DFCD	0x18004EBCD	member-candidate	t$8L
0x4DFD2	0x18004EBD2	member-candidate	l$xI
0x4DFF0	0x18004EBF0	member-candidate	t$PM
0x4E28B	0x18004EE8B	member-candidate	sYOc
0x4E2F7	0x18004EEF7	member-candidate	l$HH
0x4E2FC	0x18004EEFC	signature	L$PL;
0x4E3C4	0x18004EFC4	member-candidate	D$HH
0x4E45E	0x18004F05E	member-candidate	D$HI
0x4E474	0x18004F074	member-candidate	vjff
0x4E4B5	0x18004F0B5	member-candidate	D$XH
0x4E4C5	0x18004F0C5	member-candidate	D$HI
0x4E4E7	0x18004F0E7	member-candidate	T$HH
0x4E515	0x18004F115	member-candidate	t$8L
0x4E5B9	0x18004F1B9	member-candidate	t$8L
0x4E5BE	0x18004F1BE	member-candidate	l$xE3
0x4E5D8	0x18004F1D8	member-candidate	t$8L
0x4E805	0x18004F405	member-candidate	UVWAVAWH
0x4ED1D	0x18004F91D	member-candidate	D$$H
0x4ED64	0x18004F964	member-candidate	D$$H
0x4ED7A	0x18004F97A	member-candidate	L$$A
0x4ED9F	0x18004F99F	member-candidate	D$$H
0x4EDB1	0x18004F9B1	signature	(T$0D
0x4EE03	0x18004FA03	member-candidate	USVWATAUAVAWH
0x4EECE	0x18004FACE	member-candidate	D$0H
0x4EF23	0x18004FB23	member-candidate	D$0H
0x4EFDD	0x18004FBDD	member-candidate	D$0H
0x4F021	0x18004FC21	member-candidate	D$0H
0x4F026	0x18004FC26	member-candidate	D$82
0x4F1C4	0x18004FDC4	member-candidate	D$<o
0x4F2C7	0x18004FEC7	member-candidate	UVWATAUAVAWH
0x4F762	0x180050362	member-candidate	D$HL
0x4F821	0x180050421	member-candidate	FpE3
0x4F8E1	0x1800504E1	member-candidate	L$TK
0x4F8F0	0x1800504F0	member-candidate	D$XK
0x4F9D5	0x1800505D5	member-candidate	t$hH
0x4FB31	0x180050731	member-candidate	D$XH
0x4FB36	0x180050736	member-candidate	T$PI
0x4FB9B	0x18005079B	member-candidate	D$XH
0x4FBA0	0x1800507A0	member-candidate	T$PI
0x4FC14	0x180050814	member-candidate	L$LH
0x4FC32	0x180050832	member-candidate	D$XH
0x4FC37	0x180050837	member-candidate	T$PI
0x4FC8A	0x18005088A	member-candidate	tQHc
0x4FFD2	0x180050BD2	member-candidate	D$0H
0x50303	0x180050F03	member-candidate	D$83
0x50363	0x180050F63	member-candidate	L$0H
0x5037C	0x180050F7C	member-candidate	t$0H
0x503A4	0x180050FA4	member-candidate	L$0H
0x503D3	0x180050FD3	member-candidate	L$8H3
0x50453	0x180051053	member-candidate	GpH9
0x504FE	0x1800510FE	member-candidate	L90u
0x50614	0x180051214	member-candidate	t$HL
0x50735	0x180051335	member-candidate	M8Hc
0x50756	0x180051356	member-candidate	EpI9
0x50784	0x180051384	member-candidate	v8ff
0x50830	0x180051430	member-candidate	WPLc
0x50874	0x180051474	member-candidate	GpI9
0x50952	0x180051552	member-candidate	D$8H
0x5095B	0x18005155B	member-candidate	D$0H
0x50A02	0x180051602	class	M/H3
0x50A97	0x180051697	member-candidate	CPHc
0x50B70	0x180051770	member-candidate	SpI9
0x50C1B	0x18005181B	member-candidate	AXLc
0x50C63	0x180051863	member-candidate	CpI9
0x50CC1	0x1800518C1	member-candidate	D$8H
0x50CCA	0x1800518CA	member-candidate	D$xH
0x50CCF	0x1800518CF	member-candidate	D$0L
0x50CD4	0x1800518D4	member-candidate	L$QH
0x50CD9	0x1800518D9	member-candidate	D$XH
0x50CE3	0x1800518E3	member-candidate	D$PH
0x50CE8	0x1800518E8	member-candidate	D$HH
0x50D06	0x180051906	member-candidate	L$PH
0x50D3C	0x18005193C	member-candidate	L$XL
0x50D5B	0x18005195B	member-candidate	H9D$H
0x50D7B	0x18005197B	member-candidate	L$xH3
0x50E03	0x180051A03	member-candidate	ApI9
0x50E40	0x180051A40	member-candidate	CpI9
0x50F33	0x180051B33	member-candidate	I9Khs
0x50F94	0x180051B94	member-candidate	CXLc
0x51036	0x180051C36	member-candidate	t$0L
0x5106C	0x180051C6C	member-candidate	I9Khs
0x5112B	0x180051D2B	member-candidate	CXLc
0x51164	0x180051D64	member-candidate	t$0H
0x5119E	0x180051D9E	member-candidate	IPIc
0x5125A	0x180051E5A	member-candidate	VWATAVAWH
0x51294	0x180051E94	member-candidate	IXHc
0x5147B	0x18005207B	member-candidate	CXHc
0x5148B	0x18005208B	member-candidate	K8Hc
0x51623	0x180052223	member-candidate	t$8H
0x516F0	0x1800522F0	member-candidate	t$8H
0x517CA	0x1800523CA	member-candidate	VWATAVAWH
0x51ACA	0x1800526CA	signature	L$0I
0x51AD7	0x1800526D7	member-candidate	l$0I
0x51ADF	0x1800526DF	member-candidate	t$8H
0x51C78	0x180052878	member-candidate	t$PH
0x51D59	0x180052959	member-candidate	t$PH
0x51DB5	0x1800529B5	member-candidate	D$8H
0x51E7B	0x180052A7B	member-candidate	L$8H3
0x51F45	0x180052B45	member-candidate	UVWH
0x51F69	0x180052B69	member-candidate	L$P3
0x52049	0x180052C49	member-candidate	l$pH
0x5204E	0x180052C4E	member-candidate	l$hH
0x5205D	0x180052C5D	member-candidate	D$hH
0x52062	0x180052C62	member-candidate	T$pH
0x52075	0x180052C75	member-candidate	L$0L
0x5207A	0x180052C7A	member-candidate	D$hL
0x52084	0x180052C84	member-candidate	T$pH
0x520B1	0x180052CB1	member-candidate	T$pH
0x520EE	0x180052CEE	member-candidate	L$xH
0x52172	0x180052D72	member-candidate	D$XH
0x521AC	0x180052DAC	member-candidate	D$0H
0x521BA	0x180052DBA	member-candidate	L$XL
0x521E3	0x180052DE3	member-candidate	L$XH3
0x52210	0x180052E10	member-candidate	L$8L
0x52237	0x180052E37	member-candidate	L$XH3
0x523D8	0x180052FD8	member-candidate	t$HH
0x5252C	0x18005312C	member-candidate	t$HH
0x52572	0x180053172	member-candidate	l$XL
0x52577	0x180053177	member-candidate	l$hL
0x5272C	0x18005332C	member-candidate	l$hH
0x52731	0x180053331	member-candidate	l$XH
0x52B2D	0x18005372D	member-candidate	t$hI
0x52C5A	0x18005385A	member-candidate	t$hH
0x52CB2	0x1800538B2	member-candidate	l$XI
0x52DC5	0x1800539C5	member-candidate	l$XL
0x52E20	0x180053A20	member-candidate	l$pI
0x52F55	0x180053B55	member-candidate	l$pL
0x530F1	0x180053CF1	signature	L$0trI;
0x53116	0x180053D16	member-candidate	D$8H
0x5314D	0x180053D4D	member-candidate	t$0H
0x53195	0x180053D95	member-candidate	T$0L
0x531CC	0x180053DCC	member-candidate	T$0A
0x531EE	0x180053DEE	member-candidate	T$0L
0x53226	0x180053E26	member-candidate	T$8D
0x53253	0x180053E53	member-candidate	T$0D
0x5333A	0x180053F3A	member-candidate	VWAVH
0x534E4	0x1800540E4	member-candidate	I9k8u
0x53510	0x180054110	member-candidate	l$PH
0x53567	0x180054167	member-candidate	t$8H
0x53606	0x180054206	member-candidate	D$8M
0x5375F	0x18005435F	member-candidate	D$0WD
0x53774	0x180054374	member-candidate	D$1H
0x53779	0x180054379	member-candidate	T$0H
0x53799	0x180054399	member-candidate	D$0SD
0x537AE	0x1800543AE	member-candidate	D$1H
0x537B3	0x1800543B3	member-candidate	T$0H
0x537D3	0x1800543D3	member-candidate	D$0DD
0x537E8	0x1800543E8	member-candidate	D$1H
0x537ED	0x1800543ED	member-candidate	T$0H
0x5381C	0x18005441C	member-candidate	L$8H3
0x538AA	0x1800544AA	member-candidate	VWAVH
0x538BE	0x1800544BE	member-candidate	D$8L
0x53A55	0x180054655	member-candidate	L$8H3
0x53A67	0x180054667	member-candidate	l$pH
0x53A91	0x180054691	member-candidate	D$pI
0x53A9D	0x18005469D	member-candidate	l$hH
0x53C85	0x180054885	member-candidate	UVWATAUAVAWH
0x542FE	0x180054EFE	member-candidate	T$PM
0x543F1	0x180054FF1	member-candidate	D$0H
0x544D0	0x1800550D0	member-candidate	AVAWH
0x54536	0x180055136	member-candidate	t$XH
0x54540	0x180055140	member-candidate	d$HL
0x547FD	0x1800553FD	member-candidate	T$8M
0x549C2	0x1800555C2	signature	L$0I
0x54E27	0x180055A27	member-candidate	d$HH
0x54E31	0x180055A31	member-candidate	t$XH
0x55125	0x180055D25	member-candidate	UWATAUAWH
0x55325	0x180055F25	member-candidate	t$XH
0x5532A	0x180055F2A	member-candidate	t$PH
0x55360	0x180055F60	member-candidate	d$HM
0x554A7	0x1800560A7	member-candidate	d$HH
0x554B6	0x1800560B6	member-candidate	l$XH
0x5556C	0x18005616C	member-candidate	t$8H
0x55598	0x180056198	member-candidate	t$83
0x555D6	0x1800561D6	member-candidate	t$8H
0x557E7	0x1800563E7	member-candidate	D$0A
0x557FA	0x1800563FA	member-candidate	D$HH
0x557FF	0x1800563FF	member-candidate	T$PL
0x55894	0x180056494	member-candidate	L$PH
0x55899	0x180056499	member-candidate	T$XL
0x558AD	0x1800564AD	member-candidate	D$PL
0x55B9D	0x18005679D	member-candidate	D$PI
0x55BC0	0x1800567C0	member-candidate	D$0H
0x55C44	0x180056844	signature	L$HL;
0x55C57	0x180056857	member-candidate	D$0H
0x55C60	0x180056860	member-candidate	GD$0F
0x55C87	0x180056887	signature	L$HI;
0x55CA0	0x1800568A0	member-candidate	d$0H
0x55CA9	0x1800568A9	member-candidate	Gd$0I
0x55D10	0x180056910	member-candidate	L$PH3
0x560A1	0x180056CA1	member-candidate	t$8H
0x560AB	0x180056CAB	member-candidate	t$xH
0x560C5	0x180056CC5	member-candidate	d$HH
0x560CA	0x180056CCA	member-candidate	l$pI9
0x56169	0x180056D69	member-candidate	D$0H
0x564CD	0x1800570CD	member-candidate	D$0I
0x565CF	0x1800571CF	member-candidate	D$0H
0x56E60	0x180057A60	member-candidate	t$8H
0x56F7A	0x180057B7A	member-candidate	D$PL
0x56F8C	0x180057B8C	member-candidate	T$0H
0x56F91	0x180057B91	member-candidate	L$8L
0x56F96	0x180057B96	member-candidate	L$PL
0x56FA0	0x180057BA0	member-candidate	T$0H
0x56FC2	0x180057BC2	member-candidate	L$HH
0x57095	0x180057C95	member-candidate	UVWAVAWH
0x5724B	0x180057E4B	member-candidate	l$hH
0x57250	0x180057E50	member-candidate	t$0L
0x57370	0x180057F70	member-candidate	l$hH
0x57389	0x180057F89	member-candidate	t$0I
0x5748C	0x18005808C	member-candidate	l$hI
0x574D0	0x1800580D0	member-candidate	l$hH
0x57553	0x180058153	member-candidate	l$0H
0x57558	0x180058158	member-candidate	t$8H
0x5758B	0x18005818B	member-candidate	t$8L
0x57594	0x180058194	member-candidate	l$0H
0x575D5	0x1800581D5	member-candidate	UVWATAUAVAWH
0x5778F	0x18005838F	member-candidate	E9w$
0x57A75	0x180058675	member-candidate	t$PE2
0x57A8B	0x18005868B	member-candidate	d$HA
0x57B62	0x180058762	member-candidate	d$HH
0x57B87	0x180058787	member-candidate	t$PH
0x57D43	0x180058943	member-candidate	H9K0
0x5825E	0x180058E5E	member-candidate	t$0H
0x583AD	0x180058FAD	member-candidate	t$XH
0x584FA	0x1800590FA	member-candidate	l$hH
0x58509	0x180059109	member-candidate	d$0H
0x58642	0x180059242	member-candidate	d$0H
0x5864B	0x18005924B	member-candidate	l$hH
0x5878E	0x18005938E	member-candidate	t$hH
0x5883A	0x18005943A	member-candidate	gfff
0x58A20	0x180059620	member-candidate	l$0H
0x58C61	0x180059861	member-candidate	l$0H
0x58C66	0x180059866	member-candidate	t$8H
0x58CBC	0x1800598BC	member-candidate	Cu<fu
0x58CC8	0x1800598C8	member-candidate	O<nu
0x58CD3	0x1800598D3	member-candidate	D<ru
0x58D02	0x180059902	member-candidate	Cu<au
0x58D0F	0x18005990F	member-candidate	<bun
0x58E4F	0x180059A4F	member-candidate	xuwH
0x5922D	0x180059E2D	member-candidate	t$8H
0x5924A	0x180059E4A	member-candidate	VWAVH
0x59347	0x180059F47	member-candidate	H8fA
0x5937A	0x180059F7A	member-candidate	VWATAUAVH
0x596A4	0x18005A2A4	member-candidate	t$8H
0x596FA	0x18005A2FA	member-candidate	D$8I
0x59730	0x18005A330	member-candidate	D$8I
0x597CF	0x18005A3CF	member-candidate	d$hA
0x5982C	0x18005A42C	member-candidate	D$8H
0x59836	0x18005A436	signature	L$(L;
0x59924	0x18005A524	member-candidate	L$0H
0x5992C	0x18005A52C	member-candidate	t$8L
0x59B46	0x18005A746	member-candidate	d$hH
0x59F86	0x18005AB86	member-candidate	t$0H
0x59FA8	0x18005ABA8	member-candidate	t$0H
0x5A669	0x18005B269	member-candidate	t$0H
0x5A678	0x18005B278	member-candidate	l$HH
0x5A765	0x18005B365	member-candidate	UVWATAUAVAWH
0x5A8EE	0x18005B4EE	member-candidate	O8E3
0x5AF65	0x18005BB65	member-candidate	UVWAVAWH
0x5B455	0x18005C055	member-candidate	VWAVH
0x5B469	0x18005C069	member-candidate	D$PH
0x5B4D1	0x18005C0D1	signature	L$ I
0x5B4F7	0x18005C0F7	member-candidate	L$PH3
0x5B6E6	0x18005C2E6	member-candidate	D$8H
0x5B707	0x18005C307	member-candidate	D$0H
0x5B751	0x18005C351	member-candidate	L$8H3
0x5B855	0x18005C455	member-candidate	SUVWAVAWH
0x5BB92	0x18005C792	signature	(<$I
0x5BBA3	0x18005C7A3	member-candidate	SUVWH
0x5BF6A	0x18005CB6A	member-candidate	UWATAVAWH
0x5C12A	0x18005CD2A	member-candidate	L$0L
0x5C249	0x18005CE49	member-candidate	H9M8H
0x5C288	0x18005CE88	member-candidate	T$PL
0x5C2EB	0x18005CEEB	member-candidate	D$HH
0x5C345	0x18005CF45	member-candidate	D$HH
0x5C42A	0x18005D02A	member-candidate	L$0H
0x5C499	0x18005D099	member-candidate	L$8H
0x5C49E	0x18005D09E	member-candidate	D$0H
0x5C536	0x18005D136	member-candidate	L$0H
0x5C83D	0x18005D43D	class	M/H3
0x5C873	0x18005D473	member-candidate	USVWATAUAVAWH
0x5CE9E	0x18005DA9E	member-candidate	L$pL
0x5D01C	0x18005DC1C	member-candidate	T$HH
0x5D072	0x18005DC72	member-candidate	T$HH
0x5D37F	0x18005DF7F	member-candidate	D$PL
0x5D389	0x18005DF89	member-candidate	d$hH
0x5D604	0x18005E204	signature	L$(D
0x5D720	0x18005E320	member-candidate	D$PL
0x5D72A	0x18005E32A	member-candidate	d$hH
0x5DAFE	0x18005E6FE	signature	L$(D
0x5DC1B	0x18005E81B	member-candidate	T$PL
0x5DC8F	0x18005E88F	member-candidate	t$HH
0x5DCE6	0x18005E8E6	member-candidate	T$PL
0x5DD5B	0x18005E95B	member-candidate	D$LH
0x5DD7E	0x18005E97E	member-candidate	D$HH
0x5DEDE	0x18005EADE	member-candidate	T$xH
0x5DF89	0x18005EB89	signature	L$pI
0x5DFF8	0x18005EBF8	member-candidate	D$xH
0x5E0E4	0x18005ECE4	member-candidate	T$PH
0x5E154	0x18005ED54	member-candidate	T$PH
0x5E1E0	0x18005EDE0	member-candidate	T$PH
0x5E6F5	0x18005F2F5	member-candidate	T$PL
0x5E936	0x18005F536	member-candidate	L$pL
0x5EB20	0x18005F720	member-candidate	T$PL
0x5EC1D	0x18005F81D	member-candidate	HcC0Li
0x5EE4A	0x18005FA4A	member-candidate	L$pH
0x5EE9D	0x18005FA9D	member-candidate	D$pL
0x5F095	0x18005FC95	member-candidate	UVWATAUAVAWH
0x5F326	0x18005FF26	member-candidate	RucA
0x5F485	0x180060085	member-candidate	UVWATAUAVAWH
0x5F4BB	0x1800600BB	member-candidate	D$XL
0x5F4E8	0x1800600E8	member-candidate	D$hH
0x5F53E	0x18006013E	member-candidate	D$xL
0x5F554	0x180060154	member-candidate	L$hH
0x5F5B9	0x1800601B9	member-candidate	L$pL
0x5F5BE	0x1800601BE	member-candidate	T$XH
0x5F5C3	0x1800601C3	member-candidate	D$XI
0x5F5D9	0x1800601D9	member-candidate	D$XI
0x5F618	0x180060218	member-candidate	T$XI
0x5F63C	0x18006023C	member-candidate	D$PH
0x5F641	0x180060241	member-candidate	T$xH
0x5F6E2	0x1800602E2	member-candidate	L$hH
0x5F756	0x180060356	member-candidate	L$hH
0x5F7AB	0x1800603AB	member-candidate	T$pL
0x5F7B0	0x1800603B0	member-candidate	L$XH
0x5F7B5	0x1800603B5	member-candidate	D$XH
0x5F7CA	0x1800603CA	member-candidate	D$XH
0x5F84F	0x18006044F	member-candidate	D$XH
0x5F9F9	0x1800605F9	member-candidate	L$xL
0x5FA7E	0x18006067E	member-candidate	D$xL
0x5FA8B	0x18006068B	member-candidate	T$0L
0x5FABB	0x1800606BB	member-candidate	D$xH
0x5FCA3	0x1800608A3	member-candidate	t$0H91t
0x5FCD2	0x1800608D2	member-candidate	D$p3
0x5FDFC	0x1800609FC	member-candidate	D$PH
0x5FE0F	0x180060A0F	member-candidate	t$PH
0x5FE38	0x180060A38	member-candidate	D$HH
0x5FEBE	0x180060ABE	member-candidate	t$0H
0x5FED6	0x180060AD6	member-candidate	t$0H
0x5FEF1	0x180060AF1	member-candidate	t$0H
0x5FF32	0x180060B32	member-candidate	t$0L
0x5FF7A	0x180060B7A	member-candidate	t$0L
0x60051	0x180060C51	member-candidate	t$0L
0x60070	0x180060C70	member-candidate	t$0H
0x600B0	0x180060CB0	member-candidate	t$0H
0x600C7	0x180060CC7	member-candidate	t$0H
0x60142	0x180060D42	member-candidate	t$0H
0x6016E	0x180060D6E	member-candidate	t$0L
0x6018E	0x180060D8E	member-candidate	t$0L
0x601EA	0x180060DEA	member-candidate	t$0H
0x601F6	0x180060DF6	member-candidate	D$PH
0x60204	0x180060E04	member-candidate	T$PH
0x60219	0x180060E19	member-candidate	t$0L
0x60239	0x180060E39	member-candidate	t$0L
0x602A3	0x180060EA3	member-candidate	t$0H
0x602BE	0x180060EBE	member-candidate	t$0H
0x602D9	0x180060ED9	member-candidate	t$0H
0x602F1	0x180060EF1	member-candidate	t$0H
0x60309	0x180060F09	member-candidate	t$0H
0x60324	0x180060F24	member-candidate	t$0H
0x6033E	0x180060F3E	member-candidate	t$0H
0x60355	0x180060F55	member-candidate	t$0H
0x60424	0x180061024	member-candidate	L$03
0x604A7	0x1800610A7	member-candidate	UVWATAUAVAWH
0x6054D	0x18006114D	signature	L$0I
0x6059E	0x18006119E	member-candidate	T$HH
0x609C5	0x1800615C5	member-candidate	D$Xf
0x609CF	0x1800615CF	member-candidate	L$PL
0x60B0E	0x18006170E	member-candidate	UUUUUUU
0x60D59	0x180061959	member-candidate	D$PA
0x60D68	0x180061968	member-candidate	D$TE
0x60D74	0x180061974	member-candidate	D$XE
0x60D91	0x180061991	member-candidate	D$PD
0x60D9A	0x18006199A	member-candidate	D$XI
0x60FB0	0x180061BB0	member-candidate	t$8Mk
0x61107	0x180061D07	member-candidate	L$x3
0x6119C	0x180061D9C	member-candidate	T$xL
0x611B0	0x180061DB0	member-candidate	L$xH
0x613A3	0x180061FA3	member-candidate	L$HH
0x613A8	0x180061FA8	member-candidate	D$pD
0x61448	0x180062048	member-candidate	L$xL
0x615AC	0x1800621AC	signature	L$dD
0x615B6	0x1800621B6	member-candidate	L$0L
0x615BB	0x1800621BB	member-candidate	D$8H
0x616DC	0x1800622DC	signature	L$dD
0x616E6	0x1800622E6	member-candidate	L$0L
0x616EB	0x1800622EB	member-candidate	D$8H
0x6181C	0x18006241C	signature	L$dD
0x61826	0x180062426	member-candidate	L$0L
0x6182B	0x18006242B	member-candidate	D$8H
0x6193C	0x18006253C	signature	L$dD
0x61946	0x180062546	member-candidate	L$0L
0x6194B	0x18006254B	member-candidate	D$8H
0x61A2B	0x18006262B	member-candidate	D$PH
0x61BBF	0x1800627BF	member-candidate	D$pH
0x61BC4	0x1800627C4	member-candidate	L$HH
0x61BC9	0x1800627C9	member-candidate	D$pD
0x61C0C	0x18006280C	member-candidate	D$8D
0x61C19	0x180062819	member-candidate	D$0A
0x61CD9	0x1800628D9	member-candidate	L$8H
0x61CDE	0x1800628DE	member-candidate	L$0H
0x61CE3	0x1800628E3	member-candidate	D$8D
0x61D1A	0x18006291A	member-candidate	D$8H
0x61D1F	0x18006291F	member-candidate	L$0H
0x61D24	0x180062924	member-candidate	D$8D
0x61D5D	0x18006295D	member-candidate	L$0H
0x61D62	0x180062962	member-candidate	D$8D
0x61D96	0x180062996	member-candidate	L$0H
0x61DA8	0x1800629A8	member-candidate	D$8A
0x61E61	0x180062A61	member-candidate	L$8H
0x61E66	0x180062A66	member-candidate	L$0H
0x61E6B	0x180062A6B	member-candidate	D$8D
0x61EA9	0x180062AA9	member-candidate	L$HH
0x61EAE	0x180062AAE	member-candidate	D$pD
0x62081	0x180062C81	member-candidate	D$HH
0x6208B	0x180062C8B	member-candidate	D$pH
0x620C8	0x180062CC8	member-candidate	T$XH
0x6214E	0x180062D4E	member-candidate	D$XH
0x621E0	0x180062DE0	member-candidate	D$8H
0x62426	0x180063026	member-candidate	D$0H
0x6251E	0x18006311E	member-candidate	YL78
0x62543	0x180063143	member-candidate	YD78
0x6258E	0x18006318E	member-candidate	YL38A
0x62598	0x180063198	member-candidate	YD30
0x625B3	0x1800631B3	member-candidate	YT30A
0x625BD	0x1800631BD	member-candidate	YD38
0x625FC	0x1800631FC	member-candidate	L$8L
0x62856	0x180063456	member-candidate	L$xH
0x628AB	0x1800634AB	member-candidate	D$xH
0x629FE	0x1800635FE	member-candidate	l$PH
0x62A19	0x180063619	member-candidate	t$XI
0x62B1A	0x18006371A	member-candidate	t$XH
0x62B1F	0x18006371F	member-candidate	l$PI
0x62CDE	0x1800638DE	member-candidate	t$HH
0x62D0B	0x18006390B	member-candidate	t$8H
0x62F08	0x180063B08	member-candidate	yxxxxxxxI
0x62FC9	0x180063BC9	member-candidate	L$0M
0x63042	0x180063C42	member-candidate	yxxxxxxx
0x6360C	0x18006420C	member-candidate	t$HI
0x63677	0x180064277	member-candidate	t$HH
0x636FB	0x1800642FB	member-candidate	T$0I
0x63708	0x180064308	member-candidate	L$8H
0x638C8	0x1800644C8	member-candidate	T$0L
0x639AB	0x1800645AB	member-candidate	T$0H
0x639B8	0x1800645B8	member-candidate	D$8H
0x63BB8	0x1800647B8	member-candidate	L$0L
0x63C7D	0x18006487D	member-candidate	t$hI
0x63DAE	0x1800649AE	member-candidate	t$hH
0x63E04	0x180064A04	member-candidate	UUUUUUU
0x6408D	0x180064C8D	member-candidate	t$0H
0x64092	0x180064C92	member-candidate	l$8H
0x6409C	0x180064C9C	member-candidate	D$HI
0x6422A	0x180064E2A	member-candidate	t$hL
0x6422F	0x180064E2F	member-candidate	d$0I
0x64352	0x180064F52	member-candidate	d$0L
0x6436E	0x180064F6E	member-candidate	t$hH
0x6464C	0x18006524C	member-candidate	t$HI
0x646B7	0x1800652B7	member-candidate	t$HH
0x64CAD	0x1800658AD	member-candidate	uCIk
0x65376	0x180065F76	member-candidate	l$8M
0x65604	0x180066204	member-candidate	t$PL
0x6564A	0x18006624A	member-candidate	t$8H
0x65806	0x180066406	member-candidate	t$8H
0x65810	0x180066410	member-candidate	t$PH
0x658A4	0x1800664A4	member-candidate	t$PL
0x658EA	0x1800664EA	member-candidate	t$8H
0x65A92	0x180066692	member-candidate	t$8H
0x65A9C	0x18006669C	member-candidate	t$PH
0x65C55	0x180066855	member-candidate	UVWH
0x65D34	0x180066934	member-candidate	L$0H
0x65EF4	0x180066AF4	member-candidate	t$dL
0x65F51	0x180066B51	member-candidate	L$hH
0x65F5F	0x180066B5F	member-candidate	GL$hE3
0x65F74	0x180066B74	member-candidate	L$xH
0x65F90	0x180066B90	member-candidate	D$hH
0x65F9E	0x180066B9E	member-candidate	GD$hH
0x65FA4	0x180066BA4	member-candidate	L$0H
0x66026	0x180066C26	member-candidate	t$PH
0x660E3	0x180066CE3	member-candidate	T$4f
0x67343	0x180067F43	member-candidate	u5H9
0x67553	0x180068153	member-candidate	D$8E3
0x678A8	0x1800684A8	member-candidate	D$0L
0x678B0	0x1800684B0	member-candidate	D$PL
0x678C0	0x1800684C0	member-candidate	D$XH
0x679A8	0x1800685A8	member-candidate	D$HH
0x679AD	0x1800685AD	member-candidate	t$XH
0x67A77	0x180068677	member-candidate	t$8H
0x67AB5	0x1800686B5	signature	(|$pI
0x67ACA	0x1800686CA	member-candidate	UWATAVAWH
0x67B11	0x180068711	member-candidate	d$0L
0x67B16	0x180068716	member-candidate	d$8H
0x67B3B	0x18006873B	member-candidate	t$0H
0x67B9B	0x18006879B	member-candidate	d$0H
0x67D3B	0x18006893B	member-candidate	t$HH
0x67DD5	0x1800689D5	member-candidate	UVWATAUAVAWH
0x67E51	0x180068A51	member-candidate	t$hH
0x67E6D	0x180068A6D	member-candidate	t$8H
0x68059	0x180068C59	member-candidate	D8$0uAH
0x68180	0x180068D80	member-candidate	L$HL
0x68203	0x180068E03	member-candidate	USVWATAUAVAWH
0x683B8	0x180068FB8	member-candidate	L$8H
0x683F3	0x180068FF3	member-candidate	L$XH
0x68436	0x180069036	member-candidate	L$xH
0x68453	0x180069053	member-candidate	D$hH
0x68554	0x180069154	member-candidate	t$xH
0x687DB	0x1800693DB	member-candidate	T$PE
0x68924	0x180069524	member-candidate	EhE3
0x6892B	0x18006952B	member-candidate	T$PD
0x68BC5	0x1800697C5	member-candidate	D$XR
0x68C24	0x180069824	member-candidate	D8>tJH
0x68C55	0x180069855	member-candidate	t$0H
0x68DDF	0x1800699DF	member-candidate	D$PH
0x68DF2	0x1800699F2	member-candidate	tKHc
0x68E26	0x180069A26	member-candidate	D$XH
0x68E2B	0x180069A2B	member-candidate	D$XH
0x68EC5	0x180069AC5	member-candidate	D$XR
0x68F23	0x180069B23	signature	L$XD
0x68F41	0x180069B41	member-candidate	L$0L
0x68F4A	0x180069B4A	signature	L$(I
0x68FDA	0x180069BDA	signature	L$XD
0x69001	0x180069C01	signature	L$(I
0x690EA	0x180069CEA	signature	(|$pD
0x69185	0x180069D85	member-candidate	t$HH
0x69191	0x180069D91	member-candidate	t$PL
0x691EC	0x180069DEC	member-candidate	t$PH
0x691F1	0x180069DF1	member-candidate	t$HH
0x692D3	0x180069ED3	member-candidate	USVWATAUAVAWH
0x6990A	0x18006A50A	member-candidate	D$HH
0x69921	0x18006A521	member-candidate	D$Hd
0x69ADB	0x18006A6DB	member-candidate	D$tH
0x69B38	0x18006A738	member-candidate	D$tH
0x69D05	0x18006A905	member-candidate	D$tH
0x69E06	0x18006AA06	member-candidate	D$tH
0x69EC3	0x18006AAC3	member-candidate	L$PH
0x69F4F	0x18006AB4F	member-candidate	T$PL
0x69F64	0x18006AB64	member-candidate	D$PM
0x6A2CA	0x18006AECA	member-candidate	D$pH
0x6A302	0x18006AF02	member-candidate	L$pH
0x6A30C	0x18006AF0C	member-candidate	GL$p
0x6A3CA	0x18006AFCA	member-candidate	L$PH
0x6A5AD	0x18006B1AD	member-candidate	D$PL
0x6A5F9	0x18006B1F9	member-candidate	D$PH
0x6A628	0x18006B228	member-candidate	t$HA
0x6A660	0x18006B260	member-candidate	L$PH
0x6A6A8	0x18006B2A8	member-candidate	D$PH
0x6A81D	0x18006B41D	member-candidate	t$hI
0x6A94A	0x18006B54A	member-candidate	t$hH
0x6AA5A	0x18006B65A	member-candidate	t$0H
0x6AA5F	0x18006B65F	member-candidate	l$8L
0x6AA69	0x18006B669	member-candidate	D$HH
0x6AA88	0x18006B688	member-candidate	t>E3
0x6AD48	0x18006B948	member-candidate	L$8H
0x6ADDA	0x18006B9DA	member-candidate	UWATAVAWH
0x6AE20	0x18006BA20	member-candidate	d$0L
0x6AE25	0x18006BA25	member-candidate	d$8H
0x6AE4A	0x18006BA4A	member-candidate	t$0H
0x6AEBB	0x18006BABB	member-candidate	d$0H
0x6B06B	0x18006BC6B	member-candidate	t$HH
0x6B103	0x18006BD03	member-candidate	USVWAVAWI
0x6B3B3	0x18006BFB3	member-candidate	t$0H
0x6B58B	0x18006C18B	member-candidate	UWATAVAWH
0x6B72F	0x18006C32F	member-candidate	L$TA
0x6B78F	0x18006C38F	member-candidate	D$tH
0x6B7BB	0x18006C3BB	member-candidate	T$PH
0x6B837	0x18006C437	member-candidate	D$PH
0x6B8D8	0x18006C4D8	member-candidate	t$TL
0x6B8E0	0x18006C4E0	member-candidate	T$PH
0x6B8FA	0x18006C4FA	member-candidate	D$PR
0x6B93F	0x18006C53F	member-candidate	t$TL
0x6B962	0x18006C562	member-candidate	D$hD
0x6B973	0x18006C573	member-candidate	d$8L
0x6B978	0x18006C578	member-candidate	L$0H
0x6B97D	0x18006C57D	member-candidate	L$hH
0x6BA1A	0x18006C61A	member-candidate	D$hD
0x6BA2B	0x18006C62B	member-candidate	d$8L
0x6BA30	0x18006C630	member-candidate	L$0H
0x6BA35	0x18006C635	member-candidate	L$hH
0x6BACC	0x18006C6CC	signature	L$ D
0x6BB56	0x18006C756	member-candidate	d$8L
0x6BB5B	0x18006C75B	member-candidate	d$0H
0x6BB83	0x18006C783	member-candidate	T$PH
0x6BC0E	0x18006C80E	member-candidate	D$PA
0x6BC40	0x18006C840	member-candidate	L$dH
0x6BC65	0x18006C865	member-candidate	D$PH
0x6BCC6	0x18006C8C6	member-candidate	D$tH
0x6BD05	0x18006C905	member-candidate	D$hD
0x6BD16	0x18006C916	member-candidate	d$8L
0x6BD1B	0x18006C91B	member-candidate	L$0H
0x6BD20	0x18006C920	member-candidate	T$hH
0x6BDE3	0x18006C9E3	member-candidate	USVWAVAWH
0x6BE7A	0x18006CA7A	member-candidate	L$PH
0x6BF8A	0x18006CB8A	member-candidate	T$TA
0x6BFE1	0x18006CBE1	member-candidate	D$tH
0x6C010	0x18006CC10	member-candidate	T$PH
0x6C08B	0x18006CC8B	member-candidate	D$PH
0x6C0C6	0x18006CCC6	member-candidate	D$PA
0x6C128	0x18006CD28	member-candidate	D$PR
0x6C174	0x18006CD74	member-candidate	L$PA
0x6C186	0x18006CD86	member-candidate	D$TL
0x6C19B	0x18006CD9B	member-candidate	tME89tH
0x6C1A8	0x18006CDA8	member-candidate	D$hD
0x6C1BE	0x18006CDBE	member-candidate	L$0H
0x6C1C3	0x18006CDC3	member-candidate	L$hH
0x6C23B	0x18006CE3B	member-candidate	L$PA
0x6C25A	0x18006CE5A	member-candidate	tIE89tD
0x6C267	0x18006CE67	member-candidate	D$hD
0x6C27D	0x18006CE7D	member-candidate	L$0H
0x6C282	0x18006CE82	member-candidate	L$hH
0x6C34B	0x18006CF4B	member-candidate	d$XH
0x6C3A5	0x18006CFA5	member-candidate	D$hD
0x6C3BF	0x18006CFBF	member-candidate	T$0H
0x6C3C4	0x18006CFC4	member-candidate	T$hH
0x6C449	0x18006D049	member-candidate	D$hD
0x6C463	0x18006D063	member-candidate	T$0H
0x6C468	0x18006D068	member-candidate	T$hH
0x6C6AC	0x18006D2AC	member-candidate	EHE3
0x6C9E0	0x18006D5E0	member-candidate	t$0H
0x6CC00	0x18006D800	member-candidate	D95qD
0x6CD4C	0x18006D94C	member-candidate	t$0H
0x6D0A3	0x18006DCA3	member-candidate	UWAWH
0x6D9F5	0x18006E5F5	member-candidate	D$pH
0x6DA00	0x18006E600	member-candidate	D$pA
0x6DCB4	0x18006E8B4	member-candidate	D$HH
0x6DCCF	0x18006E8CF	member-candidate	D$8H
0x6DEBB	0x18006EABB	member-candidate	D$dA
0x6DF53	0x18006EB53	member-candidate	t$HL
0x6DF6D	0x18006EB6D	member-candidate	t$8L
0x6DF72	0x18006EB72	member-candidate	t$0H
0x6E209	0x18006EE09	member-candidate	t$8H
0x6E213	0x18006EE13	member-candidate	t$0A
0x6E256	0x18006EE56	member-candidate	D$tf
0x6E282	0x18006EE82	member-candidate	t$8A
0x6E28B	0x18006EE8B	member-candidate	t$0L
0x6E365	0x18006EF65	member-candidate	L$dA
0x6E41D	0x18006F01D	member-candidate	t$8H
0x6E422	0x18006F022	member-candidate	L$0H
0x6E427	0x18006F027	member-candidate	L$pH
0x6E42C	0x18006F02C	signature	L$(I
0x6E4A3	0x18006F0A3	signature	L$pD
0x6E4C2	0x18006F0C2	member-candidate	t$8L
0x6E4CC	0x18006F0CC	signature	L$(I
0x6E527	0x18006F127	member-candidate	t$8H
0x6E52C	0x18006F12C	member-candidate	D$0H
0x6E531	0x18006F131	member-candidate	D$pH
0x6E570	0x18006F170	member-candidate	t$HH
0x6E594	0x18006F194	member-candidate	t$8H
0x6E599	0x18006F199	member-candidate	D$0H
0x6E59E	0x18006F19E	member-candidate	D$pH
0x6E6A3	0x18006F2A3	member-candidate	USVWATAVAWH
0x6E8E3	0x18006F4E3	member-candidate	D8g0t
0x6E8F4	0x18006F4F4	member-candidate	D8g1t
0x6E962	0x18006F562	member-candidate	T$XM
0x6E97E	0x18006F57E	member-candidate	D$HA
0x6E9DA	0x18006F5DA	member-candidate	D8g0t
0x6EA73	0x18006F673	member-candidate	D8g0t
0x6EA84	0x18006F684	member-candidate	D8g1t
0x6EBC1	0x18006F7C1	member-candidate	d$0H
0x6EC0C	0x18006F80C	member-candidate	d$8H
0x6ECA1	0x18006F8A1	member-candidate	d$8H
0x6ECA6	0x18006F8A6	member-candidate	D$0H
0x6ED88	0x18006F988	member-candidate	T$0D
0x6EE2D	0x18006FA2D	signature	(|$PD
0x6EE43	0x18006FA43	member-candidate	USVWATAUAVAWH
0x6EEBC	0x18006FABC	member-candidate	L$P3
0x6EFA4	0x18006FBA4	member-candidate	D$pL9
0x6F0F3	0x18006FCF3	member-candidate	D$PA
0x6F1C2	0x18006FDC2	signature	L$XD
0x6F1FA	0x18006FDFA	member-candidate	D$hA
0x6F41B	0x18007001B	member-candidate	t$xH
0x6F54D	0x18007014D	member-candidate	L$PH
0x6F633	0x180070233	member-candidate	USVWATAUAVAWH
0x6F6AC	0x1800702AC	member-candidate	L$x3
0x6F7F3	0x1800703F3	member-candidate	t$8E
0x6F8C6	0x1800704C6	member-candidate	t$HL
0x6F8DF	0x1800704DF	member-candidate	t$8H
0x6FCBA	0x1800708BA	member-candidate	D$P3
0x6FD3A	0x18007093A	member-candidate	D$pH
0x6FD91	0x180070991	member-candidate	D$PA
0x6FDD5	0x1800709D5	member-candidate	wPMc
0x6FE4E	0x180070A4E	member-candidate	t$8A
0x6FE57	0x180070A57	member-candidate	t$0H
0x6FE5C	0x180070A5C	signature	L$(I
0x6FED8	0x180070AD8	member-candidate	D$PR
0x6FF58	0x180070B58	member-candidate	t$8L
0x6FF5D	0x180070B5D	member-candidate	L$0L
0x6FF62	0x180070B62	member-candidate	L$PH
0x6FFDE	0x180070BDE	member-candidate	T$PE
0x701EB	0x180070DEB	member-candidate	D$TH
0x70657	0x180071257	member-candidate	L$0L
0x706F0	0x1800712F0	member-candidate	t$pA
0x70774	0x180071374	member-candidate	L$xH
0x708F3	0x1800714F3	member-candidate	USVWATAUAVAWH
0x7096C	0x18007156C	member-candidate	L$x3
0x70AB3	0x1800716B3	member-candidate	t$8E
0x70B86	0x180071786	member-candidate	t$HL
0x70B9F	0x18007179F	member-candidate	t$8H
0x70F7A	0x180071B7A	member-candidate	D$P3
0x70FFA	0x180071BFA	member-candidate	D$pH
0x71051	0x180071C51	member-candidate	D$PA
0x71095	0x180071C95	member-candidate	wPMc
0x7110E	0x180071D0E	member-candidate	t$8A
0x71117	0x180071D17	member-candidate	t$0H
0x7111C	0x180071D1C	signature	L$(I
0x71198	0x180071D98	member-candidate	D$PR
0x71218	0x180071E18	member-candidate	t$8L
0x7121D	0x180071E1D	member-candidate	L$0L
0x71222	0x180071E22	member-candidate	L$PH
0x7129E	0x180071E9E	member-candidate	T$PE
0x714AB	0x1800720AB	member-candidate	D$TH
0x71917	0x180072517	member-candidate	L$0L
0x719B0	0x1800725B0	member-candidate	t$pA
0x71A34	0x180072634	member-candidate	L$xH
0x71BB3	0x1800727B3	member-candidate	USVWATAUAVAWH
0x71C2C	0x18007282C	member-candidate	L$x3
0x71D73	0x180072973	member-candidate	t$8E
0x71E46	0x180072A46	member-candidate	t$HL
0x71E5F	0x180072A5F	member-candidate	t$8H
0x7223A	0x180072E3A	member-candidate	D$P3
0x722BA	0x180072EBA	member-candidate	D$pH
0x72311	0x180072F11	member-candidate	D$PA
0x72355	0x180072F55	member-candidate	wPMc
0x723CE	0x180072FCE	member-candidate	t$8A
0x723D7	0x180072FD7	member-candidate	t$0H
0x723DC	0x180072FDC	signature	L$(I
0x72458	0x180073058	member-candidate	D$PR
0x724D8	0x1800730D8	member-candidate	t$8L
0x724DD	0x1800730DD	member-candidate	L$0L
0x724E2	0x1800730E2	member-candidate	L$PH
0x7255E	0x18007315E	member-candidate	T$PE
0x7276B	0x18007336B	member-candidate	D$TH
0x72BD7	0x1800737D7	member-candidate	L$0L
0x72C70	0x180073870	member-candidate	t$pA
0x72CF4	0x1800738F4	member-candidate	L$xH
0x72E73	0x180073A73	member-candidate	USWAVAWH
0x7302E	0x180073C2E	member-candidate	d$8A
0x73037	0x180073C37	member-candidate	d$0L
0x73063	0x180073C63	member-candidate	d$8H
0x73068	0x180073C68	member-candidate	T$xL
0x73095	0x180073C95	member-candidate	D$xH
0x7309A	0x180073C9A	member-candidate	T$xH
0x730B7	0x180073CB7	member-candidate	d$8L
0x73106	0x180073D06	member-candidate	D$xH
0x73152	0x180073D52	member-candidate	D$lA
0x7316F	0x180073D6F	member-candidate	T$xD
0x733EC	0x180073FEC	member-candidate	D$hA
0x7346C	0x18007406C	member-candidate	D$hR
0x734E4	0x1800740E4	member-candidate	d$HH
0x734F5	0x1800740F5	member-candidate	L$PL
0x734FA	0x1800740FA	member-candidate	d$8H
0x73502	0x180074102	member-candidate	l$0H
0x7362A	0x18007422A	member-candidate	T$PH
0x73923	0x180074523	member-candidate	USWAVAWH
0x73ADE	0x1800746DE	member-candidate	d$8A
0x73AE7	0x1800746E7	member-candidate	d$0L
0x73B13	0x180074713	member-candidate	d$8H
0x73B18	0x180074718	member-candidate	T$xL
0x73B45	0x180074745	member-candidate	D$xH
0x73B4A	0x18007474A	member-candidate	T$xH
0x73B67	0x180074767	member-candidate	d$8L
0x73BB6	0x1800747B6	member-candidate	D$xH
0x73C02	0x180074802	member-candidate	D$lA
0x73C1F	0x18007481F	member-candidate	T$xD
0x73E9C	0x180074A9C	member-candidate	D$hA
0x73F1C	0x180074B1C	member-candidate	D$hR
0x73F94	0x180074B94	member-candidate	d$HH
0x73FA5	0x180074BA5	member-candidate	L$PL
0x73FAA	0x180074BAA	member-candidate	d$8H
0x73FB2	0x180074BB2	member-candidate	l$0H
0x740DA	0x180074CDA	member-candidate	T$PH
0x743D3	0x180074FD3	member-candidate	USWAVAWH
0x7458E	0x18007518E	member-candidate	d$8A
0x74597	0x180075197	member-candidate	d$0L
0x745C3	0x1800751C3	member-candidate	d$8H
0x745C8	0x1800751C8	member-candidate	T$xL
0x745F5	0x1800751F5	member-candidate	D$xH
0x745FA	0x1800751FA	member-candidate	T$xH
0x74617	0x180075217	member-candidate	d$8L
0x74666	0x180075266	member-candidate	D$xH
0x746B2	0x1800752B2	member-candidate	D$lA
0x746CF	0x1800752CF	member-candidate	T$xD
0x7494C	0x18007554C	member-candidate	D$hA
0x749CC	0x1800755CC	member-candidate	D$hR
0x74A44	0x180075644	member-candidate	d$HH
0x74A55	0x180075655	member-candidate	L$PL
0x74A5A	0x18007565A	member-candidate	d$8H
0x74A62	0x180075662	member-candidate	l$0H
0x74B8A	0x18007578A	member-candidate	T$PH
0x74E8C	0x180075A8C	member-candidate	USVWH
0x7509F	0x180075C9F	member-candidate	t$0L
0x755DD	0x1800761DD	member-candidate	D$0H
0x75A41	0x180076641	signature	(t$`D
0x75A47	0x180076647	signature	(l$pD
0x75C67	0x180076867	member-candidate	UVWATAUAVAWH
0x75E9B	0x180076A9B	member-candidate	D$xH
0x7607D	0x180076C7D	member-candidate	L$PA
0x761B8	0x180076DB8	member-candidate	D$XA
0x7621A	0x180076E1A	member-candidate	L$PA
0x76248	0x180076E48	member-candidate	L$TA
0x76256	0x180076E56	member-candidate	D$PA
0x762BB	0x180076EBB	member-candidate	tRD86tMH
0x762D1	0x180076ED1	member-candidate	t$HL
0x762EA	0x180076EEA	member-candidate	t$8H
0x762EF	0x180076EEF	member-candidate	t$0H
0x767B3	0x1800773B3	member-candidate	USVWATAVAWH
0x7693A	0x18007753A	member-candidate	EkHc
0x77188	0x180077D88	member-candidate	T$0H
0x773D1	0x180077FD1	member-candidate	t$0H
0x774ED	0x1800780ED	member-candidate	t$pH
0x783AB	0x180078FAB	member-candidate	UWAVH
0x789DB	0x1800795DB	member-candidate	UWAVH
0x78AF3	0x1800796F3	member-candidate	T$hH
0x78AFC	0x1800796FC	member-candidate	D$pA
0x78B1F	0x18007971F	member-candidate	D$XH
0x78C4A	0x18007984A	member-candidate	D$tH
0x78DCA	0x1800799CA	member-candidate	D$DH
0x78DF6	0x1800799F6	member-candidate	D$Lh
0x78E17	0x180079A17	member-candidate	D$Pw
0x78E64	0x180079A64	member-candidate	T$8H
0x78E90	0x180079A90	member-candidate	D$8D
0x78F3A	0x180079B3A	member-candidate	D$0H
0x78FCD	0x180079BCD	member-candidate	T$0D
0x78FD7	0x180079BD7	member-candidate	T$8L
0x78FE3	0x180079BE3	member-candidate	L$<H
0x79010	0x180079C10	member-candidate	D$4D
0x7901A	0x180079C1A	member-candidate	T$8L
0x79026	0x180079C26	member-candidate	D$<H
0x790AB	0x180079CAB	member-candidate	D$LR
0x790CB	0x180079CCB	member-candidate	D$0H
0x79153	0x180079D53	member-candidate	UAVAWH
0x79AF1	0x18007A6F1	member-candidate	D$po
0x79C49	0x18007A849	member-candidate	D$pH
0x79C53	0x18007A853	member-candidate	D$pA
0x79E66	0x18007AA66	member-candidate	D$PH
0x79E6F	0x18007AA6F	member-candidate	D$HA
0x79E80	0x18007AA80	member-candidate	D$8H
0x7A0BE	0x18007ACBE	member-candidate	t$dE
0x7A0D5	0x18007ACD5	member-candidate	t$8A
0x7A0DE	0x18007ACDE	member-candidate	t$0L
0x7A11D	0x18007AD1D	member-candidate	D$tfD
0x7A14C	0x18007AD4C	member-candidate	t$8L
0x7A151	0x18007AD51	member-candidate	t$0H
0x7A303	0x18007AF03	signature	L$pD
0x7A322	0x18007AF22	member-candidate	t$8L
0x7A32C	0x18007AF2C	signature	L$(I
0x7A3B9	0x18007AFB9	member-candidate	t$8H
0x7A3BE	0x18007AFBE	member-candidate	L$0H
0x7A3C3	0x18007AFC3	member-candidate	L$pH
0x7A3C8	0x18007AFC8	signature	L$(I
0x7A3F1	0x18007AFF1	member-candidate	D$h33
0x7A457	0x18007B057	member-candidate	T$0H
0x7A45C	0x18007B05C	member-candidate	T$pH
0x7A544	0x18007B144	member-candidate	T$dD
0x7A58E	0x18007B18E	member-candidate	T$0H
0x7A593	0x18007B193	member-candidate	T$pH
0x7A724	0x18007B324	member-candidate	D$PE3
0x7B108	0x18007BD08	member-candidate	D$8H
0x7B3B0	0x18007BFB0	member-candidate	L$$A
0x7B5D1	0x18007C1D1	member-candidate	t$pL
0x7B71E	0x18007C31E	member-candidate	D$8A
0x7B7A8	0x18007C3A8	member-candidate	t$pH
0x7B8C7	0x18007C4C7	member-candidate	l$xH
0x7B977	0x18007C577	member-candidate	<suCA
0x7B9CD	0x18007C5CD	member-candidate	suUA
0x7BA33	0x18007C633	member-candidate	d$hL
0x7BA38	0x18007C638	member-candidate	l$pLc
0x7BAA1	0x18007C6A1	member-candidate	l$pL
0x7BAA6	0x18007C6A6	member-candidate	d$hI
0x7BB85	0x18007C785	member-candidate	UVWATAUAVAWH
0x7BBFA	0x18007C7FA	member-candidate	l$0A
0x7BD6A	0x18007C96A	member-candidate	l$0H
0x7BE9F	0x18007CA9F	member-candidate	l$0H
0x7C374	0x18007CF74	signature	(t$@D
0x7C4BF	0x18007D0BF	signature	(t$@D
0x7C513	0x18007D113	member-candidate	t<fff
0x7C5FA	0x18007D1FA	member-candidate	t$HH
0x7C621	0x18007D221	member-candidate	t$HH
0x7C8C8	0x18007D4C8	member-candidate	t$8H
0x7C9A7	0x18007D5A7	member-candidate	D$0H
0x7D09B	0x18007DC9B	member-candidate	D$$D
0x7D11D	0x18007DD1D	member-candidate	D$$D
0x7D1AD	0x18007DDAD	member-candidate	D$3D
0x7D24E	0x18007DE4E	member-candidate	D$$D
0x7D25B	0x18007DE5B	member-candidate	D$3f
0x7D30B	0x18007DF0B	member-candidate	D$3D
0x7D33F	0x18007DF3F	signature	(|$@D;
0x7DC15	0x18007E815	member-candidate	L$PH
0x7DCB5	0x18007E8B5	signature	L$@I
0x7DCC2	0x18007E8C2	member-candidate	t$0H
0x7DCFB	0x18007E8FB	member-candidate	t$xL
0x7DE6A	0x18007EA6A	member-candidate	t$xM
0x7DEC4	0x18007EAC4	signature	L$`I
0x7DEF1	0x18007EAF1	member-candidate	L$PH
0x7DF9F	0x18007EB9F	member-candidate	l$0H
0x7E432	0x18007F032	member-candidate	D$8L
0x7E445	0x18007F045	member-candidate	D$0H
0x7E488	0x18007F088	member-candidate	t$h3
0x7E496	0x18007F096	member-candidate	d$pL
0x7E49B	0x18007F09B	member-candidate	t$xH
0x7E60B	0x18007F20B	member-candidate	t$xH
0x7E610	0x18007F210	member-candidate	t$hM
0x7E631	0x18007F231	member-candidate	d$pH
0x7E80F	0x18007F40F	member-candidate	D$0H
0x7E84F	0x18007F44F	member-candidate	D$0L
0x7E8FC	0x18007F4FC	member-candidate	L$0L
0x7E90E	0x18007F50E	signature	L$(I
0x7E93C	0x18007F53C	member-candidate	D$0L
0x7EC80	0x18007F880	member-candidate	t$0H
0x7EC85	0x18007F885	member-candidate	T$XD
0x7ECD5	0x18007F8D5	member-candidate	t$0H
0x7ECDA	0x18007F8DA	member-candidate	T$HD
0x7EDD9	0x18007F9D9	member-candidate	t$0H
0x7EE2D	0x18007FA2D	member-candidate	t$0H
0x7EE32	0x18007FA32	member-candidate	T$PD
0x7F12A	0x18007FD2A	signature	(d$@D
0x7F2A3	0x18007FEA3	member-candidate	UVATAUAVAWI
0x7F59E	0x18008019E	member-candidate	L$hA
0x7F5B9	0x1800801B9	member-candidate	D$pH
0x7F5BE	0x1800801BE	member-candidate	T$PH
0x7F5E3	0x1800801E3	member-candidate	D$hA
0x7F61B	0x18008021B	member-candidate	D$xH
0x7F62F	0x18008022F	member-candidate	L$xH
0x7F652	0x180080252	member-candidate	T$PH
0x7F688	0x180080288	member-candidate	T$PA
0x7F993	0x180080593	member-candidate	VWAVH
0x802D4	0x180080ED4	member-candidate	D$xH
0x802D9	0x180080ED9	member-candidate	D$xH
0x802DE	0x180080EDE	member-candidate	D$xH
0x816B4	0x1800822B4	member-candidate	t$HH
0x81750	0x180082350	member-candidate	H98t
0x8212F	0x180082D2F	member-candidate	t$HH
0x82155	0x180082D55	member-candidate	SUVWAVAWH
0x82957	0x180083557	member-candidate	t$8H
0x82B7D	0x18008377D	signature	L$ D
0x82ECB	0x180083ACB	member-candidate	L$$f
0x82F42	0x180083B42	member-candidate	t$HH
0x82F5B	0x180083B5B	member-candidate	VWAVH
0x8324A	0x180083E4A	signature	(|$PI
0x83289	0x180083E89	member-candidate	t$0M
0x83375	0x180083F75	member-candidate	UVWAVAWH
0x83534	0x180084134	signature	(|$PD
0x8353A	0x18008413A	signature	(D$@D
0x8367A	0x18008427A	member-candidate	t$8I
0x8368C	0x18008428C	member-candidate	l$0H
0x83791	0x180084391	member-candidate	l$0H
0x83854	0x180084454	member-candidate	t$8H
0x83C42	0x180084842	member-candidate	D8Cst
0x83EB3	0x180084AB3	member-candidate	SUWH
0x841B4	0x180084DB4	member-candidate	t2ff
0x842A4	0x180084EA4	member-candidate	L$<H
0x846F6	0x1800852F6	member-candidate	unD8
0x84EA9	0x180085AA9	member-candidate	D$0H
0x84EB5	0x180085AB5	member-candidate	D$8H
0x851B6	0x180085DB6	member-candidate	gfff
0x853C3	0x180085FC3	member-candidate	t0fff
0x853FC	0x180085FFC	member-candidate	t$8H
0x855CB	0x1800861CB	member-candidate	t$HH
0x85647	0x180086247	member-candidate	D$HH
0x856AE	0x1800862AE	member-candidate	T$PH
0x85857	0x180086457	member-candidate	L$0H
0x85892	0x180086492	member-candidate	D$<D
0x85A8C	0x18008668C	signature	(L$@D
0x85F63	0x180086B63	member-candidate	t1fff
0x8606C	0x180086C6C	member-candidate	t$PH
0x860E1	0x180086CE1	member-candidate	l$hH
0x860E6	0x180086CE6	member-candidate	t$pH
0x86118	0x180086D18	member-candidate	t$8L
0x8620E	0x180086E0E	member-candidate	L9cHt$L
0x86439	0x180087039	member-candidate	MpHcEhM
0x864B7	0x1800870B7	member-candidate	t$8L
0x865F3	0x1800871F3	member-candidate	t$pH
0x865F8	0x1800871F8	member-candidate	l$hH
0x866C4	0x1800872C4	member-candidate	L$0H
0x86729	0x180087329	member-candidate	t$0I
0x86914	0x180087514	member-candidate	t$0H
0x869E0	0x1800875E0	member-candidate	D$PL
0x86BBF	0x1800877BF	member-candidate	L$03
0x86C15	0x180087815	signature	L$0D
0x86D7B	0x18008797B	member-candidate	L$PH3
0x86E02	0x180087A02	member-candidate	l$pH
0x86E0C	0x180087A0C	member-candidate	t$xH
0x86E2E	0x180087A2E	member-candidate	XL$$
0x86E85	0x180087A85	member-candidate	L$0E3
0x86E9B	0x180087A9B	member-candidate	L$0E3
0x86ED0	0x180087AD0	member-candidate	D$0A
0x86F28	0x180087B28	member-candidate	L$0A
0x86F4D	0x180087B4D	member-candidate	t$xH
0x86F52	0x180087B52	member-candidate	l$pH9
0x86F85	0x180087B85	member-candidate	XK0H
0x87011	0x180087C11	signature	(t$PI
0x87260	0x180087E60	member-candidate	L$0H
0x87265	0x180087E65	member-candidate	D$8H
0x87402	0x180088002	member-candidate	t$hH
0x874FD	0x1800880FD	member-candidate	T$<H
0x87510	0x180088110	member-candidate	T$<H
0x87745	0x180088345	member-candidate	UVWH
0x87926	0x180088526	member-candidate	l$$H
0x87A68	0x180088668	member-candidate	_Jdt
0x87B7C	0x18008877C	member-candidate	D$pz
0x87B9B	0x18008879B	member-candidate	D$PH
0x87D39	0x180088939	member-candidate	D$xH
0x87E1B	0x180088A1B	member-candidate	D$<E
0x87FEE	0x180088BEE	member-candidate	Xo0M
0x8825B	0x180088E5B	member-candidate	l$hL
0x8826E	0x180088E6E	member-candidate	t$lH
0x88273	0x180088E73	member-candidate	T$hH
0x88310	0x180088F10	signature	L$pB
0x8836A	0x180088F6A	member-candidate	d$XA
0x88374	0x180088F74	signature	L$8D
0x883AD	0x180088FAD	member-candidate	l$4E
0x88481	0x180089081	member-candidate	D$<D
0x885D7	0x1800891D7	member-candidate	L$l8
0x8868F	0x18008928F	member-candidate	t$XL
0x886CB	0x1800892CB	signature	L$8t:D
0x88702	0x180089302	member-candidate	l$4H
0x8891B	0x18008951B	member-candidate	XO<H
0x88967	0x180089567	member-candidate	T$HA
0x889D0	0x1800895D0	member-candidate	d$LA
0x88A28	0x180089628	member-candidate	D$dA
0x88AE7	0x1800896E7	member-candidate	D$<D
0x88B2B	0x18008972B	member-candidate	VWAVH
0x88B8D	0x18008978D	member-candidate	T$8H
0x88BDE	0x1800897DE	member-candidate	XL$0
0x88C0C	0x18008980C	member-candidate	XL$4
0x88C71	0x180089871	member-candidate	XT$0
0x88DB3	0x1800899B3	member-candidate	XK4H
0x88E74	0x180089A74	member-candidate	_sdA
0x88F73	0x180089B73	member-candidate	USWATAUAWH
0x8913C	0x180089D3C	member-candidate	T$4H
0x89287	0x180089E87	member-candidate	t$LE
0x892CA	0x180089ECA	member-candidate	D$HD
0x8937F	0x180089F7F	member-candidate	D$PD
0x893CF	0x180089FCF	member-candidate	D9mp
0x8943B	0x18008A03B	member-candidate	XG4E
0x89494	0x18008A094	member-candidate	t$0D
0x8949A	0x18008A09A	member-candidate	t$1D
0x894A6	0x18008A0A6	member-candidate	D$lA
0x894C6	0x18008A0C6	member-candidate	t$hfD
0x894CC	0x18008A0CC	member-candidate	t$iD
0x894F7	0x18008A0F7	member-candidate	t$dfD
0x894FD	0x18008A0FD	member-candidate	t$eD
0x8950E	0x18008A10E	member-candidate	L$lE
0x8951E	0x18008A11E	member-candidate	D$dH
0x8956B	0x18008A16B	member-candidate	L$pK
0x895A2	0x18008A1A2	member-candidate	D$PA
0x895C2	0x18008A1C2	member-candidate	t$TfD
0x895C8	0x18008A1C8	member-candidate	t$UD
0x895D3	0x18008A1D3	member-candidate	D$8A
0x895F3	0x18008A1F3	member-candidate	t$4fD
0x895F9	0x18008A1F9	member-candidate	t$5D
0x8960A	0x18008A20A	member-candidate	L$TE
0x8961A	0x18008A21A	member-candidate	D$8H
0x896DE	0x18008A2DE	member-candidate	L$tH
0x897A7	0x18008A3A7	member-candidate	UVWATAUAVAWH
0x8980F	0x18008A40F	member-candidate	D$xD
0x89814	0x18008A414	member-candidate	l$PA
0x8983A	0x18008A43A	member-candidate	D$XE
0x89A54	0x18008A654	member-candidate	D$pE
0x89B16	0x18008A716	member-candidate	l$Pt
0x89B8D	0x18008A78D	member-candidate	D$XA
0x89BBB	0x18008A7BB	member-candidate	d$xH
0x89D6A	0x18008A96A	member-candidate	t$HI
0x89D86	0x18008A986	member-candidate	L$Lv
0x89DB1	0x18008A9B1	member-candidate	T$HI
0x89DED	0x18008A9ED	member-candidate	D$0H
0x89DF6	0x18008A9F6	member-candidate	D$XH
0x89ED3	0x18008AAD3	member-candidate	UVWI
0x89F83	0x18008AB83	member-candidate	D$pA
0x89F8C	0x18008AB8C	member-candidate	L$HH
0x89FA1	0x18008ABA1	member-candidate	L$HH
0x89FDD	0x18008ABDD	member-candidate	l$TD
0x89FE2	0x18008ABE2	member-candidate	T$Pu
0x8A008	0x18008AC08	class	s/Hc
0x8A03F	0x18008AC3F	member-candidate	D$DD
0x8A290	0x18008AE90	member-candidate	D$Xt
0x8A42F	0x18008B02F	member-candidate	T$AA
0x8A6B8	0x18008B2B8	member-candidate	tiH9
0x8A7D1	0x18008B3D1	member-candidate	l$PA
0x8AA18	0x18008B618	member-candidate	T$xM
0x8AA9E	0x18008B69E	member-candidate	D8d$DtEA
0x8AC15	0x18008B815	member-candidate	D$HD
0x8AC35	0x18008B835	member-candidate	D$HE
0x8AD6A	0x18008B96A	member-candidate	D$Xu
0x8AE80	0x18008BA80	member-candidate	_L$h
0x8AE99	0x18008BA99	member-candidate	D$HE
0x8AEA8	0x18008BAA8	member-candidate	G<D8
0x8AEBC	0x18008BABC	member-candidate	_D$l
0x8AEC9	0x18008BAC9	member-candidate	D$lA
0x8AED8	0x18008BAD8	member-candidate	D$lA
0x8AF7B	0x18008BB7B	member-candidate	G4tBA
0x8AF9B	0x18008BB9B	member-candidate	u$Hc
0x8B07B	0x18008BC7B	member-candidate	YG0E3
0x8B296	0x18008BE96	member-candidate	L$AA
0x8B2B2	0x18008BEB2	member-candidate	L$AA
0x8BA7D	0x18008C67D	member-candidate	L$AH
0x8BA88	0x18008C688	member-candidate	d$0H
0x8BE1B	0x18008CA1B	member-candidate	D8d$Dt
0x8C082	0x18008CC82	member-candidate	twH9
0x8C08B	0x18008CC8B	member-candidate	unD9
0x8C5F2	0x18008D1F2	member-candidate	l$0H
0x8C60E	0x18008D20E	member-candidate	t$HL
0x8C6A6	0x18008D2A6	member-candidate	tTH9
0x8C722	0x18008D322	member-candidate	t$8H
0x8C8B9	0x18008D4B9	member-candidate	t$HH
0x8CA94	0x18008D694	member-candidate	t$ff
0x8CEE4	0x18008DAE4	member-candidate	l$0L
0x8D02F	0x18008DC2F	member-candidate	l$0L
0x8D034	0x18008DC34	member-candidate	t$8H
0x8D03E	0x18008DC3E	member-candidate	t$HH
0x8D130	0x18008DD30	signature	L$0I
0x8D192	0x18008DD92	member-candidate	l$PM
0x8D1A4	0x18008DDA4	member-candidate	d$XL
0x8D242	0x18008DE42	member-candidate	d$XH
0x8D2CD	0x18008DECD	member-candidate	l$PH
0x8D2FB	0x18008DEFB	member-candidate	t$PH
0x8D52A	0x18008E12A	member-candidate	t$PH
0x8D52F	0x18008E12F	member-candidate	l$HH
0x8D624	0x18008E224	member-candidate	QxHc
0x8D6A6	0x18008E2A6	member-candidate	HcBt
0x8D811	0x18008E411	member-candidate	D$$A3
0x8DA7B	0x18008E67B	member-candidate	D$8H
0x8DAA7	0x18008E6A7	member-candidate	T$0H
0x8DCFC	0x18008E8FC	member-candidate	L$pfA
0x8DE61	0x18008EA61	member-candidate	t$8L
0x8DE89	0x18008EA89	member-candidate	l$HH
0x8DEFA	0x18008EAFA	member-candidate	t$8H
0x8DEFF	0x18008EAFF	member-candidate	l$HH
0x8F3FA	0x18008FFFA	member-candidate	e4E3
0x8F8A5	0x1800904A5	member-candidate	D$0H
0x8F8B1	0x1800904B1	member-candidate	D$8H
0x8F921	0x180090521	member-candidate	D$0H
0x8F92D	0x18009052D	member-candidate	D$8H
0x8F9A2	0x1800905A2	member-candidate	D$0H
0x8F9AE	0x1800905AE	member-candidate	D$8H
0x8FAA3	0x1800906A3	member-candidate	SAUH
0x8FAB6	0x1800906B6	member-candidate	D$HI
0x8FAFC	0x1800906FC	member-candidate	t$$E2
0x8FB32	0x180090732	member-candidate	D$09
0x8FBC2	0x1800907C2	member-candidate	uNKcT
0x8FD89	0x180090989	member-candidate	t6Ic
0x8FDC4	0x1800909C4	signature	L$!D
0x8FFAA	0x180090BAA	member-candidate	t$XI
0x90180	0x180090D80	member-candidate	L$HH3
0x904BB	0x1800910BB	member-candidate	t$8H
0x904CD	0x1800910CD	member-candidate	t$8H
0x9055B	0x18009115B	member-candidate	d$0H
0x90560	0x180091160	member-candidate	l$XL
0x906CF	0x1800912CF	member-candidate	l$XL
0x906D9	0x1800912D9	member-candidate	d$0H
0x90B44	0x180091744	member-candidate	t$pH
0x90C8C	0x18009188C	member-candidate	XO4A
0x90FA3	0x180091BA3	member-candidate	SUVWH
0x91287	0x180091E87	signature	(|$pD
0x9128D	0x180091E8D	signature	(D$`D
0x91293	0x180091E93	signature	(L$PD
0x91B2D	0x18009272D	member-candidate	t$8H
0x91B43	0x180092743	member-candidate	SUVWH
0x91B6C	0x18009276C	member-candidate	D$HH
0x91D2F	0x18009292F	member-candidate	T$8A
0x91F11	0x180092B11	member-candidate	t$8H
0x91F6C	0x180092B6C	member-candidate	L$HH3
0x92199	0x180092D99	signature	(|$0D
0x9219F	0x180092D9F	signature	(D$ D
0x92476	0x180093076	signature	(\$0D
0x925A0	0x1800931A0	signature	(T$@D
0x9293E	0x18009353E	member-candidate	L$0H
0x92992	0x180093592	member-candidate	D$TH
0x929A3	0x1800935A3	member-candidate	D$0H
0x929BC	0x1800935BC	member-candidate	D$DHc
0x929FE	0x1800935FE	member-candidate	D$DH
0x92A49	0x180093649	member-candidate	L$Pt
0x92AF7	0x1800936F7	member-candidate	L$0Hk
0x92C20	0x180093820	member-candidate	t$8H
0x92EC2	0x180093AC2	member-candidate	D$8L
0x92F0E	0x180093B0E	signature	L$ D
0x92F2C	0x180093B2C	member-candidate	L$8H3
0x92F4C	0x180093B4C	member-candidate	L$8H3
0x9325E	0x180093E5E	signature	(|$@D
0x93264	0x180093E64	signature	(D$0D
0x9326A	0x180093E6A	signature	(L$ D
0x936CD	0x1800942CD	member-candidate	M7H3
0x9375C	0x18009435C	member-candidate	Y5Rm
0x9382C	0x18009442C	member-candidate	t$8H
0x93886	0x180094486	member-candidate	t$8f
0x93926	0x180094526	member-candidate	t$8f
0x93A1A	0x18009461A	member-candidate	thH9
0x93A95	0x180094695	member-candidate	VWAVH
0x93B85	0x180094785	member-candidate	l$HI
0x93C08	0x180094808	member-candidate	I91t
0x93DAD	0x1800949AD	member-candidate	l$HH
0x94304	0x180094F04	member-candidate	zMuK
0x9430B	0x180094F0B	member-candidate	zFuD
0x94381	0x180094F81	signature	(d$0D
0x94387	0x180094F87	signature	(\$@D
0x9438D	0x180094F8D	signature	(T$PA;
0x943D8	0x180094FD8	member-candidate	z8u6
0x9441F	0x18009501F	member-candidate	zrup
0x94662	0x180095262	member-candidate	L$$H
0x948D1	0x1800954D1	signature	(|$PD
0x948D7	0x1800954D7	signature	(D$@D
0x949ED	0x1800955ED	member-candidate	uJE9
0x94A3F	0x18009563F	member-candidate	tSE9
0x951F3	0x180095DF3	member-candidate	SUWAVH
0x9520B	0x180095E0B	member-candidate	D$pH
0x9549E	0x18009609E	member-candidate	t$$H
0x957ED	0x1800963ED	member-candidate	t$$D
0x95C38	0x180096838	member-candidate	L$pH3
0x963A8	0x180096FA8	signature	(l$0D
0x963AE	0x180096FAE	signature	(d$@D
0x963B4	0x180096FB4	signature	(\$PD
0x963BA	0x180096FBA	signature	(L$pD
0x9647B	0x18009707B	member-candidate	t$hL
0x9648A	0x18009708A	member-candidate	t$PE3
0x96499	0x180097099	member-candidate	t$TA
0x96523	0x180097123	member-candidate	t$hH
0x967BB	0x1800973BB	member-candidate	D$TA
0x967CE	0x1800973CE	member-candidate	D$XH
0x9686A	0x18009746A	member-candidate	t$hH
0x96A83	0x180097683	member-candidate	CuE3
0x96A88	0x180097688	member-candidate	D8Ctu
0x96AB5	0x1800976B5	member-candidate	D8Ctu
0x96AFA	0x1800976FA	member-candidate	WAVAWH
0x96B35	0x180097735	member-candidate	l$Pu
0x96BCA	0x1800977CA	member-candidate	l$Pu
0x970E5	0x180097CE5	member-candidate	l$0D
0x97153	0x180097D53	member-candidate	l$0H
0x97173	0x180097D73	member-candidate	SVWATH
0x97A6A	0x18009866A	member-candidate	t$XH
0x97D74	0x180098974	member-candidate	t$p3
0x98059	0x180098C59	signature	L$`I
0x9808D	0x180098C8D	member-candidate	t$pH
0x9822D	0x180098E2D	member-candidate	D$8H
0x984BE	0x1800990BE	member-candidate	D$PH
0x984D9	0x1800990D9	member-candidate	T$PH
0x98599	0x180099199	member-candidate	L$PH
0x985C8	0x1800991C8	member-candidate	D$PL
0x9866B	0x18009926B	member-candidate	l$0H
0x9883F	0x18009943F	member-candidate	UVWATAUAVAWH
0x9886A	0x18009946A	member-candidate	D$hE
0x988BF	0x1800994BF	member-candidate	l$pL
0x98966	0x180099566	signature	[uwH;
0x98A09	0x180099609	member-candidate	t$hH
0x98A0E	0x18009960E	member-candidate	l$pH
0x98D10	0x180099910	member-candidate	t7HcP
0x98D76	0x180099976	member-candidate	D$0I
0x98D88	0x180099988	member-candidate	L$$H
0x98DA4	0x1800999A4	member-candidate	L$$f
0x98DB3	0x1800999B3	member-candidate	L$$H
0x98DD6	0x1800999D6	member-candidate	L$$f
0x98E2F	0x180099A2F	member-candidate	L$0H3
0x99253	0x180099E53	member-candidate	t$pA
0x99320	0x180099F20	member-candidate	l$hH
0x993EB	0x180099FEB	member-candidate	t$HH
0x99597	0x18009A197	member-candidate	L$HH
0x99640	0x18009A240	member-candidate	AUAVH
0x99703	0x18009A303	member-candidate	l$XHcC
0x997F3	0x18009A3F3	member-candidate	l$XD
0x99853	0x18009A453	member-candidate	SVWH
0x99B9D	0x18009A79D	member-candidate	D$0D
0x99BA2	0x18009A7A2	signature	L$6;
0x99BDD	0x18009A7DD	member-candidate	D$0Hc
0x9A020	0x18009AC20	member-candidate	t$8H
0x9A040	0x18009AC40	member-candidate	l$0H
0x9A048	0x18009AC48	member-candidate	t$8A
0x9A0AF	0x18009ACAF	member-candidate	t$8H
0x9A0B4	0x18009ACB4	member-candidate	l$0M
0x9A2EF	0x18009AEEF	member-candidate	t$8H
0x9A89A	0x18009B49A	member-candidate	t$0H
0x9A9DA	0x18009B5DA	member-candidate	t$0H
0x9AC1E	0x18009B81E	member-candidate	t$0H
0x9AE2F	0x18009BA2F	member-candidate	t$0H
0x9B108	0x18009BD08	member-candidate	l$0A
0x9B1AE	0x18009BDAE	member-candidate	t$0H
0x9B5AF	0x18009C1AF	member-candidate	t$0H
0x9B69E	0x18009C29E	member-candidate	t$0H
0x9B77E	0x18009C37E	member-candidate	t$0H
0x9B8EF	0x18009C4EF	member-candidate	t$0H
0x9BBFF	0x18009C7FF	member-candidate	SATH
0x9BC4B	0x18009C84B	member-candidate	l$HA
0x9BC5C	0x18009C85C	member-candidate	t$XL
0x9BDED	0x18009C9ED	member-candidate	D9d$
0x9BF34	0x18009CB34	member-candidate	l$HH
0x9BF3E	0x18009CB3E	member-candidate	t$XH
0x9C5BE	0x18009D1BE	member-candidate	D$PI
0x9C5D4	0x18009D1D4	member-candidate	t$0H
0x9C616	0x18009D216	member-candidate	Hct$4
0x9C631	0x18009D231	member-candidate	t$0L
0x9C652	0x18009D252	member-candidate	L$<H
0x9C6E4	0x18009D2E4	member-candidate	L$PH3
0x9CD08	0x18009D908	member-candidate	i8Lc
0x9D185	0x18009DD85	member-candidate	L$HH
0x9D196	0x18009DD96	member-candidate	T$PMk
0x9D1B1	0x18009DDB1	signature	L$XfC
0x9D1D5	0x18009DDD5	member-candidate	D$0fB
0x9D1DF	0x18009DDDF	member-candidate	D$8fB
0x9D209	0x18009DE09	member-candidate	D$0Ik
0x9D217	0x18009DE17	member-candidate	D$8fB
0x9D227	0x18009DE27	member-candidate	D$PfB
0x9D232	0x18009DE32	member-candidate	D$XfB
0x9D2D6	0x18009DED6	member-candidate	t$xL
0x9D2EA	0x18009DEEA	member-candidate	D$dH
0x9D383	0x18009DF83	member-candidate	D$P3
0x9D4E5	0x18009E0E5	member-candidate	T$TE3
0x9D4ED	0x18009E0ED	member-candidate	D$XE3
0x9D508	0x18009E108	member-candidate	D$pHk
0x9D533	0x18009E133	member-candidate	t$HH
0x9D53F	0x18009E13F	member-candidate	T$8A
0x9D547	0x18009E147	member-candidate	D$0D
0x9D55D	0x18009E15D	signature	L$PD
0x9D575	0x18009E175	member-candidate	D$pH
0x9D57C	0x18009E17C	member-candidate	T$XHk
0x9D5DB	0x18009E1DB	member-candidate	HcD$dH
0x9D60E	0x18009E20E	member-candidate	t0Ic
0x9D690	0x18009E290	member-candidate	T$TD
0x9D6BB	0x18009E2BB	member-candidate	t$HH
0x9D6C7	0x18009E2C7	member-candidate	T$8A
0x9D6CF	0x18009E2CF	member-candidate	D$0D
0x9DDA4	0x18009E9A4	member-candidate	$>Ic
0x9E10E	0x18009ED0E	signature	L$0A;
0x9E17E	0x18009ED7E	member-candidate	HcA0Hk
0x9E188	0x18009ED88	member-candidate	D$0H
0x9E198	0x18009ED98	member-candidate	D$8f
0x9E1B7	0x18009EDB7	member-candidate	D$Hf
0x9E23C	0x18009EE3C	member-candidate	HcA0H
0x9E307	0x18009EF07	member-candidate	IcC0I
0x9E3B5	0x18009EFB5	member-candidate	HcA0H
0x9E5AE	0x18009F1AE	member-candidate	UVWATAUAVAWH
0x9E6E1	0x18009F2E1	member-candidate	D$PH
0x9E6E6	0x18009F2E6	member-candidate	D$xL
0x9E723	0x18009F323	member-candidate	t$xF
0x9E7B3	0x18009F3B3	member-candidate	T$xD
0x9E82F	0x18009F42F	member-candidate	l$dH
0x9E9AB	0x18009F5AB	member-candidate	L$0H
0x9EA56	0x18009F656	member-candidate	L$0H
0x9EA9E	0x18009F69E	member-candidate	L$DL
0x9EB2D	0x18009F72D	member-candidate	L$0H
0x9EBDD	0x18009F7DD	member-candidate	L$0H
0x9EC1A	0x18009F81A	member-candidate	D$HHc
0x9ECDA	0x18009F8DA	member-candidate	L$0H
0x9ED9F	0x18009F99F	member-candidate	L$0H
0x9EE0D	0x18009FA0D	member-candidate	L$DA
0x9EF05	0x18009FB05	member-candidate	D$pf
0x9EF2F	0x18009FB2F	member-candidate	D$H3
0x9EFAF	0x18009FBAF	member-candidate	D$HfA
0x9EFCD	0x18009FBCD	member-candidate	D$xH
0x9EFE5	0x18009FBE5	member-candidate	t$xB
0x9F108	0x18009FD08	member-candidate	XD$H
0x9F182	0x18009FD82	member-candidate	L$0H
0x9F26A	0x18009FE6A	member-candidate	L$DA
0x9F369	0x18009FF69	member-candidate	L$0H
0x9F3BE	0x18009FFBE	member-candidate	t$xE
0x9F3C7	0x18009FFC7	member-candidate	T$xH
0x9F3EB	0x18009FFEB	member-candidate	D$Pf
0x9F40B	0x1800A000B	member-candidate	t$xB
0x9F427	0x1800A0027	member-candidate	t$xB
0x9F448	0x1800A0048	member-candidate	t$xB
0x9F469	0x1800A0069	member-candidate	t$xB
0x9F63D	0x1800A023D	member-candidate	t2Hc
0x9F65C	0x1800A025C	member-candidate	D$HH
0x9F749	0x1800A0349	member-candidate	Ed$<
0x9F7EE	0x1800A03EE	member-candidate	t7fA
0x9F8BC	0x1800A04BC	member-candidate	L$XH3
0x9FA3D	0x1800A063D	signature	(t$ D
0x9FAE0	0x1800A06E0	member-candidate	zuusf
0x9FB24	0x1800A0724	member-candidate	t$0H
0x9FEAE	0x1800A0AAE	member-candidate	D$0A
0xA0029	0x1800A0C29	signature	(l$`D
0xA002F	0x1800A0C2F	signature	(d$pD
0xA0060	0x1800A0C60	signature	(t$PI
0xA011E	0x1800A0D1E	member-candidate	L$0H
0xA01F6	0x1800A0DF6	member-candidate	L$P3
0xA0329	0x1800A0F29	member-candidate	L$PH
0xA0346	0x1800A0F46	member-candidate	T$8L
0xA0371	0x1800A0F71	member-candidate	L$8A
0xA03D6	0x1800A0FD6	member-candidate	L$PH
0xA03FB	0x1800A0FFB	member-candidate	T$0A
0xA0935	0x1800A1535	member-candidate	SWAUAWH
0xA0A67	0x1800A1667	member-candidate	l$xf
0xA0B7E	0x1800A177E	member-candidate	L$pH
0xA0D91	0x1800A1991	member-candidate	t$0A
0xA0DD7	0x1800A19D7	signature	(d$`D
0xA0DDD	0x1800A19DD	signature	(\$pD
0xA10FC	0x1800A1CFC	member-candidate	T$8A
0xA12C3	0x1800A1EC3	signature	(|$`I
0xA1307	0x1800A1F07	member-candidate	L$hE3
0xA130E	0x1800A1F0E	member-candidate	T$pL
0xA1313	0x1800A1F13	member-candidate	t$xD
0xA1365	0x1800A1F65	member-candidate	D$hI
0xA13EF	0x1800A1FEF	member-candidate	D$h3
0xA1457	0x1800A2057	member-candidate	T$XA
0xA1462	0x1800A2062	member-candidate	T$PH
0xA150B	0x1800A210B	member-candidate	T$HH
0xA154A	0x1800A214A	member-candidate	T$0A
0xA1613	0x1800A2213	member-candidate	D$hI
0xA16D9	0x1800A22D9	member-candidate	D$xH
0xA1989	0x1800A2589	member-candidate	d$hL
0xA198E	0x1800A258E	member-candidate	l$pMc
0xA1B93	0x1800A2793	member-candidate	l$pL
0xA1B98	0x1800A2798	member-candidate	d$hH
0xA1C0E	0x1800A280E	member-candidate	l$xM
0xA1D84	0x1800A2984	member-candidate	xCff
0xA1E07	0x1800A2A07	member-candidate	l$xH
0xA1E33	0x1800A2A33	member-candidate	SUVWATAUAVAWH
0xA1EE1	0x1800A2AE1	member-candidate	D$HH
0xA1EF0	0x1800A2AF0	member-candidate	D$8H
0xA1EF5	0x1800A2AF5	member-candidate	D$dH
0xA1F55	0x1800A2B55	member-candidate	L$pL
0xA2103	0x1800A2D03	member-candidate	o<tu
0xA211D	0x1800A2D1D	member-candidate	U<Ou
0xA2DB2	0x1800A39B2	member-candidate	IcPXI
0xA2DC0	0x1800A39C0	member-candidate	H98t
0xA338A	0x1800A3F8A	member-candidate	WAVAWH
0xA33AF	0x1800A3FAF	member-candidate	FxI9F
0xA33B9	0x1800A3FB9	member-candidate	FpI9F
0xA342D	0x1800A402D	member-candidate	t$PH
0xA35D8	0x1800A41D8	signature	(|$@D
0xA35DE	0x1800A41DE	signature	(D$0D
0xA3629	0x1800A4229	member-candidate	t6Hc
0xA3788	0x1800A4388	member-candidate	CHfD
0xA37A1	0x1800A43A1	signature	L$xfD
0xA39E6	0x1800A45E6	member-candidate	C8E3
0xA3E09	0x1800A4A09	member-candidate	D$0A
0xA3F70	0x1800A4B70	member-candidate	CHfD
0xA3F90	0x1800A4B90	member-candidate	CHfD
0xA3F99	0x1800A4B99	member-candidate	CHfD
0xA3FA2	0x1800A4BA2	member-candidate	CHfD
0xA3FB8	0x1800A4BB8	member-candidate	CHfD
0xA3FC1	0x1800A4BC1	member-candidate	CHfD
0xA3FCF	0x1800A4BCF	member-candidate	CHfD
0xA3FD8	0x1800A4BD8	member-candidate	CHfD
0xA3FE1	0x1800A4BE1	member-candidate	CHfD
0xA3FF2	0x1800A4BF2	member-candidate	CHfD
0xA3FFB	0x1800A4BFB	member-candidate	CHfD
0xA400F	0x1800A4C0F	member-candidate	CHfD
0xA4036	0x1800A4C36	signature	(d$PD
0xA403C	0x1800A4C3C	signature	(\$`D
0xA41E5	0x1800A4DE5	member-candidate	L$0E
0xA42EE	0x1800A4EEE	member-candidate	CHfD
0xA42F7	0x1800A4EF7	member-candidate	CHD8
0xA430A	0x1800A4F0A	member-candidate	CHfD
0xA4313	0x1800A4F13	member-candidate	CHfD
0xA435A	0x1800A4F5A	member-candidate	CHfD
0xA4363	0x1800A4F63	member-candidate	CHfD
0xA436C	0x1800A4F6C	member-candidate	CHfD
0xA44CA	0x1800A50CA	member-candidate	L$0H
0xA44D3	0x1800A50D3	member-candidate	D$$D
0xA44D8	0x1800A50D8	signature	(l$@D
0xA472D	0x1800A532D	member-candidate	SVWAVH
0xA4B37	0x1800A5737	member-candidate	CHfD
0xA4B4E	0x1800A574E	signature	(\$ D
0xA4C20	0x1800A5820	signature	(L$@D
0xA4C9F	0x1800A589F	member-candidate	IcVPI
0xA4CCD	0x1800A58CD	member-candidate	t$hL
0xA4CD2	0x1800A58D2	member-candidate	l$xL
0xA4D0E	0x1800A590E	member-candidate	T$pD
0xA4DAE	0x1800A59AE	member-candidate	T$pL
0xA4DBC	0x1800A59BC	member-candidate	l$xHc
0xA4EA0	0x1800A5AA0	member-candidate	t$hE
0xA4F15	0x1800A5B15	member-candidate	WAVAWH
0xA4F7F	0x1800A5B7F	member-candidate	IcWPI
0xA5074	0x1800A5C74	member-candidate	IcOP
0xA50C5	0x1800A5CC5	signature	(D$PD
0xA51EC	0x1800A5DEC	member-candidate	HcUPI
0xA5428	0x1800A6028	member-candidate	HcMPH
0xA5449	0x1800A6049	member-candidate	D$0H
0xA54EE	0x1800A60EE	member-candidate	HcMPH
0xA5514	0x1800A6114	signature	(|$pD
0xA551A	0x1800A611A	signature	(D$`D
0xA5520	0x1800A6120	signature	(L$PD
0xA5709	0x1800A6309	member-candidate	IcOP
0xA573F	0x1800A633F	signature	(D$`D
0xA5745	0x1800A6345	signature	(L$PD
0xA574B	0x1800A634B	signature	(T$@D
0xA5A9F	0x1800A669F	signature	(|$`I
0xA5C0D	0x1800A680D	member-candidate	T$0H
0xA5C2A	0x1800A682A	member-candidate	T$0A
0xA5E27	0x1800A6A27	signature	(t$`I
0xA5ECF	0x1800A6ACF	member-candidate	HcNPH
0xA5F02	0x1800A6B02	signature	(t$PA;
0xA5F2E	0x1800A6B2E	member-candidate	HcNP3
0xA6034	0x1800A6C34	member-candidate	d$4H
0xA609D	0x1800A6C9D	member-candidate	SUVWH
0xA63BB	0x1800A6FBB	signature	(|$ D
0xA63E5	0x1800A6FE5	member-candidate	ATAVAWH
0xA644B	0x1800A704B	member-candidate	HcVPH
0xA6490	0x1800A7090	member-candidate	HcVPH
0xA64D1	0x1800A70D1	member-candidate	HcVPH
0xA64E0	0x1800A70E0	member-candidate	D$xD
0xA64E5	0x1800A70E5	member-candidate	L$pH
0xA6535	0x1800A7135	member-candidate	ATAVAWH
0xA659B	0x1800A719B	member-candidate	HcVPH
0xA65E0	0x1800A71E0	member-candidate	HcVPH
0xA6621	0x1800A7221	member-candidate	HcVPH
0xA665C	0x1800A725C	member-candidate	t$PH
0xA67A0	0x1800A73A0	member-candidate	HcWPH
0xA67B1	0x1800A73B1	member-candidate	HcOPH
0xA68BB	0x1800A74BB	member-candidate	ApH9
0xA6980	0x1800A7580	member-candidate	D$0H
0xA699E	0x1800A759E	member-candidate	D$0H
0xA69A3	0x1800A75A3	member-candidate	D$0H
0xA69C1	0x1800A75C1	member-candidate	t$xH
0xA6A1E	0x1800A761E	member-candidate	t$xH
0xA6A23	0x1800A7623	member-candidate	t$pH9B
0xA6A2E	0x1800A762E	member-candidate	ApH9
0xA6B0D	0x1800A770D	member-candidate	t$xtCHc
0xA6B57	0x1800A7757	member-candidate	t$pL
0xA6B81	0x1800A7781	member-candidate	l$0H
0xA6C26	0x1800A7826	member-candidate	l$8H
0xA6CBC	0x1800A78BC	member-candidate	t$PL
0xA6CC1	0x1800A78C1	member-candidate	d$hE3
0xA6D51	0x1800A7951	member-candidate	d$hH
0xA6D56	0x1800A7956	member-candidate	t$PH
0xA6D7B	0x1800A797B	member-candidate	ATAWH
0xA70CE	0x1800A7CCE	member-candidate	t$8H
0xA70D8	0x1800A7CD8	member-candidate	t$PH
0xA70E2	0x1800A7CE2	member-candidate	l$HH
0xA72B8	0x1800A7EB8	member-candidate	HcHD
0xA761C	0x1800A821C	signature	(|$@D
0xA7622	0x1800A8222	signature	(D$0D
0xA7628	0x1800A8228	signature	(L$ D
0xA795F	0x1800A855F	member-candidate	qpE3
0xA7964	0x1800A8564	member-candidate	HcAhH
0xA79A3	0x1800A85A3	member-candidate	t>fff
0xA79F3	0x1800A85F3	member-candidate	HcGxH
0xA7A1D	0x1800A861D	member-candidate	wpHcGhH
0xA7B86	0x1800A8786	member-candidate	HcAhH
0xA7BC2	0x1800A87C2	member-candidate	KpHc
0xA7C95	0x1800A8895	member-candidate	t$8H
0xA7D1F	0x1800A891F	member-candidate	OpHcGhH
0xA83B0	0x1800A8FB0	member-candidate	fA99f
0xA83DC	0x1800A8FDC	member-candidate	f9s0f
0xA8406	0x1800A9006	member-candidate	S0fD
0xA84CD	0x1800A90CD	member-candidate	D$0H
0xA84EE	0x1800A90EE	member-candidate	D8k5
0xA85AC	0x1800A91AC	member-candidate	LcFhH
0xA8658	0x1800A9258	member-candidate	HcNhH
0xA86B7	0x1800A92B7	member-candidate	HcFxI
0xA87BB	0x1800A93BB	member-candidate	HcNxL
0xA87D4	0x1800A93D4	member-candidate	M9nxu
0xA8862	0x1800A9462	class	fD9/t
0xA88FE	0x1800A94FE	member-candidate	L$0H3
0xA8C12	0x1800A9812	member-candidate	H98u
0xA8C37	0x1800A9837	member-candidate	t$HH
0xA8E8B	0x1800A9A8B	member-candidate	HcAhH
0xA8E91	0x1800A9A91	member-candidate	l$HL
0xA8E96	0x1800A9A96	member-candidate	d$XE3
0xA8EAC	0x1800A9AAC	member-candidate	t$PI
0xA8F61	0x1800A9B61	member-candidate	d$XL
0xA8F9D	0x1800A9B9D	member-candidate	wpHcGhI
0xA9009	0x1800A9C09	member-candidate	wpHcGhM
0xA9062	0x1800A9C62	member-candidate	t$PH
0xA906C	0x1800A9C6C	member-candidate	l$HL
0xA9080	0x1800A9C80	member-candidate	ATAWH
0xA9098	0x1800A9C98	member-candidate	ypHcAhM
0xA90B2	0x1800A9CB2	member-candidate	l$hH
0xA90B7	0x1800A9CB7	member-candidate	t$pH
0xA90C1	0x1800A9CC1	member-candidate	l$8A
0xA91EB	0x1800A9DEB	member-candidate	t$0L
0xA91F0	0x1800A9DF0	member-candidate	l$8H
0xA91FA	0x1800A9DFA	member-candidate	t$pH
0xA91FF	0x1800A9DFF	member-candidate	l$hH
0xA9221	0x1800A9E21	member-candidate	YpHcAhH
0xA9229	0x1800A9E29	member-candidate	l$0H
0xA923A	0x1800A9E3A	member-candidate	t$8E3
0xA9273	0x1800A9E73	member-candidate	t$8H
0xA927D	0x1800A9E7D	member-candidate	HcExH
0xA9283	0x1800A9E83	member-candidate	l$0H
0xA9294	0x1800A9E94	member-candidate	t_ff
0xA92FC	0x1800A9EFC	member-candidate	t$HH
0xA93EE	0x1800A9FEE	signature	L$ I
0xA9436	0x1800AA036	member-candidate	O$Hc
0xA945B	0x1800AA05B	member-candidate	O$Hc
0xA94C9	0x1800AA0C9	member-candidate	G$Lc
0xA953B	0x1800AA13B	member-candidate	DD$0A
0xA956F	0x1800AA16F	member-candidate	G$Lc
0xA95FD	0x1800AA1FD	member-candidate	j$Lc
0xA9648	0x1800AA248	member-candidate	oB0f
0xA969B	0x1800AA29B	member-candidate	j$Lc
0xA9834	0x1800AA434	member-candidate	M$Hc
0xA9895	0x1800AA495	member-candidate	M$Lc
0xA997D	0x1800AA57D	member-candidate	t$hH
0xA9A4A	0x1800AA64A	member-candidate	l$XH
0xA9A4F	0x1800AA64F	member-candidate	L$8H3
0xA9AB8	0x1800AA6B8	member-candidate	t$0f
0xA9B56	0x1800AA756	member-candidate	t$0H
0xA9DAD	0x1800AA9AD	member-candidate	hhE3
0xA9E3A	0x1800AAA3A	member-candidate	D$hI
0xA9E5F	0x1800AAA5F	member-candidate	D$0E
0xA9EEF	0x1800AAAEF	member-candidate	D$0L
0xA9EF4	0x1800AAAF4	signature	L$PC
0xA9F53	0x1800AAB53	member-candidate	D$hL
0xA9FD3	0x1800AABD3	member-candidate	L$8H
0xAA011	0x1800AAC11	member-candidate	D$$H
0xAA193	0x1800AAD93	member-candidate	SUVWAVAWH
0xAA21B	0x1800AAE1B	member-candidate	t$pL
0xAA34B	0x1800AAF4B	member-candidate	t8E3
0xAA468	0x1800AB068	member-candidate	H9rXuK
0xAA484	0x1800AB084	member-candidate	z3u1
0xAA4D1	0x1800AB0D1	member-candidate	H9rXuK
0xAA4ED	0x1800AB0ED	member-candidate	z3u1
0xAA53A	0x1800AB13A	member-candidate	H9rXuK
0xAA556	0x1800AB156	member-candidate	z3u1
0xAA5A3	0x1800AB1A3	member-candidate	H9rXuK
0xAA5BF	0x1800AB1BF	member-candidate	z3u1
0xAA62D	0x1800AB22D	member-candidate	H9rXuK
0xAA649	0x1800AB249	member-candidate	z3u1
0xAA9A8	0x1800AB5A8	member-candidate	A9HP
0xAA9AE	0x1800AB5AE	member-candidate	I9pXu
0xAA9DA	0x1800AB5DA	member-candidate	l$8H
0xAAAFE	0x1800AB6FE	member-candidate	t$XL
0xAABDD	0x1800AB7DD	member-candidate	t$XH
0xAAC1D	0x1800AB81D	member-candidate	D$0L
0xAAD6B	0x1800AB96B	member-candidate	L$0H3
0xAAD9E	0x1800AB99E	member-candidate	SUVWATAUAVAWH
0xAADFB	0x1800AB9FB	member-candidate	D$0A
0xAAE4B	0x1800ABA4B	member-candidate	l$xE
0xAAE8B	0x1800ABA8B	member-candidate	l$PH
0xAAEC9	0x1800ABAC9	member-candidate	l$DH
0xAAEE1	0x1800ABAE1	member-candidate	T$HM
0xAAFB4	0x1800ABBB4	member-candidate	L$l3
0xAAFE8	0x1800ABBE8	member-candidate	E$Hc
0xAAFFE	0x1800ABBFE	member-candidate	G$Hc
0xAB058	0x1800ABC58	member-candidate	l$H3
0xAB348	0x1800ABF48	member-candidate	l$HH
0xAB3D7	0x1800ABFD7	member-candidate	T$xI
0xAB52F	0x1800AC12F	member-candidate	t$8H
0xAB5F8	0x1800AC1F8	member-candidate	d$PE
0xAB74C	0x1800AC34C	member-candidate	d$PH
0xAB754	0x1800AC354	member-candidate	t$HH
0xAB7BD	0x1800AC3BD	member-candidate	D$DH
0xAB7DB	0x1800AC3DB	member-candidate	HcGxH
0xAB823	0x1800AC423	member-candidate	wpHcGhM
0xAB834	0x1800AC434	member-candidate	l$Hf
0xAB882	0x1800AC482	member-candidate	l$HH
0xAB88C	0x1800AC48C	member-candidate	t$XH
0xAB941	0x1800AC541	member-candidate	D$0H
0xABACA	0x1800AC6CA	member-candidate	t$PL
0xABB4F	0x1800AC74F	member-candidate	t$HL
0xABB54	0x1800AC754	member-candidate	t$PH
0xABC55	0x1800AC855	member-candidate	UVAWH
0xABC5F	0x1800AC85F	member-candidate	i8E3
0xABCC9	0x1800AC8C9	member-candidate	LcCPH
0xABE83	0x1800ACA83	member-candidate	SVWATAUAWH
0xABEA4	0x1800ACAA4	member-candidate	D$pH
0xABEF6	0x1800ACAF6	member-candidate	D$$A
0xABF3C	0x1800ACB3C	signature	L$HD
0xABF58	0x1800ACB58	member-candidate	D$8M
0xAC048	0x1800ACC48	member-candidate	t$hI
0xAC0C6	0x1800ACCC6	member-candidate	D$$H
0xAC187	0x1800ACD87	member-candidate	T$0f
0xAC260	0x1800ACE60	member-candidate	L$pH3
0xAC2FE	0x1800ACEFE	member-candidate	t$8H
0xAC310	0x1800ACF10	member-candidate	t$8H
0xAC535	0x1800AD135	member-candidate	L$HM
0xAC549	0x1800AD149	member-candidate	T$0H
0xAC54E	0x1800AD14E	member-candidate	L$XH
0xAC58A	0x1800AD18A	member-candidate	D$XA
0xAC5B3	0x1800AD1B3	member-candidate	L$XL
0xAC5C7	0x1800AD1C7	signature	L$0I
0xACBDB	0x1800AD7DB	member-candidate	UVWATAUAVAWH
0xACCA8	0x1800AD8A8	member-candidate	D$pH
0xACCAD	0x1800AD8AD	member-candidate	D$HH
0xACCB2	0x1800AD8B2	member-candidate	D$xH
0xACCE0	0x1800AD8E0	member-candidate	D$0I
0xACE6F	0x1800ADA6F	member-candidate	L$pH
0xACE74	0x1800ADA74	member-candidate	L$HH
0xACE79	0x1800ADA79	member-candidate	D$xH
0xACE8E	0x1800ADA8E	member-candidate	D$8H
0xACF0D	0x1800ADB0D	member-candidate	D$hH
0xACF12	0x1800ADB12	member-candidate	D$xH
0xACF24	0x1800ADB24	member-candidate	D$XD
0xACF29	0x1800ADB29	member-candidate	d$PD
0xAD241	0x1800ADE41	member-candidate	HcO0Lk
0xAD2D2	0x1800ADED2	member-candidate	_4HcG0A
0xAD504	0x1800AE104	member-candidate	SUVWATAUAVAWH
0xAD567	0x1800AE167	member-candidate	M$Hc
0xAD630	0x1800AE230	member-candidate	D$8H
0xAD63D	0x1800AE23D	member-candidate	D$PA
0xAD650	0x1800AE250	member-candidate	l$0L
0xAD666	0x1800AE266	member-candidate	D$dH
0xAD678	0x1800AE278	member-candidate	D$XA
0xAD68A	0x1800AE28A	member-candidate	D$hA
0xAD694	0x1800AE294	member-candidate	D$lz
0xAD765	0x1800AE365	member-candidate	UVWH
0xAD8D1	0x1800AE4D1	member-candidate	D$LA3
0xAD9EB	0x1800AE5EB	member-candidate	L$PH3
0xADA15	0x1800AE615	member-candidate	SUVWATAUAVAWH
0xADA93	0x1800AE693	signature	(t$pI;
0xADBF9	0x1800AE7F9	signature	(|$`D
0xADBFF	0x1800AE7FF	signature	(D$PD
0xADC05	0x1800AE805	signature	(L$@D
0xADC0B	0x1800AE80B	signature	(T$0D
0xADE8B	0x1800AEA8B	signature	(\$0D
0xADE91	0x1800AEA91	signature	(T$@D
0xADE97	0x1800AEA97	signature	(L$PD
0xAE0FF	0x1800AECFF	signature	(\$0D
0xAE105	0x1800AED05	signature	(T$@D
0xAE10B	0x1800AED0B	signature	(L$PD
0xAE40A	0x1800AF00A	member-candidate	L$8H
0xAE427	0x1800AF027	member-candidate	T$4H
0xAE45C	0x1800AF05C	signature	(d$`D
0xAE462	0x1800AF062	signature	(\$pD
0xAE4D5	0x1800AF0D5	member-candidate	UAUAWH
0xAE724	0x1800AF324	member-candidate	L$HH
0xAE82F	0x1800AF42F	member-candidate	L$4H
0xAE83B	0x1800AF43B	member-candidate	T$4Hc
0xAEA43	0x1800AF643	member-candidate	ED$8
0xAEBE1	0x1800AF7E1	signature	(t$pD
0xAEC76	0x1800AF876	member-candidate	A8fH
0xAEDAE	0x1800AF9AE	member-candidate	D$0H
0xAEE04	0x1800AFA04	signature	(|$PD
0xAEE23	0x1800AFA23	member-candidate	SUVWH
0xAEF09	0x1800AFB09	member-candidate	HcNPH
0xAEF53	0x1800AFB53	member-candidate	HcNP
0xAEFA6	0x1800AFBA6	member-candidate	HcVP3
0xAF5E5	0x1800B01E5	member-candidate	SUVWATH
0xAF6F3	0x1800B02F3	member-candidate	t$XD
0xAF836	0x1800B0436	member-candidate	l$PA
0xAF85E	0x1800B045E	member-candidate	t$Xu
0xAFA78	0x1800B0678	member-candidate	t$8H
0xAFF2E	0x1800B0B2E	member-candidate	t$0H
0xAFFF5	0x1800B0BF5	member-candidate	VWAWH
0xB0282	0x1800B0E82	member-candidate	BqfA
0xB02D7	0x1800B0ED7	member-candidate	D$PI
0xB0396	0x1800B0F96	member-candidate	OlE3
0xB0450	0x1800B1050	member-candidate	IhA8Igt
0xB04E6	0x1800B10E6	member-candidate	yZfA
0xB1117	0x1800B1D17	signature	(t$pD
0xB116A	0x1800B1D6A	signature	(|$`D
0xB13AF	0x1800B1FAF	member-candidate	Gzf9GxusD
0xB14F1	0x1800B20F1	member-candidate	L$PH3
0xB1513	0x1800B2113	member-candidate	WAVAWH
0xB15DB	0x1800B21DB	member-candidate	D9wl
0xB16D8	0x1800B22D8	member-candidate	D$<A
0xB16E4	0x1800B22E4	member-candidate	T$DE3
0xB1730	0x1800B2330	member-candidate	tDfA
0xB17FD	0x1800B23FD	signature	(T$`D
0xB1821	0x1800B2421	member-candidate	L$HH3
0xB18AD	0x1800B24AD	member-candidate	t$xL
0xB18B2	0x1800B24B2	member-candidate	d$pL
0xB18B7	0x1800B24B7	member-candidate	l$hL
0xB1D33	0x1800B2933	member-candidate	Gxf9GzuxH
0xB1DC3	0x1800B29C3	member-candidate	Gzf9Gxuk
0xB217C	0x1800B2D7C	member-candidate	D$$D
0xB218A	0x1800B2D8A	member-candidate	d$pH
0xB21FE	0x1800B2DFE	signature	(L$ D
0xB220F	0x1800B2E0F	member-candidate	t$xt
0xB22E2	0x1800B2EE2	member-candidate	l$hH
0xB29A0	0x1800B35A0	signature	(T$pD
0xB2E23	0x1800B3A23	member-candidate	HcAtHk
0xB2F2D	0x1800B3B2D	member-candidate	Jbf9
0xB301F	0x1800B3C1F	member-candidate	L$0H
0xB302B	0x1800B3C2B	member-candidate	t$HL
0xB304D	0x1800B3C4D	member-candidate	d$pL
0xB30EB	0x1800B3CEB	member-candidate	T$xf
0xB3147	0x1800B3D47	member-candidate	D$PD
0xB314C	0x1800B3D4C	member-candidate	d$$D9cl
0xB31A4	0x1800B3DA4	member-candidate	D$83
0xB32BC	0x1800B3EBC	member-candidate	T$dL
0xB347B	0x1800B407B	member-candidate	D$0A
0xB3570	0x1800B4170	member-candidate	T$xI
0xB3706	0x1800B4306	member-candidate	D$0A
0xB370D	0x1800B430D	member-candidate	u5fE
0xB3783	0x1800B4383	member-candidate	tFIc
0xB37D4	0x1800B43D4	member-candidate	T$HH
0xB3AAE	0x1800B46AE	member-candidate	Cxf9Czu
0xB3BBA	0x1800B47BA	signature	(T$PD
0xB3BC0	0x1800B47C0	signature	(L$`D
0xB3F74	0x1800B4B74	member-candidate	A9Sl
0xB3FE9	0x1800B4BE9	member-candidate	A2Hr
0xB4029	0x1800B4C29	member-candidate	t$PH
0xB41A7	0x1800B4DA7	member-candidate	t$PtZM
0xB434D	0x1800B4F4D	member-candidate	D8Ift
0xB479B	0x1800B539B	signature	Lc7D
0xB482A	0x1800B542A	member-candidate	HcAdH
0xB4835	0x1800B5435	member-candidate	l$83
0xB48FA	0x1800B54FA	member-candidate	A2Hq
0xB4997	0x1800B5597	member-candidate	l$8H
0xB4ACD	0x1800B56CD	member-candidate	L$$H
0xB4B75	0x1800B5775	member-candidate	T$$A
0xB4CC1	0x1800B58C1	member-candidate	u6HcE
0xB4D13	0x1800B5913	member-candidate	u1HcE
0xB4E2B	0x1800B5A2B	member-candidate	t$xH
0xB4E5B	0x1800B5A5B	member-candidate	SWAWH
0xB4EDB	0x1800B5ADB	member-candidate	l$0A
0xB518B	0x1800B5D8B	member-candidate	t$PL
0xB5190	0x1800B5D90	member-candidate	l$XL
0xB519A	0x1800B5D9A	member-candidate	t$hH
0xB51F0	0x1800B5DF0	member-candidate	t4Mc
0xB5408	0x1800B6008	member-candidate	HhHc
0xB5656	0x1800B6256	member-candidate	D$pI
0xB5867	0x1800B6467	member-candidate	D$XA
0xB5914	0x1800B6514	member-candidate	D$Tf
0xB5927	0x1800B6527	member-candidate	D$<A
0xB5947	0x1800B6547	member-candidate	D$4D
0xB599A	0x1800B659A	member-candidate	u3E3
0xB59B2	0x1800B65B2	member-candidate	KhIc
0xB5B8A	0x1800B678A	member-candidate	L$pH3
0xB5BA6	0x1800B67A6	member-candidate	L$pH3
0xB5BC3	0x1800B67C3	member-candidate	USATAVI
0xB5BE0	0x1800B67E0	member-candidate	D$XL
0xB5D66	0x1800B6966	member-candidate	u$E3
0xB5D77	0x1800B6977	member-candidate	L$8H
0xB5E59	0x1800B6A59	member-candidate	L$HH
0xB5E70	0x1800B6A70	member-candidate	L$0E3
0xB5EE2	0x1800B6AE2	member-candidate	u$E3
0xB5EF3	0x1800B6AF3	member-candidate	L$HH
0xB5F5C	0x1800B6B5C	signature	(|$`D
0xB5FCE	0x1800B6BCE	member-candidate	D$Hv9
0xB6024	0x1800B6C24	member-candidate	T$PH
0xB60CC	0x1800B6CCC	member-candidate	Xt$D
0xB6151	0x1800B6D51	member-candidate	D$Hv9
0xB61A3	0x1800B6DA3	member-candidate	T$PH
0xB6225	0x1800B6E25	member-candidate	L$XH3
0xB6658	0x1800B7258	member-candidate	D$XH
0xB6705	0x1800B7305	member-candidate	t$8H
0xB670A	0x1800B730A	member-candidate	t$0H
0xB6822	0x1800B7422	member-candidate	D$Hv7
0xB6876	0x1800B7476	member-candidate	T$PH
0xB69A0	0x1800B75A0	member-candidate	L$XH3
0xB69CF	0x1800B75CF	member-candidate	SUVWATAUAVAWH
0xB6D81	0x1800B7981	member-candidate	sZHc
0xB7267	0x1800B7E67	member-candidate	UVWATAUAVAWI
0xB7363	0x1800B7F63	signature	L$0I
0xB75E6	0x1800B81E6	member-candidate	D$PH
0xB768F	0x1800B828F	member-candidate	XT$0
0xB7704	0x1800B8304	member-candidate	L$PH3
0xB79E3	0x1800B85E3	member-candidate	USVWAVAWH
0xB7D88	0x1800B8988	member-candidate	t$8H
0xB7DBB	0x1800B89BB	member-candidate	D$XH
0xB7EF8	0x1800B8AF8	member-candidate	D$TA
0xB7F33	0x1800B8B33	member-candidate	T$0D
0xB7F90	0x1800B8B90	member-candidate	L$XH3
0xB7FB3	0x1800B8BB3	member-candidate	USAUAVH
0xB7FE1	0x1800B8BE1	member-candidate	D$xH
0xB7FF0	0x1800B8BF0	member-candidate	L$HL
0xB80BA	0x1800B8CBA	member-candidate	d$lL
0xB8112	0x1800B8D12	member-candidate	D$df
0xB81F6	0x1800B8DF6	member-candidate	D$qA
0xB8527	0x1800B9127	member-candidate	t$0M
0xB8535	0x1800B9135	signature	L$(I
0xB855C	0x1800B915C	member-candidate	L$hu5
0xB85B4	0x1800B91B4	member-candidate	XT$d
0xB85D3	0x1800B91D3	member-candidate	D$8H
0xB8600	0x1800B9200	member-candidate	D$pD
0xB862A	0x1800B922A	member-candidate	L$xH3
0xB8663	0x1800B9263	member-candidate	USVWATAUAVAWH
0xB87C5	0x1800B93C5	member-candidate	L$0H
0xB87F5	0x1800B93F5	member-candidate	D$Df
0xB89E9	0x1800B95E9	member-candidate	D$HA
0xB8A4F	0x1800B964F	member-candidate	L$DH
0xB8A79	0x1800B9679	member-candidate	D$Hf
0xB8D23	0x1800B9923	member-candidate	D$0H
0xB8E7E	0x1800B9A7E	signature	(|$`D
0xB8E8A	0x1800B9A8A	member-candidate	L$0H3
0xB8F13	0x1800B9B13	member-candidate	UWAWI
0xB9513	0x1800BA113	member-candidate	USWAVAWH
0xB9561	0x1800BA161	member-candidate	D$hH
0xB95C8	0x1800BA1C8	member-candidate	D$XD
0xB965F	0x1800BA25F	member-candidate	L$HE3
0xB96AB	0x1800BA2AB	member-candidate	d$TA
0xB96B4	0x1800BA2B4	member-candidate	XD$L
0xB971C	0x1800BA31C	member-candidate	XD$X
0xB97DA	0x1800BA3DA	member-candidate	D$HD
0xB97E4	0x1800BA3E4	member-candidate	L$HH
0xB9846	0x1800BA446	member-candidate	D$XH
0xB984B	0x1800BA44B	member-candidate	D$0L
0xB9850	0x1800BA450	member-candidate	D$HL
0xB986C	0x1800BA46C	member-candidate	d$LL
0xB989F	0x1800BA49F	member-candidate	D$HD
0xB98A9	0x1800BA4A9	member-candidate	L$HH
0xB98ED	0x1800BA4ED	member-candidate	L$hH3
0xB9928	0x1800BA528	signature	(|$pI
0xB9DA0	0x1800BA9A0	member-candidate	v<Hc
0xB9DE0	0x1800BA9E0	signature	(L$0D
0xB9DE6	0x1800BA9E6	signature	(D$@D
0xB9E27	0x1800BAA27	member-candidate	UVWATAUAVAWH
0xB9E6E	0x1800BAA6E	member-candidate	L$XH
0xB9E9A	0x1800BAA9A	member-candidate	D$PA
0xB9F1D	0x1800BAB1D	member-candidate	T$XA
0xB9F69	0x1800BAB69	member-candidate	D$Ht
0xBA209	0x1800BAE09	member-candidate	D$DD
0xBA4AC	0x1800BB0AC	member-candidate	L$0H
0xBA4CE	0x1800BB0CE	member-candidate	L$HH
0xBA52A	0x1800BB12A	member-candidate	D$PH
0xBA59E	0x1800BB19E	member-candidate	D$XH
0xBA701	0x1800BB301	member-candidate	L$HL
0xBA706	0x1800BB306	member-candidate	D$IA
0xBA773	0x1800BB373	member-candidate	t<fff
0xBA809	0x1800BB409	member-candidate	T$8D
0xBA848	0x1800BB448	member-candidate	D$8H
0xBA98D	0x1800BB58D	signature	(\$`D
0xBA993	0x1800BB593	signature	(T$pD
0xBA9F7	0x1800BB5F7	member-candidate	L$HA
0xBAA48	0x1800BB648	member-candidate	L$XH3
0xBAAE8	0x1800BB6E8	member-candidate	l$PI
0xBAB45	0x1800BB745	member-candidate	l$PL
0xBACAB	0x1800BB8AB	member-candidate	L$0H
0xBAD31	0x1800BB931	member-candidate	D$Tv
0xBAEDA	0x1800BBADA	member-candidate	tJD8
0xBAFC8	0x1800BBBC8	signature	L$HI
0xBAFD8	0x1800BBBD8	member-candidate	D$0L
0xBB064	0x1800BBC64	member-candidate	T$PA
0xBB110	0x1800BBD10	signature	L$ I
0xBB1D0	0x1800BBDD0	member-candidate	T$PH
0xBB1F7	0x1800BBDF7	member-candidate	L$PA
0xBB200	0x1800BBE00	member-candidate	D$LE3
0xBB391	0x1800BBF91	member-candidate	L$HL
0xBB43A	0x1800BC03A	member-candidate	D$HH
0xBB483	0x1800BC083	member-candidate	d$8L
0xBB49C	0x1800BC09C	member-candidate	L$DH
0xBB4C6	0x1800BC0C6	member-candidate	L$HL
0xBB5FE	0x1800BC1FE	member-candidate	L$PH
0xBB64C	0x1800BC24C	member-candidate	l$8H
0xBB656	0x1800BC256	member-candidate	l$0L
0xBB71D	0x1800BC31D	member-candidate	D$P3
0xBB72D	0x1800BC32D	member-candidate	l$8H
0xBB82D	0x1800BC42D	member-candidate	t$DH
0xBB8BA	0x1800BC4BA	member-candidate	t$DH
0xBBAFC	0x1800BC6FC	member-candidate	L$0L
0xBBB0C	0x1800BC70C	member-candidate	T$0H
0xBBDD6	0x1800BC9D6	member-candidate	L$pH
0xBBE68	0x1800BCA68	member-candidate	L$0H
0xBBEA7	0x1800BCAA7	member-candidate	L$0H
0xBBF03	0x1800BCB03	member-candidate	d$xL
0xBBF0D	0x1800BCB0D	member-candidate	t$8L
0xBBF24	0x1800BCB24	member-candidate	D$hL
0xBBF47	0x1800BCB47	member-candidate	D$hLcn
0xBC01A	0x1800BCC1A	member-candidate	t$8L
0xBC024	0x1800BCC24	member-candidate	d$xH
0xBC07F	0x1800BCC7F	member-candidate	t$XL
0xBC159	0x1800BCD59	member-candidate	t$XL
0xBC2E7	0x1800BCEE7	member-candidate	UVWATAUAVAWH
0xBC380	0x1800BCF80	member-candidate	L$8H
0xBC385	0x1800BCF85	member-candidate	L$0H
0xBC4F3	0x1800BD0F3	member-candidate	wZIcN
0xBC7B5	0x1800BD3B5	member-candidate	D$8L
0xBC7BA	0x1800BD3BA	member-candidate	D$0L
0xBC86B	0x1800BD46B	member-candidate	L$0H
0xBC908	0x1800BD508	signature	L$dD
0xBC96B	0x1800BD56B	member-candidate	L$8H
0xBC970	0x1800BD570	member-candidate	L$0H
0xBC9A9	0x1800BD5A9	member-candidate	L$dE
0xBCCFC	0x1800BD8FC	member-candidate	t$Ptt
0xBCE12	0x1800BDA12	member-candidate	t$PH
0xBCE23	0x1800BDA23	member-candidate	USVWH
0xBD23B	0x1800BDE3B	member-candidate	N0Hc
0xBD50A	0x1800BE10A	member-candidate	D$pL
0xBD514	0x1800BE114	member-candidate	L$8H
0xBD519	0x1800BE119	member-candidate	L$0H
0xBD51E	0x1800BE11E	member-candidate	L$xH
0xBD523	0x1800BE123	member-candidate	D$pI
0xBD566	0x1800BE166	member-candidate	L$dL
0xBD57D	0x1800BE17D	member-candidate	T$df
0xBD5DB	0x1800BE1DB	member-candidate	L$hH
0xBD75F	0x1800BE35F	member-candidate	D$pH
0xBD79A	0x1800BE39A	member-candidate	L$8H
0xBD79F	0x1800BE39F	member-candidate	L$0H
0xBD7A4	0x1800BE3A4	member-candidate	L$xH
0xBD7A9	0x1800BE3A9	member-candidate	D$pIc
0xBD7E6	0x1800BE3E6	member-candidate	L$dL
0xBD800	0x1800BE400	member-candidate	T$df
0xBD85E	0x1800BE45E	member-candidate	L$hH
0xBDCDA	0x1800BE8DA	member-candidate	N0Ic
0xBDF75	0x1800BEB75	member-candidate	VAVAWH
0xBE12C	0x1800BED2C	member-candidate	t$XH
0xBE369	0x1800BEF69	member-candidate	l$0H
0xBE373	0x1800BEF73	member-candidate	t$XL
0xBE3C4	0x1800BEFC4	member-candidate	t$HH
0xBE3DE	0x1800BEFDE	member-candidate	d$XLcd
0xBE4CB	0x1800BF0CB	member-candidate	t$HH
0xBE507	0x1800BF107	member-candidate	L$PH
0xBE59E	0x1800BF19E	member-candidate	l$0H
0xBE5CE	0x1800BF1CE	signature	L$ D
0xBECFA	0x1800BF8FA	member-candidate	t$BH
0xBECFF	0x1800BF8FF	member-candidate	t$JH
0xBED08	0x1800BF908	member-candidate	t$Zf
0xBED1B	0x1800BF91B	signature	L$8D
0xBED30	0x1800BF930	member-candidate	L$8f
0xBED8C	0x1800BF98C	member-candidate	T$PH
0xBEDC5	0x1800BF9C5	member-candidate	l$0H
0xBEE3B	0x1800BFA3B	class	r/Lc
0xBEE8D	0x1800BFA8D	member-candidate	l$0L
0xBEF6E	0x1800BFB6E	member-candidate	t$8H
0xBEF85	0x1800BFB85	member-candidate	UVATAVAWH
0xBEFA4	0x1800BFBA4	member-candidate	l$xM
0xBF190	0x1800BFD90	member-candidate	l$xH
0xBF263	0x1800BFE63	member-candidate	USVWATAUAVAWH
0xBF3D3	0x1800BFFD3	member-candidate	l$8H
0xBF3D8	0x1800BFFD8	member-candidate	L$0L
0xBF93B	0x1800C053B	member-candidate	L$xA
0xBF945	0x1800C0545	member-candidate	D$tA
0xBF95E	0x1800C055E	member-candidate	tfE8
0xBF9DA	0x1800C05DA	member-candidate	t$E9
0xBFA20	0x1800C0620	member-candidate	uSIc
0xBFA7F	0x1800C067F	member-candidate	toIc
0xBFB1B	0x1800C071B	member-candidate	t$cH
0xBFB62	0x1800C0762	member-candidate	t$fE
0xBFC86	0x1800C0886	member-candidate	_8Lc
0xBFD39	0x1800C0939	member-candidate	D$xA
0xBFD5B	0x1800C095B	member-candidate	L$8L
0xBFD60	0x1800C0960	member-candidate	L$0H
0xBFDA7	0x1800C09A7	member-candidate	D$xE3
0xBFDD6	0x1800C09D6	member-candidate	T$pE
0xBFE39	0x1800C0A39	member-candidate	D$l8T$bt
0xBFE55	0x1800C0A55	member-candidate	D$lE
0xBFE6C	0x1800C0A6C	member-candidate	D$lA
0xBFE86	0x1800C0A86	member-candidate	t$cE
0xBFE98	0x1800C0A98	member-candidate	t$fE9
0xC012B	0x1800C0D2B	member-candidate	l$aE
0xC0135	0x1800C0D35	member-candidate	l$aD
0xC04F5	0x1800C10F5	member-candidate	D$xH
0xC054B	0x1800C114B	member-candidate	L$tA
0xC059F	0x1800C119F	member-candidate	l$xHc
0xC0623	0x1800C1223	member-candidate	l$aA
0xC06CB	0x1800C12CB	member-candidate	D$lI
0xC06DC	0x1800C12DC	member-candidate	tcE2
0xC06E3	0x1800C12E3	member-candidate	L$cE2
0xC06EB	0x1800C12EB	member-candidate	D$dD
0xC06F0	0x1800C12F0	member-candidate	l$aI
0xC0705	0x1800C1305	member-candidate	L$bD8
0xC0729	0x1800C1329	signature	L$bD
0xC072E	0x1800C132E	member-candidate	l$aD
0xC0733	0x1800C1333	member-candidate	D$dD
0xC0738	0x1800C1338	member-candidate	L$cH
0xC0745	0x1800C1345	member-candidate	D$bI
0xC083D	0x1800C143D	member-candidate	l$tD
0xC0842	0x1800C1442	member-candidate	d$pE
0xC086A	0x1800C146A	member-candidate	d$pD
0xC0F22	0x1800C1B22	member-candidate	T$lH
0xC0FF6	0x1800C1BF6	member-candidate	T$lH
0xC107B	0x1800C1C7B	member-candidate	T$lH
0xC11C9	0x1800C1DC9	member-candidate	D8l$bt
0xC129E	0x1800C1E9E	member-candidate	G0D80t
0xC12C6	0x1800C1EC6	member-candidate	T$gE2
0xC13CC	0x1800C1FCC	member-candidate	D$xH
0xC1761	0x1800C2361	member-candidate	D$aD
0xC1786	0x1800C2386	member-candidate	D$aD
0xC17A8	0x1800C23A8	member-candidate	D9d$t
0xC18B0	0x1800C24B0	member-candidate	sGE3
0xC1ACF	0x1800C26CF	member-candidate	T$tH
0xC1B04	0x1800C2704	member-candidate	T$tE9
0xC1C75	0x1800C2875	member-candidate	d$pE
0xC1FC1	0x1800C2BC1	member-candidate	L$lfE
0xC20AC	0x1800C2CAC	member-candidate	D$8L
0xC2500	0x1800C3100	member-candidate	D$0H
0xC25A9	0x1800C31A9	member-candidate	t$0L
0xC272C	0x1800C332C	member-candidate	D$8H
0xC2731	0x1800C3331	member-candidate	D$0L
0xC2867	0x1800C3467	member-candidate	L$8H
0xC286C	0x1800C346C	member-candidate	D$0H
0xC2A00	0x1800C3600	member-candidate	uTfA
0xC2A5D	0x1800C365D	member-candidate	d$hE
0xC2ACB	0x1800C36CB	member-candidate	tJHc
0xC2FCC	0x1800C3BCC	member-candidate	HcAt
0xC308D	0x1800C3C8D	signature	(|$PI
0xC3119	0x1800C3D19	member-candidate	t$8I
0xC3253	0x1800C3E53	member-candidate	t$8I
0xC3297	0x1800C3E97	member-candidate	UVWATAUAVAWI
0xC32E2	0x1800C3EE2	signature	L$pD
0xC33E6	0x1800C3FE6	member-candidate	l$dt
0xC35FC	0x1800C41FC	member-candidate	D$Ht
0xC37A3	0x1800C43A3	member-candidate	D$AH
0xC37B4	0x1800C43B4	member-candidate	t$AE2
0xC397F	0x1800C457F	member-candidate	L$xL
0xC3997	0x1800C4597	member-candidate	L$TA
0xC39DE	0x1800C45DE	member-candidate	D$hD
0xC3A67	0x1800C4667	member-candidate	D$pH
0xC3A70	0x1800C4670	member-candidate	L$0H
0xC3DAE	0x1800C49AE	member-candidate	Y5$g
0xC3E43	0x1800C4A43	member-candidate	USVAUAWI
0xC41C5	0x1800C4DC5	member-candidate	t$XL
0xC4239	0x1800C4E39	member-candidate	L$0H
0xC4261	0x1800C4E61	member-candidate	t$XH
0xC4270	0x1800C4E70	member-candidate	l$hH
0xC480E	0x1800C540E	member-candidate	SVWAVAWH
0xC4842	0x1800C5442	member-candidate	D$8I
0xC485D	0x1800C545D	member-candidate	D$2t
0xC4875	0x1800C5475	member-candidate	D$2A
0xC4894	0x1800C5494	member-candidate	l$XA
0xC489D	0x1800C549D	member-candidate	d$PD
0xC48C0	0x1800C54C0	member-candidate	D$1E2
0xC4900	0x1800C5500	member-candidate	D$4D
0xC4AA0	0x1800C56A0	member-candidate	tsE3
0xC4CAA	0x1800C58AA	member-candidate	L$0L
0xC4D3F	0x1800C593F	member-candidate	d$PH
0xC4D5F	0x1800C595F	member-candidate	l$Hu
0xC4E86	0x1800C5A86	member-candidate	CHH9B
0xC4EAB	0x1800C5AAB	member-candidate	l$pI
0xC4F17	0x1800C5B17	member-candidate	l$pH
0xC4F4E	0x1800C5B4E	member-candidate	fD9I
0xC4F5E	0x1800C5B5E	member-candidate	fD9Q
0xC530A	0x1800C5F0A	member-candidate	D$XH
0xC5351	0x1800C5F51	member-candidate	L$PL
0xC54C9	0x1800C60C9	member-candidate	t$8A
0xC5567	0x1800C6167	member-candidate	L$8H
0xC55F8	0x1800C61F8	member-candidate	D$8H
0xC5829	0x1800C6429	signature	(\$`D
0xC582F	0x1800C642F	signature	(T$pD
0xC594B	0x1800C654B	member-candidate	L$XH3
0xC59C3	0x1800C65C3	member-candidate	USVWATAUAVAWH
0xC5A6C	0x1800C666C	member-candidate	C09D
0xC5BB8	0x1800C67B8	member-candidate	t$Hc
0xC5D1C	0x1800C691C	member-candidate	D$XD
0xC5D89	0x1800C6989	member-candidate	L$<A
0xC5EBD	0x1800C6ABD	member-candidate	T$03
0xC620F	0x1800C6E0F	member-candidate	wSIc
0xC6280	0x1800C6E80	member-candidate	wTIcD
0xC62F2	0x1800C6EF2	member-candidate	wTIcD
0xC6363	0x1800C6F63	member-candidate	wQHcD
0xC63E5	0x1800C6FE5	member-candidate	wPHc
0xC64C2	0x1800C70C2	member-candidate	CPD9u
0xC6607	0x1800C7207	member-candidate	D9s$u
0xC660F	0x1800C720F	member-candidate	D$0H
0xC6814	0x1800C7414	member-candidate	tPD8
0xC6AD3	0x1800C76D3	member-candidate	SUVWAVAWH
0xC6F07	0x1800C7B07	member-candidate	I8E3
0xC6F67	0x1800C7B67	member-candidate	XY4D
0xC718F	0x1800C7D8F	member-candidate	L$0A
0xC71B9	0x1800C7DB9	member-candidate	XT$4
0xC720C	0x1800C7E0C	member-candidate	L$8H3
0xC721E	0x1800C7E1E	member-candidate	t$hH
0xC760F	0x1800C820F	member-candidate	t$0H
0xC76F6	0x1800C82F6	member-candidate	D$hH
0xC7782	0x1800C8382	member-candidate	D$XH
0xC77F0	0x1800C83F0	member-candidate	D$0H
0xC77FC	0x1800C83FC	member-candidate	D$8H
0xC7814	0x1800C8414	member-candidate	D$HH
0xC7892	0x1800C8492	member-candidate	L$hH3
0xC817B	0x1800C8D7B	member-candidate	D$HH
0xC829F	0x1800C8E9F	member-candidate	nT$<H
0xC82A8	0x1800C8EA8	member-candidate	nL$8
0xC8407	0x1800C9007	member-candidate	L$HH3
0xC8419	0x1800C9019	member-candidate	t$hH
0xC891A	0x1800C951A	member-candidate	lllll
0xC8921	0x1800C9521	member-candidate	llllll
0xC8928	0x1800C9528	member-candidate	llll
0xC8946	0x1800C9546	member-candidate	lllllll
0xC972D	0x1800CA32D	member-candidate	t$8H
0xC97A8	0x1800CA3A8	member-candidate	t$8H
0xC9894	0x1800CA494	member-candidate	l$hH
0xC9944	0x1800CA544	member-candidate	L$4H
0xC994C	0x1800CA54C	member-candidate	D$0H
0xC9A07	0x1800CA607	member-candidate	t$xH
0xC9B45	0x1800CA745	member-candidate	D9cHt
0xC9B65	0x1800CA765	member-candidate	D9cLt
0xC9BE2	0x1800CA7E2	member-candidate	D8cWu
0xC9F88	0x1800CAB88	member-candidate	K<E3
0xCA033	0x1800CAC33	member-candidate	USAWI
0xCA13C	0x1800CAD3C	member-candidate	E8nat
0xCA156	0x1800CAD56	member-candidate	l$XH
0xCA290	0x1800CAE90	member-candidate	l$0H
0xCA295	0x1800CAE95	member-candidate	T$PD
0xCA2AA	0x1800CAEAA	member-candidate	L$PE
0xCA3F1	0x1800CAFF1	member-candidate	L$PE
0xCA50A	0x1800CB10A	member-candidate	t$2H
0xCA51E	0x1800CB11E	signature	L$TD
0xCA57D	0x1800CB17D	member-candidate	T$X3
0xCA5BB	0x1800CB1BB	signature	L$tD
0xCA765	0x1800CB365	member-candidate	t$xH
0xCA77F	0x1800CB37F	member-candidate	T$P3
0xCA842	0x1800CB442	member-candidate	D$TH
0xCA963	0x1800CB563	member-candidate	t$xH
0xCA968	0x1800CB568	member-candidate	L$XH3
0xCA99E	0x1800CB59E	member-candidate	D$8H
0xCA9C3	0x1800CB5C3	member-candidate	t$4D
0xCA9C8	0x1800CB5C8	member-candidate	t$0L
0xCAB10	0x1800CB710	member-candidate	L$8H3
0xCAB22	0x1800CB722	member-candidate	l$xH
0xCAB3A	0x1800CB73A	member-candidate	VWAVH
0xCAB70	0x1800CB770	member-candidate	t$4D
0xCAB75	0x1800CB775	member-candidate	t$0L
0xCACC1	0x1800CB8C1	member-candidate	L$8H3
0xCACD3	0x1800CB8D3	member-candidate	l$pH
0xCACFB	0x1800CB8FB	member-candidate	D$XH
0xCAD60	0x1800CB960	member-candidate	T$0H
0xCAE45	0x1800CBA45	member-candidate	l$HH
0xCAFB9	0x1800CBBB9	member-candidate	L$XH3
0xCB013	0x1800CBC13	member-candidate	t$XL
0xCB091	0x1800CBC91	member-candidate	l$xH
0xCB101	0x1800CBD01	member-candidate	l$x3
0xCB150	0x1800CBD50	member-candidate	t$8H
0xCB2E0	0x1800CBEE0	member-candidate	D$PA
0xCB30C	0x1800CBF0C	member-candidate	L$PH3
0xCB320	0x1800CBF20	member-candidate	L$PH3
0xCB663	0x1800CC263	member-candidate	t$Pff
0xCB7DA	0x1800CC3DA	member-candidate	t$PH
0xCB8F8	0x1800CC4F8	member-candidate	t$HH
0xCB947	0x1800CC547	member-candidate	D$X3
0xCBB10	0x1800CC710	signature	L$0I
0xCBB18	0x1800CC718	member-candidate	D$8I
0xCBB3B	0x1800CC73B	member-candidate	D$HI
0xCBB44	0x1800CC744	member-candidate	D$PI
0xCBBAF	0x1800CC7AF	member-candidate	L$XH3
0xCBD1D	0x1800CC91D	member-candidate	t$H3
0xCBD31	0x1800CC931	member-candidate	t$XH
0xCC186	0x1800CCD86	member-candidate	<$E2
0xCC18F	0x1800CCD8F	member-candidate	t$PI
0xCC22D	0x1800CCE2D	member-candidate	l$0H
0xCC26C	0x1800CCE6C	member-candidate	t$PA
0xCC3A8	0x1800CCFA8	member-candidate	D$HE
0xCC604	0x1800CD204	member-candidate	L$Hu>A
0xCC619	0x1800CD219	member-candidate	L$HA
0xCCA88	0x1800CD688	member-candidate	L$PH
0xCCA92	0x1800CD692	member-candidate	l$8H
0xCCBC3	0x1800CD7C3	member-candidate	uxHc
0xCCE53	0x1800CDA53	member-candidate	SVWAVH
0xCCEBA	0x1800CDABA	member-candidate	WAVAWH
0xCCEFD	0x1800CDAFD	member-candidate	t$pH
0xCCF1F	0x1800CDB1F	member-candidate	WAVAWH
0xCCF6F	0x1800CDB6F	member-candidate	t$hH
0xCD0CF	0x1800CDCCF	member-candidate	t$8H
0xCD182	0x1800CDD82	member-candidate	VWAVH
0xCD2C8	0x1800CDEC8	member-candidate	t$8H
0xCD338	0x1800CDF38	member-candidate	ntel
0xCD33E	0x1800CDF3E	member-candidate	ineI
0xCD34D	0x1800CDF4D	member-candidate	Genu
0xCD5A9	0x1800CE1A9	member-candidate	l$0H
0xCD5AE	0x1800CE1AE	member-candidate	t$8H
0xCD9FD	0x1800CE5FD	member-candidate	D$0L
0xCDA9C	0x1800CE69C	member-candidate	t$XH
0xCDB88	0x1800CE788	member-candidate	t$XH
0xCDB8D	0x1800CE78D	member-candidate	L$0H3
0xCE0CA	0x1800CECCA	signature	(t$@I
0xCE0D2	0x1800CECD2	signature	(|$0D
0xCE0D8	0x1800CECD8	signature	(D$ D
0xCE235	0x1800CEE35	member-candidate	D$0I
0xCE267	0x1800CEE67	member-candidate	l$XI
0xCE31C	0x1800CEF1C	member-candidate	swHc
0xCE39A	0x1800CEF9A	member-candidate	t$PH
0xCE3A9	0x1800CEFA9	member-candidate	L$0H3
0xCE593	0x1800CF193	member-candidate	t$0M
0xCE5BD	0x1800CF1BD	member-candidate	t0Hc
0xCE5D3	0x1800CF1D3	member-candidate	t$0M
0xCE5FE	0x1800CF1FE	member-candidate	l$hH
0xCE603	0x1800CF203	member-candidate	t$pH
0xCE75F	0x1800CF35F	member-candidate	l$XH
0xCE764	0x1800CF364	member-candidate	t$hH
0xCE7E0	0x1800CF3E0	member-candidate	D$0H
0xCE983	0x1800CF583	member-candidate	l$8H
0xCF25D	0x1800CFE5D	member-candidate	SUWH
0xD5C28	0x1800D7228	member-candidate	Bip01_Head
0xD5C38	0x1800D7238	member-candidate	Bip01_Neck
0xD5C48	0x1800D7248	member-candidate	Bip01_Spine1
0xD5C58	0x1800D7258	member-candidate	Bip01_Spine
0xD5C68	0x1800D7268	member-candidate	Bip01_Pelvis
0xD5C78	0x1800D7278	member-candidate	Bip01_L_Clavicle
0xD5C90	0x1800D7290	member-candidate	Bip01_L_UpperArm
0xD5CA8	0x1800D72A8	member-candidate	Bip01_L_Forearm
0xD5CB8	0x1800D72B8	member-candidate	Bip01_L_Hand
0xD5CC8	0x1800D72C8	member-candidate	Bip01_R_Clavicle
0xD5CE0	0x1800D72E0	member-candidate	Bip01_R_UpperArm
0xD5CF8	0x1800D72F8	member-candidate	Bip01_R_Forearm
0xD5D08	0x1800D7308	member-candidate	Bip01_R_Hand
0xD5D18	0x1800D7318	member-candidate	Bip01_L_Thigh
0xD5D28	0x1800D7328	member-candidate	Bip01_L_Calf
0xD5D38	0x1800D7338	member-candidate	Bip01_L_Foot
0xD5D48	0x1800D7348	member-candidate	Bip01_R_Thigh
0xD5D58	0x1800D7358	member-candidate	Bip01_R_Calf
0xD5D68	0x1800D7368	member-candidate	Bip01_R_Foot
0xD5DA0	0x1800D73A0	member-candidate	JNI_GetCreatedJavaVMs
0xD5DB8	0x1800D73B8	class	java/lang/ClassLoader
0xD5DE8	0x1800D73E8	signature	()Ljava/lang/ClassLoader;
0xD5E08	0x1800D7408	member-candidate	getSystemClassLoader
0xD5E20	0x1800D7420	signature	(Ljava/lang/String;)Ljava/lang/Class;
0xD5E48	0x1800D7448	member-candidate	loadClass
0xD5E70	0x1800D7470	class	zombie/network/GameClient
0xD5E90	0x1800D7490	class	zombie/network/GameServer
0xD5EB0	0x1800D74B0	class	zombie/characters/IsoPlayer
0xD5ED0	0x1800D74D0	class	zombie/characters/animals/IsoAnimal
0xD5EF8	0x1800D74F8	class	zombie/vehicles/BaseVehicle
0xD5F18	0x1800D7518	class	zombie/inventory/ItemContainer
0xD5F38	0x1800D7538	class	zombie/iso/IsoWorld
0xD5F50	0x1800D7550	class	zombie/iso/IsoCell
0xD5F68	0x1800D7568	class	java/util/ArrayList
0xD5F80	0x1800D7580	class	java/util/Set
0xD5F90	0x1800D7590	class	java/util/Iterator
0xD5FA8	0x1800D75A8	class	zombie/iso/IsoMovingObject
0xD5FC8	0x1800D75C8	class	zombie/iso/IsoUtils
0xD5FE0	0x1800D75E0	class	zombie/core/Core
0xD5FF8	0x1800D75F8	class	zombie/core/skinnedmodel/animation/AnimationPlayer
0xD6030	0x1800D7630	class	org/lwjgl/util/vector/Matrix4f
0xD6050	0x1800D7650	class	zombie/core/skinnedmodel/model/SkinningData
0xD6080	0x1800D7680	class	zombie/core/skinnedmodel/model/SkinningBone
0xD60B0	0x1800D76B0	class	org/lwjgl/util/vector/Vector3f
0xD60D0	0x1800D76D0	class	zombie/core/skinnedmodel/model/SkeletonBone
0xD6100	0x1800D7700	class	zombie/characters/IsoGameCharacter
0xD6128	0x1800D7728	class	zombie/characters/Safety
0xD6148	0x1800D7748	class	zombie/CombatManager
0xD6160	0x1800D7760	class	zombie/iso/LosUtil
0xD6178	0x1800D7778	class	zombie/iso/LosUtil$TestResults
0xD6198	0x1800D7798	class	java/lang/System
0xD6290	0x1800D7890	member-candidate	client
0xD6298	0x1800D7898	member-candidate	server
0xD62A0	0x1800D78A0	signature	Lzombie/iso/IsoWorld;
0xD62B8	0x1800D78B8	member-candidate	instance
0xD62C8	0x1800D78C8	signature	()Lzombie/characters/IsoPlayer;
0xD62E8	0x1800D78E8	member-candidate	getInstance
0xD62F8	0x1800D78F8	signature	()Lzombie/iso/IsoCell;
0xD6310	0x1800D7910	member-candidate	getCell
0xD6318	0x1800D7918	signature	()Ljava/util/ArrayList;
0xD6330	0x1800D7930	member-candidate	getZombieList
0xD6340	0x1800D7940	signature	()Ljava/util/Set;
0xD6358	0x1800D7958	member-candidate	getObjectList
0xD6368	0x1800D7968	member-candidate	getVehicles
0xD6378	0x1800D7978	member-candidate	size
0xD6380	0x1800D7980	signature	(I)Ljava/lang/Object;
0xD63A0	0x1800D79A0	signature	()Ljava/util/Iterator;
0xD63B8	0x1800D79B8	member-candidate	iterator
0xD63C8	0x1800D79C8	member-candidate	hasNext
0xD63D0	0x1800D79D0	signature	()Ljava/lang/Object;
0xD63E8	0x1800D79E8	member-candidate	next
0xD63F4	0x1800D79F4	member-candidate	getX
0xD63FC	0x1800D79FC	member-candidate	getY
0xD6404	0x1800D7A04	member-candidate	getZ
0xD640C	0x1800D7A0C	member-candidate	getID
0xD6418	0x1800D7A18	signature	(Ljava/lang/Object;)I
0xD6430	0x1800D7A30	member-candidate	identityHashCode
0xD6448	0x1800D7A48	member-candidate	getHealth
0xD6458	0x1800D7A58	member-candidate	isAlive
0xD6460	0x1800D7A60	signature	()Lzombie/core/skinnedmodel/animation/AnimationPlayer;
0xD6498	0x1800D7A98	member-candidate	getAnimationPlayer
0xD64B0	0x1800D7AB0	member-candidate	getForwardDirectionX
0xD64C8	0x1800D7AC8	member-candidate	getForwardDirectionY
0xD64E0	0x1800D7AE0	member-candidate	isFallOnFront
0xD64F0	0x1800D7AF0	member-candidate	isFalling
0xD6500	0x1800D7B00	member-candidate	isKnockedDown
0xD6510	0x1800D7B10	signature	(F)V
0xD6518	0x1800D7B18	member-candidate	setAlphaAndTarget
0xD6530	0x1800D7B30	member-candidate	getOnlineID
0xD6540	0x1800D7B40	signature	()Ljava/lang/String;
0xD6558	0x1800D7B58	member-candidate	getUsername
0xD6568	0x1800D7B68	signature	()Lzombie/characters/Safety;
0xD6588	0x1800D7B88	member-candidate	getSafety
0xD6598	0x1800D7B98	member-candidate	isEnabled
0xD65A8	0x1800D7BA8	signature	(Lzombie/iso/IsoMovingObject;Lzombie/iso/IsoMovingObject;Z)Z
0xD65E8	0x1800D7BE8	member-candidate	checkPVP
0xD65F8	0x1800D7BF8	member-candidate	getCustomName
0xD6608	0x1800D7C08	member-candidate	getFullName
0xD6618	0x1800D7C18	member-candidate	getAnimalType
0xD6628	0x1800D7C28	member-candidate	getAnimalSize
0xD6638	0x1800D7C38	member-candidate	isBaby
0xD6640	0x1800D7C40	member-candidate	getId
0xD6648	0x1800D7C48	member-candidate	getScriptName
0xD6658	0x1800D7C58	member-candidate	getEngineCondition
0xD6670	0x1800D7C70	member-candidate	isEngineRunning
0xD6680	0x1800D7C80	member-candidate	areAllDoorsLocked
0xD6698	0x1800D7C98	member-candidate	isAnyDoorLocked
0xD66A8	0x1800D7CA8	member-candidate	isHotwired
0xD66B8	0x1800D7CB8	member-candidate	isHotwiredBroken
0xD66D0	0x1800D7CD0	member-candidate	isKeysInIgnition
0xD66E8	0x1800D7CE8	member-candidate	getKeyId
0xD66F8	0x1800D7CF8	signature	()Lzombie/inventory/ItemContainer;
0xD6720	0x1800D7D20	member-candidate	getInventory
0xD6730	0x1800D7D30	signature	(I)Lzombie/inventory/InventoryItem;
0xD6758	0x1800D7D58	member-candidate	haveThisKeyId
0xD6768	0x1800D7D68	class	zombie/characters/IsoZombie
0xD6788	0x1800D7D88	member-candidate	isCrawling
0xD6798	0x1800D7D98	member-candidate	isProne
0xD67A0	0x1800D7DA0	signature	(FFFI)F
0xD67A8	0x1800D7DA8	member-candidate	XToScreenExact
0xD67B8	0x1800D7DB8	member-candidate	YToScreenExact
0xD67C8	0x1800D7DC8	signature	()Lzombie/core/Core;
0xD67E0	0x1800D7DE0	signature	(I)F
0xD67E8	0x1800D7DE8	member-candidate	getZoom
0xD67F0	0x1800D7DF0	signature	(Lzombie/iso/IsoCell;IIIIIIZ)Lzombie/iso/LosUtil$TestResults;
0xD6830	0x1800D7E30	member-candidate	lineClear
0xD6840	0x1800D7E40	signature	Lzombie/iso/LosUtil$TestResults;
0xD6868	0x1800D7E68	member-candidate	Blocked
0xD6870	0x1800D7E70	member-candidate	ClearThroughClosedDoor
0xD6888	0x1800D7E88	member-candidate	isReady
0xD6890	0x1800D7E90	signature	(Ljava/lang/String;I)I
0xD68A8	0x1800D7EA8	member-candidate	getSkinningBoneIndex
0xD68C0	0x1800D7EC0	signature	(ILorg/lwjgl/util/vector/Matrix4f;)Lorg/lwjgl/util/vector/Matrix4f;
0xD6908	0x1800D7F08	member-candidate	getBoneModelTransform
0xD6920	0x1800D7F20	signature	(I)Lorg/lwjgl/util/vector/Matrix4f;
0xD6948	0x1800D7F48	member-candidate	getModelTransformAt
0xD6960	0x1800D7F60	signature	()Lzombie/core/skinnedmodel/model/SkinningData;
0xD6990	0x1800D7F90	member-candidate	getSkinningData
0xD69A0	0x1800D7FA0	signature	(Ljava/lang/String;)Lzombie/core/skinnedmodel/model/SkinningBone;
0xD69E8	0x1800D7FE8	member-candidate	getBone
0xD69F0	0x1800D7FF0	signature	(Lzombie/core/skinnedmodel/model/SkeletonBone;Lorg/lwjgl/util/vector/Vector3f;)Lorg/lwjgl/util/vector/Vector3f;
0xD6A60	0x1800D8060	member-candidate	getBoneWorldPosition
0xD6A7C	0x1800D807C	member-candidate	<init>
0xD6A98	0x1800D8098	signature	Lzombie/core/skinnedmodel/model/SkeletonBone;
0xD81FA	0x1800D97FA	member-candidate	pCRF
0xD894C	0x1800D9F4C	member-candidate	glyf
0xD895C	0x1800D9F5C	member-candidate	head
0xD898C	0x1800D9F8C	member-candidate	loca
0xD899C	0x1800D9F9C	member-candidate	maxp
0xD89BC	0x1800D9FBC	member-candidate	post
0xD89CC	0x1800D9FCC	member-candidate	prepi
0xD8C79	0x1800DA279	member-candidate	$J$h$
0xD947B	0x1800DAA7B	member-candidate	IOCDw
0xD94DB	0x1800DAADB	class	PK/G
0xD952E	0x1800DAB2E	member-candidate	CK0U
0xD956A	0x1800DAB6A	class	Ac/_
0xD9753	0x1800DAD53	member-candidate	Ag3l
0xD976B	0x1800DAD6B	member-candidate	Ai1B
0xDA3FF	0x1800DB9FF	member-candidate	C>$rs
0xDA53B	0x1800DBB3B	member-candidate	$153
0xDA595	0x1800DBB95	member-candidate	Ot1T
0xDA79E	0x1800DBD9E	member-candidate	Rw8N
0xDA84D	0x1800DBE4D	member-candidate	I37mM
0xDAD16	0x1800DC316	member-candidate	jikmln
0xDAD24	0x1800DC324	member-candidate	oqprsutvw
0xDADDD	0x1800DC3DD	member-candidate	delete
0xDADE4	0x1800DC3E4	member-candidate	Euro
0xDBFD8	0x1800DD5D8	member-candidate	Fitness
0xDBFF0	0x1800DD5F0	member-candidate	Strength
0xDC008	0x1800DD608	member-candidate	Sprinting
0xDC028	0x1800DD628	member-candidate	Lightfoot
0xDC040	0x1800DD640	member-candidate	Nimble
0xDC054	0x1800DD654	member-candidate	Sneak
0xDC080	0x1800DD680	member-candidate	Blunt
0xDC098	0x1800DD698	member-candidate	SmallBlunt
0xDC0B8	0x1800DD6B8	member-candidate	Spear
0xDC0D0	0x1800DD6D0	member-candidate	LongBlade
0xDC0E8	0x1800DD6E8	member-candidate	SmallBlade
0xDC100	0x1800DD700	member-candidate	Maintenance
0xDC114	0x1800DD714	member-candidate	Aiming
0xDC130	0x1800DD730	member-candidate	Reloading
0xDC148	0x1800DD748	member-candidate	Woodwork
0xDC168	0x1800DD768	member-candidate	Cooking
0xDC180	0x1800DD780	member-candidate	Farming
0xDC194	0x1800DD794	member-candidate	Doctor
0xDC1A8	0x1800DD7A8	member-candidate	Electricity
0xDC1C0	0x1800DD7C0	member-candidate	MetalWelding
0xDC1E8	0x1800DD7E8	member-candidate	Mechanics
0xDC200	0x1800DD800	member-candidate	Tailoring
0xDC218	0x1800DD818	member-candidate	Blacksmith
0xDC230	0x1800DD830	member-candidate	FlintKnapping
0xDC258	0x1800DD858	member-candidate	Masonry
0xDC270	0x1800DD870	member-candidate	Pottery
0xDC288	0x1800DD888	member-candidate	Carving
0xDC2A0	0x1800DD8A0	member-candidate	Glassmaking
0xDC2C8	0x1800DD8C8	member-candidate	Butchering
0xDC2E8	0x1800DD8E8	member-candidate	Husbandry
0xDC300	0x1800DD900	member-candidate	Fishing
0xDC318	0x1800DD918	member-candidate	Trapping
0xDC330	0x1800DD930	member-candidate	PlantScavenging
0xDC350	0x1800DD950	member-candidate	Tracking
0xDC380	0x1800DD980	class	zombie/characters/IsoGameCharacter$XP
0xDC3A8	0x1800DD9A8	class	zombie/characters/skills/PerkFactory$Perks
0xDC3D8	0x1800DD9D8	class	zombie/characters/skills/PerkFactory$Perk
0xDC408	0x1800DDA08	class	zombie/radio/ZomboidRadio
0xDC428	0x1800DDA28	class	zombie/radio/devices/WaveSignalDevice
0xDC450	0x1800DDA50	class	zombie/radio/devices/DeviceData
0xDC470	0x1800DDA70	class	zombie/Lua/LuaManager
0xDC488	0x1800DDA88	class	se/krka/kahlua/vm/KahluaTable
0xDC4A8	0x1800DDAA8	class	se/krka/kahlua/integration/LuaCaller
0xDC4D0	0x1800DDAD0	class	se/krka/kahlua/integration/LuaReturn
0xDC4F8	0x1800DDAF8	class	java/lang/Object
0xDC510	0x1800DDB10	class	java/lang/Number
0xDC528	0x1800DDB28	signature	()Lzombie/iso/IsoGridSquare;
0xDC548	0x1800DDB48	member-candidate	getCurrentSquare
0xDC560	0x1800DDB60	signature	()Lzombie/characters/IsoGameCharacter$XP;
0xDC58C	0x1800DDB8C	member-candidate	getXp
0xDC598	0x1800DDB98	signature	(Lzombie/characters/skills/PerkFactory$Perk;)I
0xDC5C8	0x1800DDBC8	member-candidate	getPerkLevel
0xDC5D8	0x1800DDBD8	signature	(Lzombie/characters/skills/PerkFactory$Perk;)F
0xDC608	0x1800DDC08	member-candidate	getXP
0xDC610	0x1800DDC10	member-candidate	getMultiplier
0xDC620	0x1800DDC20	signature	(Lzombie/characters/skills/PerkFactory$Perk;F)V
0xDC650	0x1800DDC50	member-candidate	AddXP
0xDC658	0x1800DDC58	member-candidate	getTotalXpForLevel
0xDC670	0x1800DDC70	signature	()Lzombie/radio/ZomboidRadio;
0xDC690	0x1800DDC90	member-candidate	getDevices
0xDC6A0	0x1800DDCA0	signature	()Lzombie/radio/devices/DeviceData;
0xDC6C8	0x1800DDCC8	member-candidate	getDeviceData
0xDC6D8	0x1800DDCD8	member-candidate	getIsTurnedOn
0xDC6E8	0x1800DDCE8	member-candidate	getChannel
0xDC6F8	0x1800DDCF8	member-candidate	getIsTelevision
0xDC708	0x1800DDD08	member-candidate	getDeviceVolume
0xDC718	0x1800DDD18	member-candidate	isPlayingMedia
0xDC728	0x1800DDD28	member-candidate	isNoTransmit
0xDC740	0x1800DDD40	signature	(IIILjava/lang/String;Ljava/lang/String;Ljava/lang/String;FFFIZ)V
0xDC788	0x1800DDD88	member-candidate	sendIsoWaveSignal
0xDC7A0	0x1800DDDA0	signature	(Ljava/lang/String;)Ljava/lang/Object;
0xDC7C8	0x1800DDDC8	member-candidate	getTableObject
0xDC7D8	0x1800DDDD8	member-candidate	getFunctionObject
0xDC7F0	0x1800DDDF0	signature	(Ljava/lang/Object;)Ljava/lang/Object;
0xDC818	0x1800DDE18	member-candidate	rawget
0xDC820	0x1800DDE20	signature	Lse/krka/kahlua/integration/LuaCaller;
0xDC848	0x1800DDE48	member-candidate	caller
0xDC850	0x1800DDE50	signature	Lse/krka/kahlua/vm/KahluaThread;
0xDC874	0x1800DDE74	member-candidate	thread
0xDC880	0x1800DDE80	member-candidate	isSuccess
0xDC890	0x1800DDE90	member-candidate	getFirst
0xDC8A0	0x1800DDEA0	member-candidate	intValue
0xDC8D8	0x1800DDED8	signature	Lzombie/characters/skills/PerkFactory$Perk;
0xDC948	0x1800DDF48	member-candidate	SandboxVars
0xDC958	0x1800DDF58	member-candidate	LevelForMediaXPCutoff
0xDCD50	0x1800DE350	class	zombie/inventory/types/HandWeapon
0xDCD78	0x1800DE378	class	zombie/iso/IsoGridSquare
0xDCD98	0x1800DE398	signature	()Lzombie/inventory/InventoryItem;
0xDCDC0	0x1800DE3C0	member-candidate	getPrimaryHandItem
0xDCDD8	0x1800DE3D8	member-candidate	isAttacking
0xDCDE8	0x1800DE3E8	signature	()Lzombie/iso/IsoObject;
0xDCE08	0x1800DE408	member-candidate	getFloor
0xDCE20	0x1800DE420	signature	(Lzombie/characters/IsoGameCharacter;Lzombie/iso/IsoObject;Lzombie/inventory/types/HandWeapon;FZFZLjava/util/List;ZZZZ)V
0xDCEA0	0x1800DE4A0	member-candidate	sendPlayerHit
0xDCFE8	0x1800DE5E8	class	zombie/scripting/ScriptManager
0xDD008	0x1800DE608	class	zombie/scripting/objects/Item
0xDD028	0x1800DE628	class	zombie/core/textures/Texture
0xDD048	0x1800DE648	class	zombie/inventory/InventoryItemFactory
0xDD070	0x1800DE670	class	zombie/network/packets/ItemTransactionPacket
0xDD0A0	0x1800DE6A0	class	zombie/core/TransactionManager
0xDD0C0	0x1800DE6C0	class	zombie/iso/IsoDirections
0xDD0E0	0x1800DE6E0	class	zombie/inventory/InventoryItem
0xDD100	0x1800DE700	class	zombie/inventory/types/InventoryContainer
0xDD130	0x1800DE730	class	zombie/inventory/types/Food
0xDD150	0x1800DE750	class	zombie/inventory/types/WeaponPart
0xDD178	0x1800DE778	class	zombie/scripting/objects/AmmoType
0xDD1A0	0x1800DE7A0	class	zombie/network/PacketTypes$PacketType
0xDD1C8	0x1800DE7C8	signature	Lzombie/network/PacketTypes$PacketType;
0xDD1F0	0x1800DE7F0	member-candidate	ItemTransaction
0xDD200	0x1800DE800	signature	Lzombie/iso/IsoDirections;
0xDD220	0x1800DE820	signature	Lzombie/scripting/ScriptManager;
0xDD248	0x1800DE848	member-candidate	getAllItems
0xDD258	0x1800DE858	member-candidate	isHidden
0xDD268	0x1800DE868	member-candidate	getObsolete
0xDD278	0x1800DE878	member-candidate	getDisplayName
0xDD288	0x1800DE888	member-candidate	getDisplayCategory
0xDD2A0	0x1800DE8A0	signature	()Lzombie/core/textures/Texture;
0xDD2C8	0x1800DE8C8	member-candidate	getNormalTexture
0xDD2E0	0x1800DE8E0	signature	(Ljava/lang/String;)Lzombie/inventory/InventoryItem;
0xDD318	0x1800DE918	member-candidate	CreateItem
0xDD328	0x1800DE928	signature	()Lzombie/core/skinnedmodel/visual/ItemVisual;
0xDD358	0x1800DE958	member-candidate	getVisual
0xDD368	0x1800DE968	member-candidate	isFavorite
0xDD378	0x1800DE978	member-candidate	getFullType
0xDD388	0x1800DE988	signature	(Lzombie/inventory/InventoryItem;)Z
0xDD3B0	0x1800DE9B0	member-candidate	isEquipped
0xDD3C0	0x1800DE9C0	signature	(Lzombie/core/Transaction;)V
0xDD3E4	0x1800DE9E4	signature	(Z)V
0xDD3F0	0x1800DE9F0	member-candidate	setDrawDirty
0xDD400	0x1800DEA00	member-candidate	getXStart
0xDD410	0x1800DEA10	member-candidate	getYStart
0xDD420	0x1800DEA20	member-candidate	getXEnd
0xDD428	0x1800DEA28	member-candidate	getYEnd
0xDD430	0x1800DEA30	member-candidate	getWidth
0xDD440	0x1800DEA40	member-candidate	getHeight
0xDD450	0x1800DEA50	member-candidate	getBaseHunger
0xDD460	0x1800DEA60	signature	()Lzombie/scripting/objects/AmmoType;
0xDD488	0x1800DEA88	member-candidate	getAmmoType
0xDD498	0x1800DEA98	member-candidate	getItemKey
0xDD4A8	0x1800DEAA8	member-candidate	getMagazineType
0xDD4B8	0x1800DEAB8	member-candidate	usesExternalMagazine
0xDD4D0	0x1800DEAD0	signature	()Ljava/util/List;
0xDD4E8	0x1800DEAE8	member-candidate	getMountOn
0xDD4F8	0x1800DEAF8	member-candidate	getExplosionRange
0xDD510	0x1800DEB10	member-candidate	getExplosionPower
0xDD528	0x1800DEB28	member-candidate	getFireRange
0xDD538	0x1800DEB38	member-candidate	getFireStartingEnergy
0xDD550	0x1800DEB50	member-candidate	getFireStartingChance
0xDD568	0x1800DEB68	member-candidate	getSmokeRange
0xDD578	0x1800DEB78	member-candidate	getNoiseRange
0xDD588	0x1800DEB88	member-candidate	getSensorRange
0xDD598	0x1800DEB98	member-candidate	sendToServer
0xDD5F8	0x1800DEBF8	member-candidate	getItems
0xDD900	0x1800DEF00	member-candidate	SpawnWorldInventoryItem
0xDD918	0x1800DEF18	member-candidate	getContainer
0xDD928	0x1800DEF28	member-candidate	getWorldItem
0xDD938	0x1800DEF38	member-candidate	getSquare
0xDD948	0x1800DEF48	member-candidate	DoRemoveItem
0xDD958	0x1800DEF58	member-candidate	transmitRemoveItemFromSquare
0xDD978	0x1800DEF78	member-candidate	removeWorldObject
0xDD990	0x1800DEF90	member-candidate	setWorldItem
0xDD9A0	0x1800DEFA0	member-candidate	AddItem
0xDDEE0	0x1800DF4E0	class	java/util/List
0xDDEF0	0x1800DF4F0	class	zombie/network/packets/SyncHandWeaponFieldsPacket
0xDDF28	0x1800DF528	class	zombie/network/packets/NetTimedActionPacket
0xDDF58	0x1800DF558	member-candidate	SyncHandWeaponFields
0xDDF70	0x1800DF570	member-candidate	getItemContainer
0xDDF88	0x1800DF588	member-candidate	getCurrentAmmoCount
0xDDF9C	0x1800DF59C	signature	(I)V
0xDDFA8	0x1800DF5A8	member-candidate	setCurrentAmmoCount
0xDDFC0	0x1800DF5C0	member-candidate	isContainsClip
0xDDFD0	0x1800DF5D0	member-candidate	setData
0xDDFD8	0x1800DF5D8	member-candidate	ISUnloadBulletsFromFirearm
0xDDFF8	0x1800DF5F8	member-candidate	createNewAndSend
0xDE278	0x1800DF878	member-candidate	setContainsClip
0xDE288	0x1800DF888	member-candidate	ISEjectMagazine
0xDE518	0x1800DFB18	class	zombie/iso/objects/IsoTrap
0xDE538	0x1800DFB38	class	zombie/network/packets/AddExplosiveTrapPacket
0xDE568	0x1800DFB68	class	zombie/network/packets/SyncItemFieldsPacket
0xDE598	0x1800DFB98	member-candidate	AddExplosiveTrap
0xDE5B0	0x1800DFBB0	member-candidate	SyncItemFields
0xDE5C0	0x1800DFBC0	member-candidate	setRemoteControlID
0xDE5D8	0x1800DFBD8	member-candidate	getRemoteControlID
0xDE5F0	0x1800DFBF0	member-candidate	getPartType
0xDE600	0x1800DFC00	signature	(Lzombie/inventory/types/WeaponPart;)V
0xDE628	0x1800DFC28	member-candidate	setWeaponPart
0xDE638	0x1800DFC38	signature	(Ljava/lang/String;)Lzombie/inventory/types/WeaponPart;
0xDE670	0x1800DFC70	member-candidate	getWeaponPart
0xDE680	0x1800DFC80	member-candidate	getItemWithID
0xDE690	0x1800DFC90	member-candidate	getItem
0xDE720	0x1800DFD20	member-candidate	getObjects
0xDE730	0x1800DFD30	member-candidate	ISTakeTrap
0xDE740	0x1800DFD40	member-candidate	ISRemoveWeaponUpgrade
0xDED30	0x1800E0330	class	java/lang/Double
0xDED48	0x1800E0348	signature	(D)Ljava/lang/Double;
0xDED60	0x1800E0360	member-candidate	valueOf
0xDEDE0	0x1800E03E0	member-candidate	ISTakeBricks
0xDF0A0	0x1800E06A0	class	zombie/network/packets/INetworkPacket
0xDF0C8	0x1800E06C8	member-candidate	isRanged
0xDF0D8	0x1800E06D8	member-candidate	getMaxAmmo
0xDF0E8	0x1800E06E8	signature	(Lzombie/network/PacketTypes$PacketType;[Ljava/lang/Object;)V
0xDF128	0x1800E0728	member-candidate	send
0xDF2E8	0x1800E08E8	member-candidate	SleepingTablet
0xDF328	0x1800E0928	member-candidate	BetaBlockers
0xDF358	0x1800E0958	member-candidate	Antidepressant
0xDF390	0x1800E0990	member-candidate	PainMeds
0xDF3C4	0x1800E09C4	member-candidate	anger
0xDF3D8	0x1800E09D8	member-candidate	boredom
0xDF3E8	0x1800E09E8	member-candidate	discomfort
0xDF400	0x1800E0A00	member-candidate	endurance
0xDF418	0x1800E0A18	member-candidate	fatigue
0xDF420	0x1800E0A20	member-candidate	fitness
0xDF438	0x1800E0A38	member-candidate	foodsickness
0xDF450	0x1800E0A50	member-candidate	hunger
0xDF460	0x1800E0A60	member-candidate	idleness
0xDF480	0x1800E0A80	member-candidate	intoxication
0xDF498	0x1800E0A98	member-candidate	morale
0xDF4B0	0x1800E0AB0	member-candidate	nicotinewithdrawal
0xDF4CC	0x1800E0ACC	member-candidate	pain
0xDF4DC	0x1800E0ADC	member-candidate	panic
0xDF4EC	0x1800E0AEC	member-candidate	poison
0xDF4FC	0x1800E0AFC	member-candidate	sanity
0xDF510	0x1800E0B10	member-candidate	sickness
0xDF524	0x1800E0B24	member-candidate	stress
0xDF538	0x1800E0B38	member-candidate	temperature
0xDF54C	0x1800E0B4C	member-candidate	thirst
0xDF568	0x1800E0B68	member-candidate	unhappiness
0xDF580	0x1800E0B80	member-candidate	wetness
0xDF598	0x1800E0B98	member-candidate	zombiefever
0xDF5B8	0x1800E0BB8	member-candidate	zombieinfection
0xDF5C8	0x1800E0BC8	class	zombie/characters/Stats
0xDF5E0	0x1800E0BE0	class	zombie/characters/CharacterStat
0xDF600	0x1800E0C00	class	zombie/characters/Role
0xDF618	0x1800E0C18	class	zombie/characters/Capability
0xDF638	0x1800E0C38	class	zombie/network/packets/SyncPlayerStatsPacket
0xDF668	0x1800E0C68	class	java/lang/Integer
0xDF680	0x1800E0C80	signature	[Lzombie/characters/CharacterStat;
0xDF6A8	0x1800E0CA8	member-candidate	ORDERED_STATS
0xDF6B8	0x1800E0CB8	signature	Lzombie/characters/Capability;
0xDF6D8	0x1800E0CD8	member-candidate	CanModifyBodyStats
0xDF6F0	0x1800E0CF0	member-candidate	SyncPlayerStats
0xDF700	0x1800E0D00	signature	()Lzombie/characters/Stats;
0xDF720	0x1800E0D20	member-candidate	getStats
0xDF730	0x1800E0D30	signature	()Lzombie/characters/Role;
0xDF750	0x1800E0D50	member-candidate	getRole
0xDF758	0x1800E0D58	signature	(Lzombie/characters/Capability;)Z
0xDF780	0x1800E0D80	member-candidate	hasCapability
0xDF790	0x1800E0D90	signature	(Lzombie/characters/CharacterStat;)F
0xDF7B8	0x1800E0DB8	signature	(Lzombie/characters/CharacterStat;F)Z
0xDF7E0	0x1800E0DE0	signature	(Lzombie/characters/CharacterStat;)Z
0xDF808	0x1800E0E08	member-candidate	reset
0xDF810	0x1800E0E10	member-candidate	getMinimumValue
0xDF820	0x1800E0E20	member-candidate	getMaximumValue
0xDF830	0x1800E0E30	member-candidate	getDefaultValue
0xDF840	0x1800E0E40	signature	(Lzombie/characters/CharacterStat;)I
0xDF868	0x1800E0E68	member-candidate	getBitMaskForStat
0xDF880	0x1800E0E80	signature	(I)Ljava/lang/Integer;
0xDF898	0x1800E0E98	member-candidate	getSleepingTabletEffect
0xDF8B0	0x1800E0EB0	member-candidate	getBetaEffect
0xDF8C0	0x1800E0EC0	member-candidate	getDepressEffect
0xDF8D8	0x1800E0ED8	member-candidate	getPainEffect
0xDF8E8	0x1800E0EE8	member-candidate	getSleepingTabletDelta
0xDF900	0x1800E0F00	member-candidate	getBetaDelta
0xDF910	0x1800E0F10	member-candidate	getDepressDelta
0xDF920	0x1800E0F20	member-candidate	getPainDelta
0xDF930	0x1800E0F30	member-candidate	setSleepingTabletEffect
0xDF948	0x1800E0F48	member-candidate	setBetaEffect
0xDF958	0x1800E0F58	member-candidate	setDepressEffect
0xDF970	0x1800E0F70	member-candidate	setPainEffect
0xDF980	0x1800E0F80	member-candidate	setSleepingTabletDelta
0xDF998	0x1800E0F98	member-candidate	setBetaDelta
0xDF9A8	0x1800E0FA8	member-candidate	setDepressDelta
0xDF9B8	0x1800E0FB8	member-candidate	setPainDelta
0xDF9C8	0x1800E0FC8	member-candidate	BetaAntiDepress
0xDFDD8	0x1800E13D8	signature	Lzombie/network/GameClient;
0xDFDF8	0x1800E13F8	signature	Lzombie/characters/CharacterStat;
0xDFE1C	0x1800E141C	member-candidate	THIRST
0xDFE28	0x1800E1428	signature	Ljava/lang/String;
0xDFE40	0x1800E1440	member-candidate	accessLevel
0xDFE50	0x1800E1450	member-candidate	isTimedActionInstantCheat
0xDFE70	0x1800E1470	member-candidate	setTimedActionInstantCheat
0xDFE90	0x1800E1490	member-candidate	getFirstTypeRecurse
0xDFEA8	0x1800E14A8	member-candidate	ISTakePillAction
0xE0168	0x1800E1768	member-candidate	drink
0xE01E8	0x1800E17E8	class	zombie/characters/BodyDamage/BodyDamage
0xE0210	0x1800E1810	class	zombie/characters/BodyDamage/BodyPart
0xE0238	0x1800E1838	signature	()Lzombie/characters/BodyDamage/BodyDamage;
0xE0268	0x1800E1868	member-candidate	getBodyDamage
0xE0278	0x1800E1878	member-candidate	getBodyParts
0xE0288	0x1800E1888	member-candidate	RestoreToFullHealth
0xE02A0	0x1800E18A0	signature	(Lzombie/characters/IsoPlayer;)V
0xE02C8	0x1800E18C8	member-candidate	sendPlayerDamage
0xE02E0	0x1800E18E0	member-candidate	isGodMod
0xE02F0	0x1800E18F0	member-candidate	avoidDamage
0xE02FC	0x1800E18FC	signature	(ZZ)V
0xE0308	0x1800E1908	member-candidate	setGodMod
0xE0318	0x1800E1918	member-candidate	setAvoidDamage
0xE04F0	0x1800E1AF0	member-candidate	ENDURANCE
0xE0500	0x1800E1B00	member-candidate	getSecondaryHandItem
0xE0518	0x1800E1B18	member-candidate	getCondition
0xE0528	0x1800E1B28	member-candidate	getConditionMax
0xE0538	0x1800E1B38	member-candidate	setConditionNoSound
0xE0630	0x1800E1C30	class	zombie/iso/weather/ClimateManager
0xE0658	0x1800E1C58	class	zombie/iso/weather/ClimateManager$ClimateFloat
0xE0688	0x1800E1C88	class	zombie/iso/weather/ClimateManager$ClimateBool
0xE06B8	0x1800E1CB8	class	zombie/iso/weather/ClimateManager$ClimateColor
0xE06E8	0x1800E1CE8	class	zombie/iso/weather/ClimateColorInfo
0xE0710	0x1800E1D10	class	zombie/iso/IsoLightSource
0xE0730	0x1800E1D30	class	zombie/iso/LightingJNI
0xE0748	0x1800E1D48	member-candidate	FLOAT_DESATURATION
0xE0760	0x1800E1D60	member-candidate	FLOAT_GLOBAL_LIGHT_INTENSITY
0xE0780	0x1800E1D80	member-candidate	FLOAT_NIGHT_STRENGTH
0xE0798	0x1800E1D98	member-candidate	FLOAT_AMBIENT
0xE07A8	0x1800E1DA8	member-candidate	FLOAT_DAYLIGHT_STRENGTH
0xE07C8	0x1800E1DC8	member-candidate	COLOR_GLOBAL_LIGHT
0xE07E0	0x1800E1DE0	member-candidate	FLOAT_FOG_INTENSITY
0xE07F8	0x1800E1DF8	member-candidate	FLOAT_PRECIPITATION_INTENSITY
0xE0818	0x1800E1E18	member-candidate	BOOL_IS_SNOW
0xE0828	0x1800E1E28	member-candidate	isOverrideValue
0xE0838	0x1800E1E38	member-candidate	overrideInternal
0xE0850	0x1800E1E50	signature	()Lzombie/iso/weather/ClimateManager;
0xE0878	0x1800E1E78	signature	(I)Lzombie/iso/weather/ClimateManager$ClimateFloat;
0xE08B0	0x1800E1EB0	member-candidate	getClimateFloat
0xE08C0	0x1800E1EC0	signature	(I)Lzombie/iso/weather/ClimateManager$ClimateColor;
0xE08F8	0x1800E1EF8	member-candidate	getClimateColor
0xE0908	0x1800E1F08	signature	(I)Lzombie/iso/weather/ClimateManager$ClimateBool;
0xE0940	0x1800E1F40	member-candidate	getClimateBool
0xE0950	0x1800E1F50	member-candidate	getOverride
0xE0960	0x1800E1F60	member-candidate	getOverrideInterpolate
0xE0978	0x1800E1F78	signature	(FF)V
0xE0980	0x1800E1F80	member-candidate	setOverride
0xE0990	0x1800E1F90	member-candidate	setEnableOverride
0xE09A8	0x1800E1FA8	member-candidate	isEnableOverride
0xE09C0	0x1800E1FC0	signature	()Lzombie/iso/weather/ClimateColorInfo;
0xE09E8	0x1800E1FE8	signature	(Lzombie/iso/weather/ClimateColorInfo;F)V
0xE0A18	0x1800E2018	signature	(FFFFFFFF)V
0xE0A28	0x1800E2028	signature	(Lzombie/iso/weather/ClimateColorInfo;)V
0xE0A54	0x1800E2054	member-candidate	setTo
0xE0A60	0x1800E2060	signature	(IIIFFFI)V
0xE0A70	0x1800E2070	signature	(Lzombie/iso/IsoLightSource;)V
0xE0A90	0x1800E2090	member-candidate	addLamppost
0xE0AA0	0x1800E20A0	member-candidate	removeLamppost
0xE0AB0	0x1800E20B0	member-candidate	visionConeLerp
0xE0C00	0x1800E2200	member-candidate	glGetUniformLocation
0xE0C18	0x1800E2218	member-candidate	glGetAttribLocation
0xE0C30	0x1800E2230	member-candidate	ModelViewProjection
0xE0C48	0x1800E2248	member-candidate	aPosition
0xE0C54	0x1800E2254	member-candidate	aDist
0xE0C5C	0x1800E225C	member-candidate	aDepth
0xE0C68	0x1800E2268	class	zombie/MainThread
0xE0C80	0x1800E2280	class	zombie/MainThreadQueueItem
0xE0CA0	0x1800E22A0	class	java/beans/Expression
0xE0CB8	0x1800E22B8	class	java/beans/EventHandler
0xE0CD0	0x1800E22D0	class	java/lang/Runnable
0xE0CE8	0x1800E22E8	class	java/lang/Float
0xE0CF8	0x1800E22F8	signature	(Ljava/lang/Object;Ljava/lang/String;[Ljava/lang/Object;)V
0xE0D38	0x1800E2338	member-candidate	getValue
0xE0D50	0x1800E2350	signature	(Ljava/lang/Class;Ljava/lang/Object;Ljava/lang/String;)Ljava/lang/Object;
0xE0D9C	0x1800E239C	member-candidate	create
0xE0DA8	0x1800E23A8	signature	(Ljava/lang/Runnable;)V
0xE0DC0	0x1800E23C0	member-candidate	invokeOnMainThread
0xE0DD8	0x1800E23D8	signature	(Lzombie/MainThreadQueueItem;)V
0xE0DF8	0x1800E23F8	member-candidate	queueInvokeOnMainThread
0xE0E10	0x1800E2410	signature	(Ljava/lang/Runnable;)Lzombie/MainThreadQueueItem;
0xE0E44	0x1800E2444	member-candidate	alloc
0xE0E50	0x1800E2450	member-candidate	isFinished
0xE0E60	0x1800E2460	signature	()Ljava/lang/Throwable;
0xE0E78	0x1800E2478	member-candidate	getThrown
0xE0E88	0x1800E2488	signature	(F)Ljava/lang/Float;
0xE0EA0	0x1800E24A0	class	zombie/iso/IsoObject
0xE0EB8	0x1800E24B8	class	zombie/ui/UIManager
0xE0ED0	0x1800E24D0	class	zombie/iso/fboRenderChunk/FBORenderObjectOutline
0xE0F08	0x1800E2508	member-candidate	uiRenderTimeMS
0xE0F18	0x1800E2518	signature	(IFFFF)V
0xE0F28	0x1800E2528	member-candidate	setOutlineHighlightCol
0xE0F40	0x1800E2540	signature	(IZ)V
0xE0F48	0x1800E2548	member-candidate	setOutlineHighlight
0xE0F60	0x1800E2560	signature	()Lzombie/iso/fboRenderChunk/FBORenderObjectOutline;
0xE0F98	0x1800E2598	signature	(ILzombie/iso/IsoObject;J)V
0xE0FB8	0x1800E25B8	member-candidate	setDuringUIRenderTime
0xE0FD0	0x1800E25D0	class	zombie/globalObjects/CGlobalObjects
0xE0FF8	0x1800E25F8	class	zombie/globalObjects/GlobalObjectSystem
0xE1020	0x1800E2620	class	zombie/globalObjects/GlobalObject
0xE1048	0x1800E2648	class	se/krka/kahlua/j2se/J2SEPlatform
0xE1070	0x1800E2670	class	java/lang/Boolean
0xE1088	0x1800E2688	signature	Lse/krka/kahlua/j2se/J2SEPlatform;
0xE10B0	0x1800E26B0	member-candidate	platform
0xE10C0	0x1800E26C0	signature	(Ljava/lang/String;)Lzombie/globalObjects/CGlobalObjectSystem;
0xE1100	0x1800E2700	member-candidate	getSystemByName
0xE1110	0x1800E2710	member-candidate	getObjectCount
0xE1120	0x1800E2720	signature	(I)Lzombie/globalObjects/GlobalObject;
0xE1148	0x1800E2748	member-candidate	getObjectByIndex
0xE1160	0x1800E2760	signature	()Lse/krka/kahlua/vm/KahluaTable;
0xE1188	0x1800E2788	member-candidate	newTable
0xE1198	0x1800E2798	signature	(Ljava/lang/Object;Ljava/lang/Object;)V
0xE11C0	0x1800E27C0	member-candidate	rawset
0xE11C8	0x1800E27C8	signature	(Z)Ljava/lang/Boolean;
0xE127C	0x1800E287C	member-candidate	trap
0xE1310	0x1800E2910	member-candidate	pztrainer
0xE131C	0x1800E291C	member-candidate	type
0xE1324	0x1800E2924	member-candidate	item
0xE1330	0x1800E2930	member-candidate	minSize
0xE1338	0x1800E2938	member-candidate	maxSize
0xE1340	0x1800E2940	member-candidate	canBeAlive
0xE134C	0x1800E294C	member-candidate	animal
0xE1378	0x1800E2978	member-candidate	addAnimalDebug
0xE1388	0x1800E2988	member-candidate	removeAnimal
0xE1398	0x1800E2998	member-candidate	sendCommand
0xE1478	0x1800E2A78	class	zombie/input/Mouse
0xE1490	0x1800E2A90	member-candidate	isAiming
0xE14A0	0x1800E2AA0	member-candidate	setRecoilVarX
0xE14B0	0x1800E2AB0	member-candidate	setRecoilVarY
0xE14C0	0x1800E2AC0	member-candidate	getMaxRange
0xE14D0	0x1800E2AD0	member-candidate	getMaxDamage
0xE14E0	0x1800E2AE0	member-candidate	getXA
0xE14E8	0x1800E2AE8	member-candidate	getYA
0xE14F0	0x1800E2AF0	member-candidate	shotgun
0xE1504	0x1800E2B04	member-candidate	vector
0xE150C	0x1800E2B0C	member-candidate	pistol
0xE1518	0x1800E2B18	member-candidate	revolver
0xE1528	0x1800E2B28	member-candidate	handgun
0xE1530	0x1800E2B30	member-candidate	huntingrifle
0xE1540	0x1800E2B40	member-candidate	varmintrifle
0xE1550	0x1800E2B50	member-candidate	sniper
0xE1558	0x1800E2B58	member-candidate	msr7
0xE1564	0x1800E2B64	member-candidate	rifle
0xE1570	0x1800E2B70	member-candidate	carbine
0xE17A0	0x1800E2DA0	member-candidate	Java_zombie_core_physics_Bullet_updateBallisticsMuzzleAimDirection
0xE17F0	0x1800E2DF0	member-candidate	Java_zombie_core_physics_Bullet_updateBallisticsAimReticlePosition
0xE1838	0x1800E2E38	member-candidate	Java_zombie_core_physics_Bullet_getBallisticsTargets
0xE1870	0x1800E2E70	member-candidate	Java_zombie_core_physics_Bullet_getBallisticsCameraTargets
0xE18B0	0x1800E2EB0	member-candidate	Java_zombie_core_physics_Bullet_getBallisticsTargetsSpreadData
0xE18F0	0x1800E2EF0	signature	()Lzombie/iso/Vector3;
0xE1908	0x1800E2F08	member-candidate	getIsoAimingPosition
0xE1920	0x1800E2F20	signature	(FFF)Lzombie/iso/Vector3;
0xE1940	0x1800E2F40	class	zombie/core/physics/BallisticsController
0xE1970	0x1800E2F70	class	zombie/iso/Vector3
0xE1988	0x1800E2F88	class	zombie/iso/Vector2
0xE19A0	0x1800E2FA0	class	zombie/core/raknet/UdpConnection
0xE19C8	0x1800E2FC8	class	zombie/ai/states/SwipeStatePlayer
0xE19F0	0x1800E2FF0	member-candidate	setIsAiming
0xE1A00	0x1800E3000	member-candidate	isForceAim
0xE1A10	0x1800E3010	member-candidate	setForceAim
0xE1A20	0x1800E3020	member-candidate	isCharging
0xE1A30	0x1800E3030	member-candidate	updateBallistics
0xE1A48	0x1800E3048	member-candidate	setAngleFromAim
0xE1A58	0x1800E3058	member-candidate	isAttackStarted
0xE1A68	0x1800E3068	signature	()Lzombie/core/physics/BallisticsController;
0xE1A98	0x1800E3098	member-candidate	getBallisticsController
0xE1AB0	0x1800E30B0	member-candidate	getAimOriginPosX
0xE1AC8	0x1800E30C8	member-candidate	getAimOriginPosY
0xE1AE0	0x1800E30E0	member-candidate	getAimOriginPosZ
0xE1AF8	0x1800E30F8	member-candidate	setForwardDirection
0xE1B10	0x1800E3110	member-candidate	setTargetVerticalAimAngle
0xE1B30	0x1800E3130	member-candidate	setCurrentVerticalAimAngle
0xE1B50	0x1800E3150	member-candidate	setMoveDelta
0xE1B60	0x1800E3160	member-candidate	setMoving
0xE1B70	0x1800E3170	member-candidate	setRunning
0xE1B80	0x1800E3180	member-candidate	setSprinting
0xE1B90	0x1800E3190	member-candidate	isAllowRun
0xE1BA0	0x1800E31A0	member-candidate	setAllowRun
0xE1BB0	0x1800E31B0	member-candidate	isAllowSprint
0xE1BC0	0x1800E31C0	member-candidate	setAllowSprint
0xE1BD0	0x1800E31D0	member-candidate	isIgnoreInputsForDirection
0xE1BF0	0x1800E31F0	member-candidate	setIgnoreInputsForDirection
0xE1C10	0x1800E3210	member-candidate	setForceRun
0xE1C20	0x1800E3220	member-candidate	setForceSprint
0xE1C30	0x1800E3230	member-candidate	isBlockMovement
0xE1C40	0x1800E3240	member-candidate	setBlockMovement
0xE1C58	0x1800E3258	signature	Lzombie/iso/Vector2;
0xE1C70	0x1800E3270	member-candidate	playerMoveDir
0xE1C80	0x1800E3280	signature	()Lzombie/iso/Vector2;
0xE1C98	0x1800E3298	member-candidate	getMoveForwardVec
0xE1CB0	0x1800E32B0	member-candidate	getProjectileSpread
0xE1CC8	0x1800E32C8	member-candidate	setProjectileSpread
0xE1CE0	0x1800E32E0	member-candidate	getHitChance
0xE1CF0	0x1800E32F0	member-candidate	setHitChance
0xE1D00	0x1800E3300	member-candidate	getMinDamage
0xE1D10	0x1800E3310	member-candidate	setMinDamage
0xE1D20	0x1800E3320	member-candidate	setMaxDamage
0xE1D30	0x1800E3330	member-candidate	getAimingTime
0xE1D40	0x1800E3340	member-candidate	setAimingTime
0xE1D50	0x1800E3350	member-candidate	setAimingDelay
0xE1D60	0x1800E3360	member-candidate	setBeenMovingFor
0xE1D78	0x1800E3378	signature	Lzombie/iso/Vector3;
0xE1D90	0x1800E3390	member-candidate	targetPosition
0xE1DA0	0x1800E33A0	signature	(FF)Lzombie/iso/Vector2;
0xE1DC0	0x1800E33C0	signature	Lzombie/core/raknet/UdpConnection;
0xE1DE8	0x1800E33E8	member-candidate	connection
0xE1DF8	0x1800E33F8	member-candidate	getAveragePing
0xE1E08	0x1800E3408	signature	()Lzombie/CombatManager;
0xE1E28	0x1800E3428	signature	()Lzombie/ai/states/SwipeStatePlayer;
0xE1E50	0x1800E3450	signature	()Lzombie/AttackType;
0xE1E68	0x1800E3468	member-candidate	getAttackType
0xE1E78	0x1800E3478	member-candidate	pressedAttack
0xE1E88	0x1800E3488	member-candidate	attackCollisionCheck
0xE21F8	0x1800E37F8	class	org/lwjgl/opengl/GL
0xE2210	0x1800E3810	signature	()Lorg/lwjgl/opengl/GLCapabilities;
0xE2238	0x1800E3838	member-candidate	getCapabilities
0xE2260	0x1800E3860	member-candidate	MatrixPalette
0xE2270	0x1800E3870	member-candidate	FinalScale
0xE2280	0x1800E3880	member-candidate	transform
0xE2290	0x1800E3890	member-candidate	u_color
0xE2298	0x1800E3898	member-candidate	TintColour
0xE22A8	0x1800E38A8	member-candidate	TexturePainColor
0xE22BC	0x1800E38BC	member-candidate	Alpha
0xE22C8	0x1800E38C8	member-candidate	targetDepth
0xE22D8	0x1800E38D8	member-candidate	Texture
0xE22E0	0x1800E38E0	member-candidate	InstTexArr
0xE22F0	0x1800E38F0	member-candidate	TextureDimensions
0xE2308	0x1800E3908	member-candidate	glDrawElements
0xE2318	0x1800E3918	member-candidate	glDrawArrays
0xE2328	0x1800E3928	member-candidate	glDrawRangeElements
0xE2340	0x1800E3940	member-candidate	glDrawElementsInstanced
0xE2358	0x1800E3958	member-candidate	glUniformMatrix4fv
0xE2370	0x1800E3970	member-candidate	glUseProgram
0xE2380	0x1800E3980	member-candidate	glGetUniformfv
0xE2390	0x1800E3990	member-candidate	glGetUniformiv
0xE23A0	0x1800E39A0	member-candidate	glUniform1f
0xE23B0	0x1800E39B0	member-candidate	glUniform3f
0xE23C0	0x1800E39C0	member-candidate	glUniform4f
0xE23D0	0x1800E39D0	member-candidate	glBindVertexArray
0xE23E8	0x1800E39E8	member-candidate	glGenVertexArrays
0xE2400	0x1800E3A00	member-candidate	glBindBuffer
0xE2410	0x1800E3A10	member-candidate	glGetVertexAttribiv
0xE2428	0x1800E3A28	member-candidate	glGetVertexAttribPointerv
0xE2448	0x1800E3A48	member-candidate	glVertexAttribPointer
0xE2460	0x1800E3A60	member-candidate	glEnableVertexAttribArray
0xE2480	0x1800E3A80	member-candidate	glDisableVertexAttribArray
0xE24A0	0x1800E3AA0	member-candidate	glActiveTexture
0xE24B0	0x1800E3AB0	member-candidate	glGetIntegeri_v
0xE24C0	0x1800E3AC0	member-candidate	glBindBufferBase
0xE24D8	0x1800E3AD8	member-candidate	glTexImage3D
0xE24E8	0x1800E3AE8	member-candidate	glTexSubImage3D
0xE2768	0x1800E3D68	member-candidate	getMuzzlePosition
0xE2780	0x1800E3D80	member-candidate	getMuzzleDirection
0xE2794	0x1800E3D94	signature	()[F
0xE27A0	0x1800E3DA0	member-candidate	getCameraTargets
0xE27B8	0x1800E3DB8	member-candidate	getNumberOfCameraTargets
0xE27D8	0x1800E3DD8	member-candidate	Disabled
0xE27E4	0x1800E3DE4	member-candidate	Shaded
0xE27EC	0x1800E3DEC	member-candidate	Solid
0xE27F4	0x1800E3DF4	member-candidate	Glow
0xE2810	0x1800E3E10	member-candidate	Iridescent
0xE282C	0x1800E3E2C	member-candidate	Glossy
0xE283C	0x1800E3E3C	member-candidate	false
0xE2844	0x1800E3E44	member-candidate	true
0xE2BB0	0x1800E41B0	member-candidate	none
0xE2C20	0x1800E4220	member-candidate	ready
0xE2D80	0x1800E4380	member-candidate	unavailable
0xE2FA0	0x1800E45A0	member-candidate	SwapBuffers
0xE3090	0x1800E4690	member-candidate	PreviewAnimationDropdown
0xE30C0	0x1800E46C0	member-candidate	AnimationSelector
0xE30D8	0x1800E46D8	member-candidate	AnimationPopup
0xE30E8	0x1800E46E8	member-candidate	AnimationSelectorHover
0xE3100	0x1800E4700	member-candidate	AnimationItem
0xE31C8	0x1800E47C8	member-candidate	AimTarget3DBackground
0xE31E0	0x1800E47E0	member-candidate	target_point
0xE3280	0x1800E4880	member-candidate	LegitSettingsColumn
0xE32A8	0x1800E48A8	member-candidate	LegitMainCard
0xE3368	0x1800E4968	member-candidate	LegitTuningCard
0xE33D0	0x1800E49D0	member-candidate	LegitTargetColumn
0xE33F8	0x1800E49F8	member-candidate	LegitTargetCard
0xE3408	0x1800E4A08	member-candidate	RageSettingsColumn
0xE3430	0x1800E4A30	member-candidate	RageMainCard
0xE34C8	0x1800E4AC8	member-candidate	RageWeaponCard
0xE3538	0x1800E4B38	member-candidate	RageFireModeCard
0xE3560	0x1800E4B60	member-candidate	RageTargetColumn
0xE3578	0x1800E4B78	member-candidate	RageTargetCard
0xE3588	0x1800E4B88	member-candidate	LegitWeaponSelector
0xE35A0	0x1800E4BA0	member-candidate	RageWeaponSelector
0xE35B8	0x1800E4BB8	member-candidate	selector
0xE35C8	0x1800E4BC8	member-candidate	AnimalPreview
0xE3638	0x1800E4C38	member-candidate	StateTab
0xE3648	0x1800E4C48	member-candidate	StateTabAmount
0xE3658	0x1800E4C58	member-candidate	StateToggle
0xE3668	0x1800E4C68	member-candidate	StateToggleAmount
0xE3680	0x1800E4C80	member-candidate	SaturationValue
0xE3690	0x1800E4C90	member-candidate	SvMarkerHover
0xE3700	0x1800E4D00	member-candidate	ColorSwatch
0xE3710	0x1800E4D10	member-candidate	ColorSwatchHover
0xE3750	0x1800E4D50	member-candidate	BehindWall
0xE3770	0x1800E4D70	member-candidate	InView
0xE37C8	0x1800E4DC8	member-candidate	HealthProtection
0xE3888	0x1800E4E88	member-candidate	PlayerResources
0xE3940	0x1800E4F40	member-candidate	HealthStatusColumn
0xE3968	0x1800E4F68	member-candidate	HealthRuntimeStatus
0xE3990	0x1800E4F90	member-candidate	HealthProtocolColumn
0xE39B8	0x1800E4FB8	member-candidate	HealthProtocolStatus
0xE3A78	0x1800E5078	member-candidate	tab_hover
0xE3A88	0x1800E5088	member-candidate	tab_selection
0xE3A98	0x1800E5098	member-candidate	tab_button
0xE3AA8	0x1800E50A8	member-candidate	more_options
0xE3AB8	0x1800E50B8	member-candidate	more_options_hover
0xE3AD0	0x1800E50D0	member-candidate	toggle_hover
0xE3AE0	0x1800E50E0	member-candidate	toggle_value
0xE3AF0	0x1800E50F0	member-candidate	toggle_label
0xE3B00	0x1800E5100	member-candidate	toggle_switch
0xE3B10	0x1800E5110	member-candidate	row_color
0xE3B20	0x1800E5120	member-candidate	disabled_toggle
0xE3B30	0x1800E5130	member-candidate	slider_value
0xE3B40	0x1800E5140	member-candidate	slider_hover
0xE3B50	0x1800E5150	member-candidate	slider_track
0xE3B68	0x1800E5168	member-candidate	SkillRow
0xE3B90	0x1800E5190	member-candidate	SelectedSkillEditor
0xE4080	0x1800E5680	member-candidate	SkillList
0xE4090	0x1800E5690	member-candidate	SkillRows
0xE40C4	0x1800E56C4	member-candidate	space
0xE4250	0x1800E5850	member-candidate	MeshTextureCoords
0xE4418	0x1800E5A18	member-candidate	alnum
0xE4420	0x1800E5A20	member-candidate	alnum
0xE442C	0x1800E5A2C	member-candidate	alpha
0xE4438	0x1800E5A38	member-candidate	alpha
0xE4444	0x1800E5A44	member-candidate	blank
0xE4450	0x1800E5A50	member-candidate	blank
0xE445C	0x1800E5A5C	member-candidate	cntrl
0xE4468	0x1800E5A68	member-candidate	cntrl
0xE447C	0x1800E5A7C	member-candidate	digit
0xE4488	0x1800E5A88	member-candidate	digit
0xE4494	0x1800E5A94	member-candidate	graph
0xE44A0	0x1800E5AA0	member-candidate	graph
0xE44AC	0x1800E5AAC	member-candidate	lower
0xE44B8	0x1800E5AB8	member-candidate	lower
0xE44C4	0x1800E5AC4	member-candidate	print
0xE44D0	0x1800E5AD0	member-candidate	print
0xE44DC	0x1800E5ADC	member-candidate	punct
0xE44E8	0x1800E5AE8	member-candidate	punct
0xE44F8	0x1800E5AF8	member-candidate	space
0xE450C	0x1800E5B0C	member-candidate	upper
0xE4518	0x1800E5B18	member-candidate	upper
0xE452C	0x1800E5B2C	member-candidate	xdigit
0xE4538	0x1800E5B38	member-candidate	xdigit
0xE4A58	0x1800E6058	member-candidate	generic
0xE4A60	0x1800E6060	member-candidate	system
0xE4AF0	0x1800E60F0	member-candidate	Bip01
0xE4AF8	0x1800E60F8	member-candidate	Bip01_R_Finger1
0xE4B08	0x1800E6108	member-candidate	Bip01_BackPack
0xE4B18	0x1800E6118	member-candidate	Bip01_R_Finger0
0xE4B28	0x1800E6128	member-candidate	Bip01_L_Finger1
0xE4B38	0x1800E6138	member-candidate	Bip01_L_Finger0
0xE4B48	0x1800E6148	member-candidate	Bip01_DressBack
0xE4B58	0x1800E6158	member-candidate	Bip01_DressBack02
0xE4B70	0x1800E6170	member-candidate	Bip01_DressFront02
0xE4B88	0x1800E6188	member-candidate	Bip01_DressFront
0xE4BA8	0x1800E61A8	member-candidate	FrameTransformMatrix
0xE4C50	0x1800E6250	member-candidate	Dummy01
0xE4C58	0x1800E6258	member-candidate	SkinWeights
0xE4C78	0x1800E6278	member-candidate	AnimTicksPerSecond
0xE4DA8	0x1800E63A8	class	media/anims_X/Bob
0xE4DD0	0x1800E63D0	class	media/anims_X/Zombie
0xE5250	0x1800E6850	member-candidate	Position
0xE5260	0x1800E6860	member-candidate	TextureInput
0xE5298	0x1800E6898	member-candidate	SourceTexture
0xE52A8	0x1800E68A8	member-candidate	Direction
0xE52E0	0x1800E68E0	member-candidate	glGenFramebuffers
0xE52F8	0x1800E68F8	member-candidate	glBindFramebuffer
0xE5310	0x1800E6910	member-candidate	glFramebufferTexture2D
0xE5328	0x1800E6928	member-candidate	glCheckFramebufferStatus
0xE5348	0x1800E6948	member-candidate	glDeleteFramebuffers
0xE5360	0x1800E6960	member-candidate	glCreateShader
0xE5370	0x1800E6970	member-candidate	glShaderSource
0xE5380	0x1800E6980	member-candidate	glCompileShader
0xE5390	0x1800E6990	member-candidate	glGetShaderiv
0xE53A0	0x1800E69A0	member-candidate	glGetShaderInfoLog
0xE53B8	0x1800E69B8	member-candidate	glDeleteShader
0xE53C8	0x1800E69C8	member-candidate	glCreateProgram
0xE53D8	0x1800E69D8	member-candidate	glAttachShader
0xE53E8	0x1800E69E8	member-candidate	glLinkProgram
0xE53F8	0x1800E69F8	member-candidate	glGetProgramiv
0xE5408	0x1800E6A08	member-candidate	glGetProgramInfoLog
0xE5420	0x1800E6A20	member-candidate	glDeleteProgram
0xE5430	0x1800E6A30	member-candidate	glUniform1i
0xE5440	0x1800E6A40	member-candidate	glUniform2f
0xE5450	0x1800E6A50	member-candidate	glBindAttribLocation
0xE5468	0x1800E6A68	member-candidate	glGenBuffers
0xE5478	0x1800E6A78	member-candidate	glBufferData
0xE5550	0x1800E6B50	member-candidate	Food
0xE5798	0x1800E6D98	member-candidate	item_card
0xE5830	0x1800E6E30	member-candidate	ItemGeneratorControls
0xE5928	0x1800E6F28	member-candidate	ItemCatalog
0xE59F8	0x1800E6FF8	member-candidate	EffectRow
0xE5A08	0x1800E7008	member-candidate	StatRow
0xE5A20	0x1800E7020	member-candidate	EffectEditorControls
0xE5CD0	0x1800E72D0	member-candidate	PlayerEffectEditor
0xE5D20	0x1800E7320	member-candidate	EffectRows
0xE5D48	0x1800E7348	member-candidate	Player3DPreview
0xE5DD0	0x1800E73D0	member-candidate	VehiclePreview
0xE5E28	0x1800E7428	member-candidate	PreviewStateSelector
0xE5E40	0x1800E7440	member-candidate	PreviewState
0xE5E50	0x1800E7450	member-candidate	PreviewStateAmount
0xE5E68	0x1800E7468	member-candidate	ModelEffectDropdown
0xE5E90	0x1800E7490	member-candidate	ModelAdvanced
0xE5EA0	0x1800E74A0	member-candidate	ModelEffectColor
0xE5EB8	0x1800E74B8	member-candidate	EffectSelector
0xE5EC8	0x1800E74C8	member-candidate	EffectPopup
0xE5ED8	0x1800E74D8	member-candidate	EffectSelectorHover
0xE5EF0	0x1800E74F0	member-candidate	EffectItem
0xE5F00	0x1800E7500	member-candidate	EffectItemAmount
0xE5F78	0x1800E7578	member-candidate	AdvancedSettingsGroup
0xE5F90	0x1800E7590	member-candidate	nav_hover
0xE5FA0	0x1800E75A0	member-candidate	nav_selection
0xE5FB0	0x1800E75B0	member-candidate	nav_button
0xE5FBC	0x1800E75BC	member-candidate	Rage
0xE5FC4	0x1800E75C4	member-candidate	Legit
0xE6020	0x1800E7620	member-candidate	Sidebar
0xE6058	0x1800E7658	member-candidate	AimbotNavigation
0xE6070	0x1800E7670	member-candidate	VisualNavigation
0xE60A0	0x1800E76A0	member-candidate	CommonNavigation
0xE60DC	0x1800E76DC	member-candidate	Topbar
0xE60F8	0x1800E76F8	member-candidate	VisualLeft
0xE6120	0x1800E7720	member-candidate	ZombieControls
0xE61B0	0x1800E77B0	member-candidate	VisualPreviewColumn
0xE61D8	0x1800E77D8	member-candidate	ZombiePreviewCard
0xE61F0	0x1800E77F0	member-candidate	PlayerVisualLeft
0xE6220	0x1800E7820	member-candidate	PlayerControls
0xE6258	0x1800E7858	member-candidate	PlayerVisualPreviewColumn
0xE6288	0x1800E7888	member-candidate	PlayerPreviewCard
0xE62A0	0x1800E78A0	member-candidate	AnimalVisualLeft
0xE62D0	0x1800E78D0	member-candidate	AnimalControls
0xE62F8	0x1800E78F8	member-candidate	AnimalVisualPreviewColumn
0xE6328	0x1800E7928	member-candidate	AnimalPreviewCard
0xE6340	0x1800E7940	member-candidate	VehicleVisualLeft
0xE6370	0x1800E7970	member-candidate	VehicleControls
0xE63D0	0x1800E79D0	member-candidate	VehicleVisualPreviewColumn
0xE6400	0x1800E7A00	member-candidate	VehiclePreviewCard
0xE6418	0x1800E7A18	member-candidate	UnavailablePage
0xE6440	0x1800E7A40	member-candidate	Content
0xE6508	0x1800E7B08	member-candidate	WorldVisualEffects
0xE6580	0x1800E7B80	member-candidate	WorldWeatherEffects
0xE65A8	0x1800E7BA8	member-candidate	WeaponRayEffects
0xE65E8	0x1800E7BE8	member-candidate	WeaponRayColor
0xE65F8	0x1800E7BF8	member-candidate	Zombie3DPreview
0xE6670	0x1800E7C70	member-candidate	stb_truetype
0xE6680	0x1800E7C80	member-candidate	Clear
0xE66BC	0x1800E7CBC	member-candidate	Left
0xE66E4	0x1800E7CE4	member-candidate	Middle
0xE66EC	0x1800E7CEC	member-candidate	Right
0xE6830	0x1800E7E30	member-candidate	<unknown>
0xE68A0	0x1800E7EA0	signature	(null)
0xE6A10	0x1800E8010	member-candidate	Unknown
0xE6AC8	0x1800E80C8	signature	(Main menu bar)
0xE6AD8	0x1800E80D8	signature	(Popup)
0xE6AE0	0x1800E80E0	signature	(Untitled)
0xE6B18	0x1800E8118	member-candidate	Window
0xE6C90	0x1800E8290	signature	(Debug Log: Auto-disabled some ImGuiDebugLogFlags after 2 frames)
0xE6F18	0x1800E8518	member-candidate	LeftArrow
0xE6F28	0x1800E8528	member-candidate	RightArrow
0xE6F38	0x1800E8538	member-candidate	UpArrow
0xE6F40	0x1800E8540	member-candidate	DownArrow
0xE6F4C	0x1800E854C	member-candidate	PageUp
0xE6F58	0x1800E8558	member-candidate	PageDown
0xE6F64	0x1800E8564	member-candidate	Home
0xE6F70	0x1800E8570	member-candidate	Insert
0xE6F78	0x1800E8578	member-candidate	Delete
0xE6F80	0x1800E8580	member-candidate	Backspace
0xE6F8C	0x1800E858C	member-candidate	Space
0xE6F94	0x1800E8594	member-candidate	Enter
0xE6F9C	0x1800E859C	member-candidate	Escape
0xE6FA8	0x1800E85A8	member-candidate	LeftCtrl
0xE6FB8	0x1800E85B8	member-candidate	LeftShift
0xE6FC8	0x1800E85C8	member-candidate	LeftAlt
0xE6FD0	0x1800E85D0	member-candidate	LeftSuper
0xE6FE0	0x1800E85E0	member-candidate	RightCtrl
0xE6FF0	0x1800E85F0	member-candidate	RightShift
0xE7000	0x1800E8600	member-candidate	RightAlt
0xE7010	0x1800E8610	member-candidate	RightSuper
0xE701C	0x1800E861C	member-candidate	Menu
0xE7100	0x1800E8700	member-candidate	Apostrophe
0xE710C	0x1800E870C	member-candidate	Comma
0xE7114	0x1800E8714	member-candidate	Minus
0xE711C	0x1800E871C	member-candidate	Period
0xE7124	0x1800E8724	member-candidate	Slash
0xE7130	0x1800E8730	member-candidate	Semicolon
0xE713C	0x1800E873C	member-candidate	Equal
0xE7148	0x1800E8748	member-candidate	LeftBracket
0xE7158	0x1800E8758	member-candidate	Backslash
0xE7168	0x1800E8768	member-candidate	RightBracket
0xE7178	0x1800E8778	member-candidate	GraveAccent
0xE7188	0x1800E8788	member-candidate	CapsLock
0xE7198	0x1800E8798	member-candidate	ScrollLock
0xE71A8	0x1800E87A8	member-candidate	NumLock
0xE71B0	0x1800E87B0	member-candidate	PrintScreen
0xE71BC	0x1800E87BC	member-candidate	Pause
0xE71C8	0x1800E87C8	member-candidate	Keypad0
0xE71D0	0x1800E87D0	member-candidate	Keypad1
0xE71D8	0x1800E87D8	member-candidate	Keypad2
0xE71E0	0x1800E87E0	member-candidate	Keypad3
0xE71E8	0x1800E87E8	member-candidate	Keypad4
0xE71F0	0x1800E87F0	member-candidate	Keypad5
0xE71F8	0x1800E87F8	member-candidate	Keypad6
0xE7200	0x1800E8800	member-candidate	Keypad7
0xE7208	0x1800E8808	member-candidate	Keypad8
0xE7210	0x1800E8810	member-candidate	Keypad9
0xE7218	0x1800E8818	member-candidate	KeypadDecimal
0xE7228	0x1800E8828	member-candidate	KeypadDivide
0xE7238	0x1800E8838	member-candidate	KeypadMultiply
0xE7248	0x1800E8848	member-candidate	KeypadSubtract
0xE7258	0x1800E8858	member-candidate	KeypadAdd
0xE7268	0x1800E8868	member-candidate	KeypadEnter
0xE7278	0x1800E8878	member-candidate	KeypadEqual
0xE7288	0x1800E8888	member-candidate	AppBack
0xE7290	0x1800E8890	member-candidate	AppForward
0xE729C	0x1800E889C	member-candidate	Oem102
0xE72A8	0x1800E88A8	member-candidate	GamepadStart
0xE72B8	0x1800E88B8	member-candidate	GamepadBack
0xE72C8	0x1800E88C8	member-candidate	GamepadFaceLeft
0xE72D8	0x1800E88D8	member-candidate	GamepadFaceRight
0xE72F0	0x1800E88F0	member-candidate	GamepadFaceUp
0xE7300	0x1800E8900	member-candidate	GamepadFaceDown
0xE7310	0x1800E8910	member-candidate	GamepadDpadLeft
0xE7320	0x1800E8920	member-candidate	GamepadDpadRight
0xE7338	0x1800E8938	member-candidate	GamepadDpadUp
0xE7348	0x1800E8948	member-candidate	GamepadDpadDown
0xE7358	0x1800E8958	member-candidate	GamepadL1
0xE7368	0x1800E8968	member-candidate	GamepadR1
0xE7378	0x1800E8978	member-candidate	GamepadL2
0xE7388	0x1800E8988	member-candidate	GamepadR2
0xE7398	0x1800E8998	member-candidate	GamepadL3
0xE73A8	0x1800E89A8	member-candidate	GamepadR3
0xE73B8	0x1800E89B8	member-candidate	GamepadLStickLeft
0xE73D0	0x1800E89D0	member-candidate	GamepadLStickRight
0xE73E8	0x1800E89E8	member-candidate	GamepadLStickUp
0xE73F8	0x1800E89F8	member-candidate	GamepadLStickDown
0xE7410	0x1800E8A10	member-candidate	GamepadRStickLeft
0xE7428	0x1800E8A28	member-candidate	GamepadRStickRight
0xE7440	0x1800E8A40	member-candidate	GamepadRStickUp
0xE7450	0x1800E8A50	member-candidate	GamepadRStickDown
0xE7468	0x1800E8A68	member-candidate	MouseLeft
0xE7478	0x1800E8A78	member-candidate	MouseRight
0xE7488	0x1800E8A88	member-candidate	MouseMiddle
0xE7498	0x1800E8A98	member-candidate	MouseX1
0xE74A0	0x1800E8AA0	member-candidate	MouseX2
0xE74A8	0x1800E8AA8	member-candidate	MouseWheelX
0xE74B8	0x1800E8AB8	member-candidate	MouseWheelY
0xE74C8	0x1800E8AC8	member-candidate	ModCtrl
0xE74D0	0x1800E8AD0	member-candidate	ModShift
0xE74DC	0x1800E8ADC	member-candidate	ModAlt
0xE74E8	0x1800E8AE8	member-candidate	ModSuper
0xE74F4	0x1800E8AF4	member-candidate	None
0xE7644	0x1800E8C44	member-candidate	NULL
0xE7670	0x1800E8C70	member-candidate	Mouse
0xE7678	0x1800E8C78	member-candidate	TouchScreen
0xE7688	0x1800E8C88	signature	[io] %s: MousePos (-FLT_MAX, -FLT_MAX)
0xE76B0	0x1800E8CB0	signature	[io] %s: MousePos (%.1f, %.1f) (%s)
0xE76D8	0x1800E8CD8	member-candidate	Down
0xE76E8	0x1800E8CE8	signature	[io] %s: MouseButton %d %s (%s)
0xE7710	0x1800E8D10	signature	[io] %s: MouseWheel (%.3f, %.3f) (%s)
0xE7750	0x1800E8D50	signature	[io] %s: Text: %c (U+%08X)
0xE7788	0x1800E8D88	member-candidate	Processed
0xE7798	0x1800E8D98	member-candidate	Remaining
0xE79C0	0x1800E8FC0	signature	[imgui-error] (current settings: Assert=%d, Log=%d, Tooltip=%d)
0xE7A48	0x1800E9048	signature	(and more errors)
0xE7D18	0x1800E9318	signature	"[popup] OpenPopup(""%s"" -> 0x%08X)"
0xE7D40	0x1800E9340	signature	[popup] OpenPopupEx(0x%08X)
0xE7D60	0x1800E9360	member-candidate	<NULL>
0xE7D68	0x1800E9368	signature	"[popup] ClosePopupsOverWindow(""%s"")"
0xE7EB8	0x1800E94B8	signature	"[focus] SetNavWindow(""%s"")"
0xE7ED8	0x1800E94D8	signature	"[focus] NavRestoreLayer: from ""%s"" to SetNavWindow(""%s"")"
0xE80A0	0x1800E96A0	signature	"[focus] NavMoveRequest: SetNavWindow(""%s"")"
0xE8118	0x1800E9718	signature	[nav] NavUpdateCancelRequest()
0xE8178	0x1800E9778	signature	[dragdrop] ClearDragDrop()
0xE8240	0x1800E9840	member-candidate	open
0xE824C	0x1800E984C	member-candidate	cmap
0xE8254	0x1800E9854	member-candidate	head
0xE825C	0x1800E985C	member-candidate	loca
0xE8264	0x1800E9864	member-candidate	hhea
0xE826C	0x1800E986C	member-candidate	glyf
0xE8274	0x1800E9874	member-candidate	kern
0xE827C	0x1800E987C	member-candidate	hmtx
0xE8284	0x1800E9884	member-candidate	GPOS
0xE87A0	0x1800E9DA0	member-candidate	<Unknown>
0xE88B4	0x1800E9EB4	member-candidate	Table
0xE8980	0x1800E9F80	member-candidate	double
0xE8988	0x1800E9F88	member-candidate	float
0xE8990	0x1800E9F90	member-candidate	bool
0xE89AC	0x1800E9FAC	member-candidate	Color
0xE89B8	0x1800E9FB8	signature	[selection] %s: Request: SetAll %d (= %s)
0xE89E8	0x1800E9FE8	member-candidate	SelectAll
0xE8A00	0x1800EA000	signature	[selection] %s: Request: SetRange %I64d..%I64d (0x%I64X..0x%I64X) = %d (dir %d)
0xE8AE8	0x1800EA0E8	member-candidate	EndMultiSelect
0xE8BB8	0x1800EA1B8	member-candidate	imgui_impl_win32
0xE8C10	0x1800EA210	member-candidate	XInputGetState
0xE8C20	0x1800EA220	member-candidate	XInputGetCapabilities
0xE8C50	0x1800EA250	member-candidate	wglGetProcAddress
0xE8C68	0x1800EA268	member-candidate	glBindTexture
0xE8C78	0x1800EA278	member-candidate	glBindSampler
0xE8C88	0x1800EA288	member-candidate	glBlendEquationSeparate
0xE8CA0	0x1800EA2A0	member-candidate	glBlendEquation
0xE8CB0	0x1800EA2B0	member-candidate	glBufferSubData
0xE8CC0	0x1800EA2C0	member-candidate	glBlendFuncSeparate
0xE8CD8	0x1800EA2D8	member-candidate	glClearColor
0xE8CE8	0x1800EA2E8	member-candidate	glClear
0xE8CF0	0x1800EA2F0	member-candidate	glDeleteSamplers
0xE8D08	0x1800EA308	member-candidate	glDeleteBuffers
0xE8D18	0x1800EA318	member-candidate	glDeleteVertexArrays
0xE8D30	0x1800EA330	member-candidate	glDeleteTextures
0xE8D48	0x1800EA348	member-candidate	glDisable
0xE8D58	0x1800EA358	member-candidate	glDetachShader
0xE8D68	0x1800EA368	member-candidate	glEnable
0xE8D78	0x1800EA378	member-candidate	glDrawElementsBaseVertex
0xE8D98	0x1800EA398	member-candidate	glGenSamplers
0xE8DA8	0x1800EA3A8	member-candidate	glFlush
0xE8DB0	0x1800EA3B0	member-candidate	glGetError
0xE8DC0	0x1800EA3C0	member-candidate	glGenTextures
0xE8DD0	0x1800EA3D0	member-candidate	glGetString
0xE8DE0	0x1800EA3E0	member-candidate	glGetIntegerv
0xE8DF0	0x1800EA3F0	member-candidate	glIsEnabled
0xE8E00	0x1800EA400	member-candidate	glGetStringi
0xE8E10	0x1800EA410	member-candidate	glPixelStorei
0xE8E20	0x1800EA420	member-candidate	glIsProgram
0xE8E30	0x1800EA430	member-candidate	glReadPixels
0xE8E40	0x1800EA440	member-candidate	glPolygonMode
0xE8E50	0x1800EA450	member-candidate	glScissor
0xE8E60	0x1800EA460	member-candidate	glSamplerParameteri
0xE8E78	0x1800EA478	member-candidate	glTexParameteri
0xE8E88	0x1800EA488	member-candidate	glTexImage2D
0xE8E98	0x1800EA498	member-candidate	glViewport
0xE8EA8	0x1800EA4A8	member-candidate	glTexSubImage2D
0xE8EB8	0x1800EA4B8	member-candidate	imgui_impl_opengl3
0xE8EF8	0x1800EA4F8	member-candidate	GL_ARB_clip_control
0xE9740	0x1800EAD40	member-candidate	ProjMtx
0xEB548	0x1800ECB48	member-candidate	GCTL
0xF2FF4	0x1800F45F4	member-candidate	R8P8L
0xFB24A	0x1800FC84A	member-candidate	wglGetProcAddress
0xFB25E	0x1800FC85E	member-candidate	glViewport
0xFB26C	0x1800FC86C	member-candidate	glBindTexture
0xFB27C	0x1800FC87C	member-candidate	glGenTextures
0xFB28C	0x1800FC88C	member-candidate	glEnable
0xFB298	0x1800FC898	member-candidate	glDepthMask
0xFB2A6	0x1800FC8A6	member-candidate	glScissor
0xFB2B2	0x1800FC8B2	member-candidate	glBlendFunc
0xFB2C0	0x1800FC8C0	member-candidate	glTexParameteri
0xFB2D2	0x1800FC8D2	member-candidate	glGetBooleanv
0xFB2E2	0x1800FC8E2	member-candidate	glIsEnabled
0xFB2F0	0x1800FC8F0	member-candidate	glDisable
0xFB2FC	0x1800FC8FC	member-candidate	glGetIntegerv
0xFB30C	0x1800FC90C	member-candidate	glTexImage2D
0xFB31C	0x1800FC91C	member-candidate	glDeleteTextures
0xFB330	0x1800FC930	member-candidate	glPolygonMode
0xFB340	0x1800FC940	member-candidate	glCopyTexSubImage2D
0xFB356	0x1800FC956	member-candidate	glDrawArrays
0xFB374	0x1800FC974	member-candidate	SetCursorPos
0xFB384	0x1800FC984	member-candidate	GetClientRect
0xFB394	0x1800FC994	member-candidate	GetForegroundWindow
0xFB3AA	0x1800FC9AA	member-candidate	ClientToScreen
0xFB3BC	0x1800FC9BC	member-candidate	GetWindowThreadProcessId
0xFB3D8	0x1800FC9D8	member-candidate	WindowFromDC
0xFB3E8	0x1800FC9E8	member-candidate	SetWindowLongPtrW
0xFB3FC	0x1800FC9FC	member-candidate	CallWindowProcW
0xFB40E	0x1800FCA0E	member-candidate	SetClipboardData
0xFB422	0x1800FCA22	member-candidate	GetClipboardData
0xFB436	0x1800FCA36	member-candidate	EmptyClipboard
0xFB448	0x1800FCA48	member-candidate	CloseClipboard
0xFB45A	0x1800FCA5A	member-candidate	OpenClipboard
0xFB46A	0x1800FCA6A	member-candidate	GetCursorPos
0xFB47A	0x1800FCA7A	member-candidate	ReleaseCapture
0xFB48C	0x1800FCA8C	member-candidate	IsWindowUnicode
0xFB49E	0x1800FCA9E	member-candidate	SetCursor
0xFB4AA	0x1800FCAAA	member-candidate	SetCapture
0xFB4B8	0x1800FCAB8	member-candidate	LoadCursorW
0xFB4C6	0x1800FCAC6	member-candidate	GetKeyboardLayout
0xFB4DA	0x1800FCADA	member-candidate	TrackMouseEvent
0xFB4EC	0x1800FCAEC	member-candidate	GetCapture
0xFB4FA	0x1800FCAFA	member-candidate	ScreenToClient
0xFB50C	0x1800FCB0C	member-candidate	GetMessageExtraInfo
0xFB522	0x1800FCB22	member-candidate	GetKeyState
0xFB53C	0x1800FCB3C	member-candidate	CoUninitialize
0xFB54E	0x1800FCB4E	member-candidate	CoCreateInstance
0xFB562	0x1800FCB62	member-candidate	CoInitializeEx
0xFB57E	0x1800FCB7E	member-candidate	DisableThreadLibraryCalls
0xFB59A	0x1800FCB9A	member-candidate	GetProcAddress
0xFB5AC	0x1800FCBAC	member-candidate	GetModuleHandleW
0xFB5C0	0x1800FCBC0	member-candidate	GetCurrentProcessId
0xFB5D6	0x1800FCBD6	member-candidate	GetTickCount64
0xFB5E8	0x1800FCBE8	member-candidate	SetLastError
0xFB5F8	0x1800FCBF8	member-candidate	WriteFile
0xFB604	0x1800FCC04	member-candidate	OutputDebugStringA
0xFB61A	0x1800FCC1A	member-candidate	GetModuleFileNameW
0xFB630	0x1800FCC30	member-candidate	CreateFileW
0xFB63E	0x1800FCC3E	member-candidate	Sleep
0xFB646	0x1800FCC46	member-candidate	GetLastError
0xFB656	0x1800FCC56	member-candidate	CloseHandle
0xFB664	0x1800FCC64	member-candidate	CreateThread
0xFB674	0x1800FCC74	member-candidate	MultiByteToWideChar
0xFB68A	0x1800FCC8A	member-candidate	GlobalAlloc
0xFB698	0x1800FCC98	member-candidate	GlobalFree
0xFB6A6	0x1800FCCA6	member-candidate	GlobalLock
0xFB6B4	0x1800FCCB4	member-candidate	WideCharToMultiByte
0xFB6CA	0x1800FCCCA	member-candidate	GlobalUnlock
0xFB6DA	0x1800FCCDA	member-candidate	GetLocaleInfoA
0xFB6EC	0x1800FCCEC	member-candidate	LoadLibraryA
0xFB6FC	0x1800FCCFC	member-candidate	QueryPerformanceFrequency
0xFB718	0x1800FCD18	member-candidate	FreeLibrary
0xFB726	0x1800FCD26	member-candidate	QueryPerformanceCounter
0xFB740	0x1800FCD40	member-candidate	VirtualFree
0xFB74E	0x1800FCD4E	member-candidate	VirtualAlloc
0xFB75E	0x1800FCD5E	member-candidate	GetSystemInfo
0xFB76E	0x1800FCD6E	member-candidate	VirtualQuery
0xFB77E	0x1800FCD7E	member-candidate	HeapCreate
0xFB78C	0x1800FCD8C	member-candidate	VirtualProtect
0xFB79E	0x1800FCD9E	member-candidate	HeapFree
0xFB7AA	0x1800FCDAA	member-candidate	GetCurrentProcess
0xFB7BE	0x1800FCDBE	member-candidate	Thread32Next
0xFB7CE	0x1800FCDCE	member-candidate	Thread32First
0xFB7DE	0x1800FCDDE	member-candidate	GetCurrentThreadId
0xFB7F4	0x1800FCDF4	member-candidate	SuspendThread
0xFB804	0x1800FCE04	member-candidate	ResumeThread
0xFB814	0x1800FCE14	member-candidate	CreateToolhelp32Snapshot
0xFB830	0x1800FCE30	member-candidate	HeapReAlloc
0xFB83E	0x1800FCE3E	member-candidate	HeapAlloc
0xFB84A	0x1800FCE4A	member-candidate	GetThreadContext
0xFB85E	0x1800FCE5E	member-candidate	FlushInstructionCache
0xFB876	0x1800FCE76	member-candidate	SetThreadContext
0xFB88A	0x1800FCE8A	member-candidate	OpenThread
0xFB8A6	0x1800FCEA6	member-candidate	ShellExecuteW
0xFB8E4	0x1800FCEE4	member-candidate	_Query_perf_frequency
0xFB8FC	0x1800FCEFC	member-candidate	_Query_perf_counter
0xFB954	0x1800FCF54	member-candidate	_Cnd_do_broadcast_at_thread_exit
0xFB978	0x1800FCF78	member-candidate	_Thrd_detach
0xFB988	0x1800FCF88	member-candidate	_Mtx_lock
0xFB994	0x1800FCF94	member-candidate	_Mtx_unlock
0xFB9BC	0x1800FCFBC	member-candidate	_Strxfrm
0xFBB82	0x1800FD182	member-candidate	_Strcoll
0xFC4FE	0x1800FDAFE	member-candidate	__crtLCMapStringA
0xFC512	0x1800FDB12	member-candidate	ImmSetCandidateWindow
0xFC52A	0x1800FDB2A	member-candidate	ImmSetCompositionWindow
0xFC544	0x1800FDB44	member-candidate	ImmReleaseContext
0xFC558	0x1800FDB58	member-candidate	ImmGetContext
0xFC572	0x1800FDB72	member-candidate	__CxxFrameHandler4
0xFC588	0x1800FDB88	member-candidate	__std_exception_destroy
0xFC5A2	0x1800FDBA2	member-candidate	__std_exception_copy
0xFC5BA	0x1800FDBBA	member-candidate	__std_terminate
0xFC5CC	0x1800FDBCC	member-candidate	__std_type_info_compare
0xFC5E6	0x1800FDBE6	member-candidate	strchr
0xFC5F0	0x1800FDBF0	member-candidate	__RTtypeid
0xFC5FE	0x1800FDBFE	member-candidate	__C_specific_handler
0xFC616	0x1800FDC16	member-candidate	__current_exception
0xFC62C	0x1800FDC2C	member-candidate	__current_exception_context
0xFC64A	0x1800FDC4A	member-candidate	_CxxThrowException
0xFC660	0x1800FDC60	member-candidate	memset
0xFC66A	0x1800FDC6A	member-candidate	__std_type_info_destroy_list
0xFC68A	0x1800FDC8A	member-candidate	memchr
0xFC694	0x1800FDC94	member-candidate	memcmp
0xFC69E	0x1800FDC9E	member-candidate	memcpy
0xFC6A8	0x1800FDCA8	member-candidate	memmove
0xFC6D8	0x1800FDCD8	member-candidate	__stdio_common_vsprintf
0xFC6F2	0x1800FDCF2	member-candidate	tolower
0xFC6FC	0x1800FDCFC	member-candidate	_beginthreadex
0xFC70E	0x1800FDD0E	member-candidate	terminate
0xFC71A	0x1800FDD1A	member-candidate	lroundf
0xFC724	0x1800FDD24	member-candidate	__stdio_common_vsprintf_s
0xFC740	0x1800FDD40	member-candidate	fputc
0xFC748	0x1800FDD48	member-candidate	strtof
0xFC752	0x1800FDD52	member-candidate	fflush
0xFC75C	0x1800FDD5C	member-candidate	fclose
0xFC766	0x1800FDD66	member-candidate	realloc
0xFC770	0x1800FDD70	member-candidate	strtoul
0xFC77A	0x1800FDD7A	member-candidate	fgetc
0xFC782	0x1800FDD82	member-candidate	_unlock_file
0xFC792	0x1800FDD92	member-candidate	_lock_file
0xFC7A0	0x1800FDDA0	member-candidate	fwrite
0xFC7AA	0x1800FDDAA	member-candidate	_errno
0xFC7B4	0x1800FDDB4	member-candidate	strtol
0xFC7BE	0x1800FDDBE	member-candidate	fgetpos
0xFC7C8	0x1800FDDC8	member-candidate	setvbuf
0xFC7D2	0x1800FDDD2	member-candidate	free
0xFC7DA	0x1800FDDDA	member-candidate	ungetc
0xFC7E4	0x1800FDDE4	member-candidate	fsetpos
0xFC7EE	0x1800FDDEE	member-candidate	fread
0xFC7F6	0x1800FDDF6	member-candidate	_fseeki64
0xFC802	0x1800FDE02	member-candidate	_get_stream_buffer_pointers
0xFC820	0x1800FDE20	member-candidate	ftell
0xFC828	0x1800FDE28	member-candidate	__acrt_iob_func
0xFC83A	0x1800FDE3A	member-candidate	fseek
0xFC842	0x1800FDE42	member-candidate	__stdio_common_vfprintf
0xFC85C	0x1800FDE5C	member-candidate	qsort
0xFC864	0x1800FDE64	member-candidate	_wfopen
0xFC86E	0x1800FDE6E	member-candidate	__stdio_common_vsscanf
0xFC888	0x1800FDE88	member-candidate	malloc
0xFC892	0x1800FDE92	member-candidate	_callnewh
0xFC89E	0x1800FDE9E	member-candidate	_seh_filter_dll
0xFC8B0	0x1800FDEB0	member-candidate	_configure_narrow_argv
0xFC8CA	0x1800FDECA	member-candidate	_initialize_narrow_environment
0xFC8EC	0x1800FDEEC	member-candidate	_initialize_onexit_table
0xFC908	0x1800FDF08	member-candidate	_register_onexit_function
0xFC924	0x1800FDF24	member-candidate	_execute_onexit_table
0xFC93C	0x1800FDF3C	member-candidate	_crt_atexit
0xFC94A	0x1800FDF4A	member-candidate	_cexit
0xFC954	0x1800FDF54	member-candidate	_initterm
0xFC960	0x1800FDF60	member-candidate	_initterm_e
0xFC96E	0x1800FDF6E	member-candidate	___lc_locale_name_func
0xFC988	0x1800FDF88	member-candidate	___lc_collate_cp_func
0xFC9A0	0x1800FDFA0	member-candidate	___lc_codepage_func
0xFCAE6	0x1800FE0E6	member-candidate	ReleaseSRWLockExclusive
0xFCB00	0x1800FE100	member-candidate	AcquireSRWLockExclusive
0xFCB1A	0x1800FE11A	member-candidate	WakeAllConditionVariable
0xFCB36	0x1800FE136	member-candidate	SleepConditionVariableSRW
0xFCB52	0x1800FE152	member-candidate	GetSystemTimeAsFileTime
0xFCB6C	0x1800FE16C	member-candidate	InitializeSListHead
0xFCB82	0x1800FE182	member-candidate	LocalFree
0xFCB8E	0x1800FE18E	member-candidate	FormatMessageA
0xFCBA0	0x1800FE1A0	member-candidate	GetLocaleInfoEx
0xFCBB2	0x1800FE1B2	member-candidate	AreFileApisANSI
0xFCBC4	0x1800FE1C4	member-candidate	_fdclass
0xFCBD0	0x1800FE1D0	member-candidate	acosf
0xFCBD8	0x1800FE1D8	member-candidate	atan2f
0xFCBE2	0x1800FE1E2	member-candidate	ceilf
0xFCBEA	0x1800FE1EA	member-candidate	cosf
0xFCBF2	0x1800FE1F2	member-candidate	expf
0xFCBFA	0x1800FE1FA	member-candidate	floorf
0xFCC04	0x1800FE204	member-candidate	fmodf
0xFCC0C	0x1800FE20C	member-candidate	powf
0xFCC14	0x1800FE214	member-candidate	roundf
0xFCC1E	0x1800FE21E	member-candidate	sinf
0xFCC26	0x1800FE226	member-candidate	sqrtf
0xFCC2E	0x1800FE22E	member-candidate	strcmp
0xFCC38	0x1800FE238	member-candidate	strcpy
0xFCC42	0x1800FE242	member-candidate	strlen
0xFCC4C	0x1800FE24C	member-candidate	strncmp
0xFCC56	0x1800FE256	member-candidate	strncpy
0xFCC60	0x1800FE260	member-candidate	wcslen
0xFD2C1	0x1800FF4C1	member-candidate	Ga>R
0xFD5EC	0x1800FF7EC	member-candidate	PPPP
0xFDCF5	0x1800FFEF5	member-candidate	Q8>R
