offset_hex	va	encoding	value
0x4D	0x18000004D	ascii	!This program cannot be run in DOS mode.
0xE6	0x1800000E6	ascii	g?Rich
0x200	0x180000200	ascii	.text
0x227	0x180000227	ascii	`.rdata
0x24F	0x18000024F	ascii	@.data
0x278	0x180000278	ascii	.pdata
0x29F	0x18000029F	ascii	@.rsrc
0x2C7	0x1800002C7	ascii	@.reloc
0xB9F	0x18000179F	ascii	D$(L
0xBAD	0x1800017AD	ascii	D$ 3
0xBE7	0x1800017E7	ascii	L$ H
0xC17	0x180001817	ascii	L$ H
0xC47	0x180001847	ascii	L$ H
0xC77	0x180001877	ascii	L$ H
0xCA7	0x1800018A7	ascii	L$ H
0xCD7	0x1800018D7	ascii	L$ H
0xD07	0x180001907	ascii	L$ H
0xD37	0x180001937	ascii	L$ H
0xD67	0x180001967	ascii	L$ H
0xD97	0x180001997	ascii	L$ H
0xE57	0x180001A57	ascii	\$0H
0xF87	0x180001B87	ascii	t$ WH
0xF9B	0x180001B9B	ascii	D$@H
0xFCE	0x180001BCE	ascii	L$0H
0xFEC	0x180001BEC	ascii	L$8L
0xFF1	0x180001BF1	ascii	D$ I
0xFFF	0x180001BFF	ascii	T$0I
0x1009	0x180001C09	ascii	T$ H
0x100E	0x180001C0E	ascii	D$ H
0x1013	0x180001C13	ascii	T$0H;
0x1032	0x180001C32	ascii	L$8L
0x1037	0x180001C37	ascii	D$ H
0x103C	0x180001C3C	ascii	T$ I
0x10F7	0x180001CF7	ascii	L$@H3
0x1104	0x180001D04	ascii	\$pH
0x1109	0x180001D09	ascii	t$xH
0x1130	0x180001D30	ascii	D$0H
0x11A2	0x180001DA2	ascii	T$ H
0x11B7	0x180001DB7	ascii	D$ H
0x11BC	0x180001DBC	ascii	L$0H3
0x11DB	0x180001DDB	ascii	L$0H3
0x1252	0x180001E52	ascii	t$0H
0x2ACB	0x1800036CB	ascii	t$0H
0x2AD0	0x1800036D0	ascii	|$8H
0x2BDE	0x1800037DE	ascii	|$8H
0x2D2C	0x18000392C	ascii	\$0H
0x2D40	0x180003940	ascii	@SUVWAVH
0x2D57	0x180003957	ascii	D$PI
0x2D65	0x180003965	ascii	L$(E3
0x2DDD	0x1800039DD	ascii	D$0f
0x2DEB	0x1800039EB	ascii	L$@D
0x2DF0	0x1800039F0	ascii	t$0H
0x2EAC	0x180003AAC	ascii	L$PH3
0x2EBA	0x180003ABA	ascii	`A^_^][
0x2ED3	0x180003AD3	ascii	USVWATAUAVAWH
0x2F51	0x180003B51	ascii	L$pD
0x3204	0x180003E04	ascii	t9ff
0x330F	0x180003F0F	ascii	u?D8
0x3318	0x180003F18	ascii	u6D8
0x3321	0x180003F21	ascii	u-D8
0x3442	0x180004042	ascii	t$dL
0x345F	0x18000405F	ascii	l$xL
0x357F	0x18000417F	ascii	t$hH
0x375C	0x18000435C	ascii	D$`A
0x378D	0x18000438D	ascii	|$|Hc
0x37F7	0x1800043F7	ascii	N'I;
0x38C2	0x1800044C2	ascii	|$|E3
0x3960	0x180004560	ascii	\D$x
0x3A3A	0x18000463A	ascii	D$vL
0x3A97	0x180004697	ascii	D$tL
0x3CBC	0x1800048BC	ascii	^t$h
0x3E23	0x180004A23	ascii	D$vf
0x3ECE	0x180004ACE	ascii	t$(H
0x404D	0x180004C4D	ascii	|$pE
0x41AE	0x180004DAE	ascii	@szH
0x4279	0x180004E79	ascii	t$pL
0x4475	0x180005075	ascii	L$lH
0x4794	0x180005394	ascii	D$lH
0x479D	0x18000539D	ascii	D$lD
0x4920	0x180005520	ascii	l$xA
0x495C	0x18000555C	ascii	t$(H
0x4A65	0x180005665	ascii	t$pL
0x4A94	0x180005694	ascii	t$pL
0x4AB3	0x1800056B3	ascii	t$dH
0x4C43	0x180005843	ascii	D$au
0x4CE6	0x1800058E6	ascii	D$|L
0x4CFD	0x1800058FD	ascii	D$vL
0x4D44	0x180005944	ascii	|$ M
0x4F70	0x180005B70	ascii	D$lH
0x4F79	0x180005B79	ascii	D$lD
0x4FB2	0x180005BB2	ascii	D$vf
0x5094	0x180005C94	ascii	l$xA
0x509E	0x180005C9E	ascii	T$dH
0x50C6	0x180005CC6	ascii	t$(H
0x51D4	0x180005DD4	ascii	l$xM
0x520E	0x180005E0E	ascii	t$pH
0x52E5	0x180005EE5	ascii	@stH
0x53A9	0x180005FA9	ascii	t$|L
0x54E4	0x1800060E4	ascii	MHH;
0x5554	0x180006154	ascii	D$lH
0x555D	0x18000615D	ascii	D$lD
0x56C5	0x1800062C5	ascii	u#D8mpu
0x56CD	0x1800062CD	ascii	D8mmu
0x56D8	0x1800062D8	ascii	@8unt
0x56DE	0x1800062DE	ascii	@8uou
0x57F2	0x1800063F2	ascii	D$ A
0x5822	0x180006422	ascii	D8d$`t_H
0x582D	0x18000642D	ascii	D8!tVD8eht
0x5838	0x180006438	ascii	D8a4t
0x5848	0x180006448	ascii	D8eit
0x584E	0x18000644E	ascii	D8a5t
0x58D7	0x1800064D7	ascii	t$|L
0x5907	0x180006507	ascii	t$dH
0x5B84	0x180006784	ascii	A_A^A]A\_^[]
0x5BF0	0x1800067F0	ascii	@SUVWH
0x5C4B	0x18000684B	ascii	8_^][
0x5C63	0x180006863	ascii	ATAWH
0x5EDD	0x180006ADD	ascii	(D$pD
0x5EE3	0x180006AE3	ascii	(L$`H
0x5EEE	0x180006AEE	ascii	A_A\
0x5F00	0x180006B00	ascii	@SWH
0x5FFA	0x180006BFA	ascii	)L$`
0x6022	0x180006C22	ascii	)D$pH
0x6131	0x180006D31	ascii	GPI;
0x614C	0x180006D4C	ascii	L$0L
0x6190	0x180006D90	ascii	L$0H
0x6210	0x180006E10	ascii	GDE2
0x6237	0x180006E37	ascii	(L$`A
0x6241	0x180006E41	ascii	(D$p
0x628B	0x180006E8B	ascii	L$PH3
0x6343	0x180006F43	ascii	ATAWH
0x65BD	0x1800071BD	ascii	(D$pD
0x65C3	0x1800071C3	ascii	(L$`H
0x65CE	0x1800071CE	ascii	A_A\
0x65E0	0x1800071E0	ascii	@SWH
0x66DA	0x1800072DA	ascii	)L$`
0x6702	0x180007302	ascii	)D$pH
0x6811	0x180007411	ascii	GdI;
0x682C	0x18000742C	ascii	L$0L
0x6870	0x180007470	ascii	L$0H
0x68F0	0x1800074F0	ascii	GXE2
0x6917	0x180007517	ascii	(L$`A
0x6921	0x180007521	ascii	(D$p
0x696B	0x18000756B	ascii	L$PH3
0x6A23	0x180007623	ascii	ATAWH
0x6C9D	0x18000789D	ascii	(D$pD
0x6CA3	0x1800078A3	ascii	(L$`H
0x6CAE	0x1800078AE	ascii	A_A\
0x6D77	0x180007977	ascii	\$8H
0x6DDF	0x1800079DF	ascii	\$HH
0x6DF9	0x1800079F9	ascii	\$HH
0x6E02	0x180007A02	ascii	D$ H
0x6E6B	0x180007A6B	ascii	t$8H
0x6EB4	0x180007AB4	ascii	t$8H+
0x6F0A	0x180007B0A	ascii	\$@H
0x6F3B	0x180007B3B	ascii	t$8H
0x6F6F	0x180007B6F	ascii	t$8H+
0x6FC5	0x180007BC5	ascii	\$@H
0x7115	0x180007D15	ascii	\$@H
0x7158	0x180007D58	ascii	\$0H
0x7172	0x180007D72	ascii	\$ UVWATAUAVAWH
0x71D6	0x180007DD6	ascii	H#U0L
0x71EF	0x180007DEF	ascii	4$H;
0x7228	0x180007E28	ascii	0A_A^A]A\_^]
0x7258	0x180007E58	ascii	d$ H
0x7359	0x180007F59	ascii	H#U0L
0x736E	0x180007F6E	ascii	4$H;
0x73B1	0x180007FB1	ascii	E0I#
0x7422	0x180008022	ascii	r9I;
0x745B	0x18000805B	ascii	<$M;
0x7490	0x180008090	ascii	@SUVAVH
0x74D5	0x1800080D5	ascii	(A^^][
0x74E1	0x1800080E1	ascii	|$ H
0x7532	0x180008132	ascii	A'H;
0x7570	0x180008170	ascii	|$ H
0x7576	0x180008176	ascii	(A^^][
0x7593	0x180008193	ascii	UVAVH
0x75EE	0x1800081EE	ascii	T$8A
0x7619	0x180008219	ascii	H#N0H
0x762E	0x18000822E	ascii	D$ H
0x7636	0x180008236	ascii	L$0H
0x763B	0x18000823B	ascii	D$(L
0x765B	0x18000825B	ascii	tGH;
0x7662	0x180008262	ascii	L9t$(u
0x766B	0x18000826B	ascii	D$ H
0x7673	0x180008273	ascii	l$HH
0x7680	0x180008280	ascii	|$@I
0x7695	0x180008295	ascii	\$xH
0x769E	0x18000829E	ascii	PA^^]
0x76A4	0x1800082A4	ascii	L9t$(u
0x76AD	0x1800082AD	ascii	D$ L
0x76BD	0x1800082BD	ascii	L$0H
0x7712	0x180008312	ascii	T$8H#N0H
0x772B	0x18000832B	ascii	D$ f
0x7758	0x180008358	ascii	D$ L
0x77AB	0x1800083AB	ascii	|$8H
0x77DC	0x1800083DC	ascii	|$8H+
0x7837	0x180008437	ascii	\$@H
0x78B0	0x1800084B0	ascii	@SVATAWH
0x78FC	0x1800084FC	ascii	l$0H
0x790C	0x18000850C	ascii	|$(L
0x7914	0x180008514	ascii	t$ I
0x7961	0x180008561	ascii	A'H;
0x79D7	0x1800085D7	ascii	u#L;
0x7A58	0x180008658	ascii	l$0H
0x7A61	0x180008661	ascii	|$(L
0x7A66	0x180008666	ascii	t$ H
0x7A6C	0x18000866C	ascii	8A_A\^[
0x7A80	0x180008680	ascii	@SUVATAVH
0x7ACD	0x1800086CD	ascii	|$(H
0x7ADA	0x1800086DA	ascii	|$ L
0x7B30	0x180008730	ascii	A'H;
0x7B70	0x180008770	ascii	DzH+
0x7BA8	0x1800087A8	ascii	u*M;
0x7C46	0x180008846	ascii	|$ H
0x7C4F	0x18000884F	ascii	|$(H
0x7C55	0x180008855	ascii	0A^A\^][
0x7C70	0x180008870	ascii	@SVATAVH
0x7CBC	0x1800088BC	ascii	l$0H
0x7CCC	0x1800088CC	ascii	|$(L
0x7CD4	0x1800088D4	ascii	|$ I
0x7D1C	0x18000891C	ascii	A'H;
0x7D95	0x180008995	ascii	u*I;
0x7E26	0x180008A26	ascii	l$0H
0x7E2F	0x180008A2F	ascii	|$(L
0x7E34	0x180008A34	ascii	|$ H
0x7E3A	0x180008A3A	ascii	8A^A\^[
0x7E50	0x180008A50	ascii	@SUVATAVH
0x7E9D	0x180008A9D	ascii	|$pH
0x7EAA	0x180008AAA	ascii	|$ L
0x7F00	0x180008B00	ascii	A'H;
0x7F37	0x180008B37	ascii	l$(I
0x8039	0x180008C39	ascii	|$pI
0x8041	0x180008C41	ascii	l$(L
0x8046	0x180008C46	ascii	|$ H
0x804C	0x180008C4C	ascii	0A^A\^][
0x8070	0x180008C70	ascii	@SUVWAWH
0x80B1	0x180008CB1	ascii	 A__^][
0x80D1	0x180008CD1	ascii	t$hH
0x8114	0x180008D14	ascii	H'H;
0x81B0	0x180008DB0	ascii	t$hH
0x81B6	0x180008DB6	ascii	 A__^][
0x81F5	0x180008DF5	ascii	\$@H
0x8226	0x180008E26	ascii	\$@H
0x822B	0x180008E2B	ascii	t$HH
0x8239	0x180008E39	ascii	t$ H
0x8249	0x180008E49	ascii	t$HH
0x8280	0x180008E80	ascii	@SWAVH
0x82B8	0x180008EB8	ascii	t$PH;
0x82E0	0x180008EE0	ascii	N'H;
0x837E	0x180008F7E	ascii	t$PH
0x8384	0x180008F84	ascii	 A^_[
0x83AC	0x180008FAC	ascii	 A^_[
0x83C7	0x180008FC7	ascii	t$ ATAVAWH
0x83EA	0x180008FEA	ascii	|$HH
0x841B	0x18000901B	ascii	|$HH+
0x8469	0x180009069	ascii	\$PK
0x8489	0x180009089	ascii	t$XH
0x848F	0x18000908F	ascii	 A_A^A\
0x84A7	0x1800090A7	ascii	l$ WAVAWH
0x84CD	0x1800090CD	ascii	t$HH
0x8514	0x180009114	ascii	t$HH+
0x855D	0x18000915D	ascii	\$PH
0x857D	0x18000917D	ascii	l$XH
0x8587	0x180009187	ascii	 A_A^_
0x8597	0x180009197	ascii	l$ VAVAWH
0x85B9	0x1800091B9	ascii	|$HH
0x85ED	0x1800091ED	ascii	|$HH+
0x8636	0x180009236	ascii	\$PH
0x8656	0x180009256	ascii	l$XH
0x8660	0x180009260	ascii	 A_A^^
0x8670	0x180009270	ascii	@SUVWH
0x86FE	0x1800092FE	ascii	(_^][
0x8860	0x180009460	ascii	@SVATAUH
0x8890	0x180009490	ascii	l$pI
0x8899	0x180009499	ascii	|$0L
0x889E	0x18000949E	ascii	t$(L
0x88AE	0x1800094AE	ascii	|$ H;
0x88EC	0x1800094EC	ascii	H'H;
0x89C5	0x1800095C5	ascii	t$(H
0x89CA	0x1800095CA	ascii	|$0H
0x89CF	0x1800095CF	ascii	l$pL
0x89D4	0x1800095D4	ascii	|$ H
0x89DA	0x1800095DA	ascii	8A]A\^[
0x8A1A	0x18000961A	ascii	\$0H
0x8A30	0x180009630	ascii	@VWH
0x8A6B	0x18000966B	ascii	\$PH
0x8AB4	0x1800096B4	ascii	l$XH
0x8B00	0x180009700	ascii	L#^0I
0x8B68	0x180009768	ascii	tKL;
0x8BA1	0x1800097A1	ascii	l$XH
0x8BA6	0x1800097A6	ascii	\$PL
0x8BAB	0x1800097AB	ascii	t$ H
0x8F57	0x180009B57	ascii	L$ SUVWH
0x8F67	0x180009B67	ascii	l$xH
0x8F77	0x180009B77	ascii	l$(L
0x8FA6	0x180009BA6	ascii	8_^][
0x8FB7	0x180009BB7	ascii	L$ H
0x9014	0x180009C14	ascii	\$0H
0x9082	0x180009C82	ascii	\$0H
0x90B1	0x180009CB1	ascii	\$0H
0x90C5	0x180009CC5	ascii	UVWAVAWH
0x90DC	0x180009CDC	ascii	D$@H
0x91BC	0x180009DBC	ascii	L$0H
0x91DA	0x180009DDA	ascii	L$8L
0x91DF	0x180009DDF	ascii	D$ L
0x91F0	0x180009DF0	ascii	T$0I
0x91FA	0x180009DFA	ascii	T$ H
0x91FF	0x180009DFF	ascii	L$ H
0x9204	0x180009E04	ascii	T$0H;
0x9222	0x180009E22	ascii	L$8L
0x9227	0x180009E27	ascii	D$ H
0x922C	0x180009E2C	ascii	T$ I
0x9306	0x180009F06	ascii	L$@H3
0x931C	0x180009F1C	ascii	PA_A^_^]
0x9DD3	0x18000A9D3	ascii	\$0H
0x9DD8	0x18000A9D8	ascii	t$8H
0x9DFB	0x18000A9FB	ascii	UWATAVAWH
0xA04F	0x18000AC4F	ascii	A_A^A\_]
0xA090	0x18000AC90	ascii	@SWAUAVAWH
0xA0D3	0x18000ACD3	ascii	D$(L
0xA133	0x18000AD33	ascii	)l$PD
0xA139	0x18000AD39	ascii	)|$0
0xA1BC	0x18000ADBC	ascii	)d$`
0xA1CB	0x18000ADCB	ascii	)t$@E
0xA1F8	0x18000ADF8	ascii	)\$p
0xA34A	0x18000AF4A	ascii	zhuf
0xA417	0x18000B017	ascii	(t$@D
0xA41D	0x18000B01D	ascii	(d$`D
0xA423	0x18000B023	ascii	(\$pD
0xA45C	0x18000B05C	ascii	l$(H
0xA48B	0x18000B08B	ascii	(|$0D
0xA491	0x18000B091	ascii	(l$P
0xA4E8	0x18000B0E8	ascii	A_A^A]_[
0xA500	0x18000B100	ascii	@SUVWAVAWH
0xA587	0x18000B187	ascii	(A_A^_^][
0xA597	0x18000B197	ascii	(A_A^_^][
0xA5B0	0x18000B1B0	ascii	@SUVWATAVAWH
0xA64E	0x18000B24E	ascii	D>`H
0xA669	0x18000B269	ascii	D>dH
0xA67C	0x18000B27C	ascii	D>tE
0xA6A3	0x18000B2A3	ascii	D>hA
0xA6DC	0x18000B2DC	ascii	D>lH
0xA6EA	0x18000B2EA	ascii	D>pI
0xA7FC	0x18000B3FC	ascii	L$ H
0xAA07	0x18000B607	ascii	@A_A^A\_^][
0xAA20	0x18000B620	ascii	@SUWH
0xABF6	0x18000B7F6	ascii	L$hH
0xAC06	0x18000B806	ascii	D$PH
0xAC1C	0x18000B81C	ascii	D$HH
0xAC21	0x18000B821	ascii	|$@H
0xAC37	0x18000B837	ascii	T$ H
0xACB0	0x18000B8B0	ascii	D$`H;
0xACC8	0x18000B8C8	ascii	\$hH
0xACFC	0x18000B8FC	ascii	\$hH
0xAD33	0x18000B933	ascii	\$hH
0xAD61	0x18000B961	ascii	|$PL
0xAD66	0x18000B966	ascii	t$HL
0xAE7A	0x18000BA7A	ascii	D8=_?
0xAEDB	0x18000BADB	ascii	D$!H
0xAEFA	0x18000BAFA	ascii	D$1f
0xAFCB	0x18000BBCB	ascii	L$ A
0xAFF0	0x18000BBF0	ascii	L$ H
0xB02C	0x18000BC2C	ascii	T)dH
0xB08C	0x18000BC8C	ascii	t$H;
0xB10A	0x18000BD0A	ascii	D8=l<
0xB16D	0x18000BD6D	ascii	D$!H
0xB1A0	0x18000BDA0	ascii	D$1f
0xB213	0x18000BE13	ascii	l$pH
0xB218	0x18000BE18	ascii	|$PH
0xB21D	0x18000BE1D	ascii	t$xL
0xB222	0x18000BE22	ascii	t$HL
0xB227	0x18000BE27	ascii	|$@H
0xB22C	0x18000BE2C	ascii	\$hH
0xB242	0x18000BE42	ascii	\$ UWAVH
0xB255	0x18000BE55	ascii	)t$@
0xB25D	0x18000BE5D	ascii	)|$0
0xB32D	0x18000BF2D	ascii	(t$@
0xB332	0x18000BF32	ascii	(|$0H
0xB339	0x18000BF39	ascii	PA^_]
0xB477	0x18000C077	ascii	|$xL
0xB4D2	0x18000C0D2	ascii	/hYH
0xB4F4	0x18000C0F4	ascii	|$xH
0xB573	0x18000C173	ascii	t$pH
0xB595	0x18000C195	ascii	UVWH
0xB5A4	0x18000C1A4	ascii	)t$@
0xB5A9	0x18000C1A9	ascii	)|$0
0xB69F	0x18000C29F	ascii	(t$@
0xB6A4	0x18000C2A4	ascii	(|$0H
0xB6AB	0x18000C2AB	ascii	P_^]
0xB775	0x18000C375	ascii	t$pH
0xB7AB	0x18000C3AB	ascii	t$8H
0xB7E3	0x18000C3E3	ascii	t$8H+
0xB82B	0x18000C42B	ascii	\$@H
0xB842	0x18000C442	ascii	l$ VAVAWH
0xB88B	0x18000C48B	ascii	\$@H
0xB897	0x18000C497	ascii	|$PH
0xB8DB	0x18000C4DB	ascii	O'H;
0xB9B2	0x18000C5B2	ascii	|$PH
0xB9C4	0x18000C5C4	ascii	\$@H
0xB9C9	0x18000C5C9	ascii	l$XH
0xB9DD	0x18000C5DD	ascii	 A_A^^
0xB9F0	0x18000C5F0	ascii	@SUVAUH
0xBA2A	0x18000C62A	ascii	|$xH+
0xBA32	0x18000C632	ascii	d$0L
0xBA45	0x18000C645	ascii	t$(H
0xBA50	0x18000C650	ascii	|$ H;
0xBA97	0x18000C697	ascii	N'I;
0xBAF2	0x18000C6F2	ascii	u$L;
0xBBDF	0x18000C7DF	ascii	t$(I
0xBBEF	0x18000C7EF	ascii	d$0H
0xBBFC	0x18000C7FC	ascii	|$xL
0xBC01	0x18000C801	ascii	|$ H
0xBC07	0x18000C807	ascii	8A]^][
0xC000	0x18000CC00	ascii	@WAWH
0xC0FF	0x18000CCFF	ascii	/hYH
0xC249	0x18000CE49	ascii	l$pL
0xC24E	0x18000CE4E	ascii	l$hL
0xC253	0x18000CE53	ascii	l$`L
0xC258	0x18000CE58	ascii	l$XL
0xC25D	0x18000CE5D	ascii	d$PL
0xC262	0x18000CE62	ascii	l$HA
0xC26E	0x18000CE6E	ascii	D$@D
0xC279	0x18000CE79	ascii	D$0L
0xC27E	0x18000CE7E	ascii	t$(H
0xC422	0x18000D022	ascii	D$HE3
0xC42A	0x18000D02A	ascii	L$(L
0xC42F	0x18000D02F	ascii	L$ED
0xC4D1	0x18000D0D1	ascii	D$EI
0xC4E7	0x18000D0E7	ascii	L$HH3
0xC500	0x18000D100	ascii	@SUVWAVH
0xC517	0x18000D117	ascii	D$PI
0xC525	0x18000D125	ascii	L$(E3
0xC597	0x18000D197	ascii	L$PH3
0xC5A5	0x18000D1A5	ascii	`A^_^][
0xC5BB	0x18000D1BB	ascii	L$@H
0xD200	0x18000DE00	ascii	@SUVWATAUAVAWH
0xD2D8	0x18000DED8	ascii	(A_A^A]A\_^][
0xD320	0x18000DF20	ascii	@SATAWH
0xD371	0x18000DF71	ascii	t$X3
0xD378	0x18000DF78	ascii	l$(E2
0xD389	0x18000DF89	ascii	l$PL
0xD38E	0x18000DF8E	ascii	t$ H
0xD393	0x18000DF93	ascii	|$`ff
0xD488	0x18000E088	ascii	|$`H
0xD48D	0x18000E08D	ascii	l$PL
0xD492	0x18000E092	ascii	t$ H
0xD497	0x18000E097	ascii	t$XM
0xD4B5	0x18000E0B5	ascii	l$(H
0xD4BB	0x18000E0BB	ascii	0A_A\[
0xD4E7	0x18000E0E7	ascii	0A_A\[
0xD4F2	0x18000E0F2	ascii	\$ UVWATAUAVAWH
0xD51C	0x18000E11C	ascii	T$xH
0xD534	0x18000E134	ascii	D$HH
0xD539	0x18000E139	ascii	D$HH
0xD542	0x18000E142	ascii	D$PH
0xD54B	0x18000E14B	ascii	D$AH
0xD550	0x18000E150	ascii	D$ L
0xD5DC	0x18000E1DC	ascii	D$PH
0xD5E1	0x18000E1E1	ascii	D$AH
0xD5E6	0x18000E1E6	ascii	D$ L
0xD5EB	0x18000E1EB	ascii	L$PL
0xD60D	0x18000E20D	ascii	D$PH
0xD612	0x18000E212	ascii	D$AH
0xD617	0x18000E217	ascii	D$ L
0xD61C	0x18000E21C	ascii	L$PL
0xD66E	0x18000E26E	ascii	D$pE3
0xD67F	0x18000E27F	ascii	D$HH
0xD71F	0x18000E31F	ascii	T$xH
0xD861	0x18000E461	ascii	L$HH
0xD8AC	0x18000E4AC	ascii	D$PH
0xD8B5	0x18000E4B5	ascii	D$XH
0xD8BA	0x18000E4BA	ascii	D$@H
0xD8BF	0x18000E4BF	ascii	D$ L
0xD8C4	0x18000E4C4	ascii	L$PL
0xD929	0x18000E529	ascii	D;|$p
0xD9FB	0x18000E5FB	ascii	D$PH
0xDA00	0x18000E600	ascii	D$AH
0xDA05	0x18000E605	ascii	D$ L
0xDA0A	0x18000E60A	ascii	L$PL
0xDA3C	0x18000E63C	ascii	D$xH
0xDA76	0x18000E676	ascii	D$PH
0xDA7F	0x18000E67F	ascii	D$XH
0xDA84	0x18000E684	ascii	D$@H
0xDA89	0x18000E689	ascii	D$ L
0xDA8E	0x18000E68E	ascii	L$PL
0xDAFE	0x18000E6FE	ascii	D$@H
0xDB03	0x18000E703	ascii	D$xH
0xDB08	0x18000E708	ascii	D$PH
0xDB11	0x18000E711	ascii	D$XH
0xDB16	0x18000E716	ascii	D$@H
0xDB1B	0x18000E71B	ascii	D$ L
0xDB20	0x18000E720	ascii	L$PL
0xDCCF	0x18000E8CF	ascii	|$(L
0xDCDB	0x18000E8DB	ascii	t$ A
0xDCF1	0x18000E8F1	ascii	D$P3
0xDCF8	0x18000E8F8	ascii	t$`H
0xDD0E	0x18000E90E	ascii	L$`H
0xDD85	0x18000E985	ascii	L$HH
0xDDB8	0x18000E9B8	ascii	L$0H
0xDDBD	0x18000E9BD	ascii	D$(H
0xDDFE	0x18000E9FE	ascii	D$`H
0xDE21	0x18000EA21	ascii	T$PfH
0xDF48	0x18000EB48	ascii	A_A^A]A\_^]
0xDF63	0x18000EB63	ascii	wvHc
0xE267	0x18000EE67	ascii	UVWATAUAVAWH
0xE31B	0x18000EF1B	ascii	L$0H
0xE320	0x18000EF20	ascii	D$(H
0xE358	0x18000EF58	ascii	D$@L
0xE35D	0x18000EF5D	ascii	l$PL
0xE373	0x18000EF73	ascii	L$PL
0xE436	0x18000F036	ascii	|$pL
0xE49E	0x18000F09E	ascii	l$pH
0xE59A	0x18000F19A	ascii	|$(L
0xE5A6	0x18000F1A6	ascii	t$ A
0xE5BC	0x18000F1BC	ascii	D$@L
0xE5C1	0x18000F1C1	ascii	l$PL
0xE5D7	0x18000F1D7	ascii	L$PL
0xE60E	0x18000F20E	ascii	D$pL
0xE631	0x18000F231	ascii	T$`fH
0xE68B	0x18000F28B	ascii	M(H3
0xE6AE	0x18000F2AE	ascii	A_A^A]A\_^]
0xE6C3	0x18000F2C3	ascii	USVWATAUAVAWH
0xE838	0x18000F438	ascii	d$(L
0xE844	0x18000F444	ascii	|$ A
0xE85A	0x18000F45A	ascii	D$@L
0xE85F	0x18000F45F	ascii	t$PL
0xE875	0x18000F475	ascii	L$PL
0xE8C2	0x18000F4C2	ascii	|$pL
0xE92A	0x18000F52A	ascii	t$pH
0xE9F6	0x18000F5F6	ascii	T$0H
0xE9FB	0x18000F5FB	ascii	D$(H
0xEA81	0x18000F681	ascii	L$pL
0xEA98	0x18000F698	ascii	D$`H
0xEB05	0x18000F705	ascii	t$PH
0xEB74	0x18000F774	ascii	A_A^A]A\_^[]
0xEB90	0x18000F790	ascii	@USVWATAUAVAWH
0xEBE3	0x18000F7E3	ascii	D$@H
0xEBEF	0x18000F7EF	ascii	D$ L
0xEBF4	0x18000F7F4	ascii	L$@L
0xEC18	0x18000F818	ascii	D$@H
0xEC24	0x18000F824	ascii	D$ L
0xEC29	0x18000F829	ascii	L$@L
0xEDB9	0x18000F9B9	ascii	D$`H
0xEDC2	0x18000F9C2	ascii	D$hH
0xEDCE	0x18000F9CE	ascii	D$ L
0xEDD3	0x18000F9D3	ascii	L$`L
0xEE9B	0x18000FA9B	ascii	D$@H
0xEEA7	0x18000FAA7	ascii	D$ L
0xEEAC	0x18000FAAC	ascii	L$@L
0xEECD	0x18000FACD	ascii	D$@H
0xEED9	0x18000FAD9	ascii	D$ L
0xEEDE	0x18000FADE	ascii	L$@L
0xEF02	0x18000FB02	ascii	D$@H
0xEF0E	0x18000FB0E	ascii	D$ L
0xEF13	0x18000FB13	ascii	L$@L
0xEF57	0x18000FB57	ascii	D$`H
0xEF5C	0x18000FB5C	ascii	D$`H
0xEF61	0x18000FB61	ascii	D$@H
0xEF66	0x18000FB66	ascii	D$hH
0xEF6B	0x18000FB6B	ascii	D$HH
0xEF77	0x18000FB77	ascii	D$ L
0xEF7C	0x18000FB7C	ascii	L$@L
0xEF9C	0x18000FB9C	ascii	D$`H
0xEFA1	0x18000FBA1	ascii	D$`H
0xEFA6	0x18000FBA6	ascii	D$@H
0xEFAB	0x18000FBAB	ascii	D$hH
0xEFB0	0x18000FBB0	ascii	D$HH
0xEFBC	0x18000FBBC	ascii	D$ L
0xEFC1	0x18000FBC1	ascii	L$@L
0xEFE8	0x18000FBE8	ascii	D$`H
0xEFED	0x18000FBED	ascii	D$`H
0xEFF2	0x18000FBF2	ascii	D$@H
0xEFF7	0x18000FBF7	ascii	D$hH
0xEFFC	0x18000FBFC	ascii	D$HH
0xF008	0x18000FC08	ascii	D$ L
0xF00D	0x18000FC0D	ascii	L$@L
0xF02D	0x18000FC2D	ascii	|$`H
0xF032	0x18000FC32	ascii	D$`H
0xF037	0x18000FC37	ascii	D$@H
0xF03C	0x18000FC3C	ascii	D$hH
0xF041	0x18000FC41	ascii	D$HH
0xF04D	0x18000FC4D	ascii	D$ L
0xF052	0x18000FC52	ascii	L$@L
0xF079	0x18000FC79	ascii	D$`H
0xF07E	0x18000FC7E	ascii	D$`H
0xF083	0x18000FC83	ascii	D$@H
0xF088	0x18000FC88	ascii	D$hH
0xF08D	0x18000FC8D	ascii	D$HH
0xF099	0x18000FC99	ascii	D$ L
0xF09E	0x18000FC9E	ascii	L$@L
0xF15F	0x18000FD5F	ascii	L$0L
0xF164	0x18000FD64	ascii	l$(H
0xF1E0	0x18000FDE0	ascii	D$`L
0xF1E5	0x18000FDE5	ascii	|$pL
0xF1FB	0x18000FDFB	ascii	L$pL
0xF2F8	0x18000FEF8	ascii	|$PH
0xF36F	0x18000FF6F	ascii	A_A^A]A\_^[]
0xF43A	0x18001003A	ascii	L$8H
0xF43F	0x18001003F	ascii	l$0H
0xF46F	0x18001006F	ascii	l$0H
0xF483	0x180010083	ascii	T$8H
0xF4A3	0x1800100A3	ascii	l$0H
0xF4B9	0x1800100B9	ascii	t$@H
0xF4BE	0x1800100BE	ascii	t$8H
0xF4C3	0x1800100C3	ascii	|$H@
0xF831	0x180010431	ascii	t$@H
0xF836	0x180010436	ascii	|$HH
0xF83B	0x18001043B	ascii	l$0H
0xF883	0x180010483	ascii	USVWATAUAVAWH
0xF924	0x180010524	ascii	D$8L
0xF98F	0x18001058F	ascii	A_A^A]A\_^[]
0xF9AF	0x1800105AF	ascii	|$ H
0xFA23	0x180010623	ascii	A'H;
0xFC56	0x180010856	ascii	|$ A
0xFC5E	0x18001085E	ascii	t$(D;
0xFCFA	0x1800108FA	ascii	L;uh
0x10198	0x180010D98	ascii	D$@H
0x1023F	0x180010E3F	ascii	D$`H
0x10297	0x180010E97	ascii	t$(H
0x102E7	0x180010EE7	ascii	t$0H
0x10562	0x180011162	ascii	L;uht
0x105A6	0x1800111A6	ascii	UPH#
0x105BA	0x1800111BA	ascii	L;u(tgH
0x1062F	0x18001122F	ascii	L;u(t
0x10636	0x180011236	ascii	N| H
0x10661	0x180011261	ascii	L$$H
0x106C0	0x1800112C0	ascii	@SUVWAVAWH
0x10748	0x180011348	ascii	uVH;
0x1074D	0x18001134D	ascii	r7H;
0x1078E	0x18001138E	ascii	(A_A^_^][
0x107A6	0x1800113A6	ascii	(A_A^_^][
0x108A3	0x1800114A3	ascii	L$PH
0x10941	0x180011541	ascii	\$`H
0x10A08	0x180011608	ascii	t$XH
0x10A0D	0x18001160D	ascii	\$`H
0x10A22	0x180011622	ascii	L$0f
0x10A28	0x180011628	ascii	D$0L
0x10A34	0x180011634	ascii	D$ H
0x10A55	0x180011655	ascii	UVWATAUAVAWH
0x10A92	0x180011692	ascii	D8%w
0x10AFE	0x1800116FE	ascii	T$0L
0x10B03	0x180011703	ascii	l$(H
0x10B08	0x180011708	ascii	D$ '
0x10C91	0x180011891	ascii	D$`H
0x10C96	0x180011896	ascii	D$pH
0x10CA3	0x1800118A3	ascii	D$`f
0x10CB5	0x1800118B5	ascii	T$`H
0x10D15	0x180011915	ascii	D$@L
0x10D66	0x180011966	ascii	D$Td
0x10D77	0x180011977	ascii	L$PH
0x10D8B	0x18001198B	ascii	D$TA
0x10E67	0x180011A67	ascii	D$@H
0x10E6C	0x180011A6C	ascii	D$ L
0x10EC4	0x180011AC4	ascii	D$(D
0x10EC9	0x180011AC9	ascii	|$ L
0x10ECE	0x180011ACE	ascii	t$HM
0x10F0B	0x180011B0B	ascii	t$HA;
0x10FD5	0x180011BD5	ascii	D$ E
0x11081	0x180011C81	ascii	D$ E
0x11127	0x180011D27	ascii	D$ E
0x111CD	0x180011DCD	ascii	D$ E
0x11273	0x180011E73	ascii	D$ E
0x11319	0x180011F19	ascii	D$ E
0x11389	0x180011F89	ascii	t$HM
0x1162E	0x18001222E	ascii	T$0L
0x11633	0x180012233	ascii	t$(H
0x117EF	0x1800123EF	ascii	A_A^A]A\_^]
0x11810	0x180012410	ascii	@SUVWATAUAVH
0x11824	0x180012424	ascii	L$(H
0x118CE	0x1800124CE	ascii	A'H;
0x11935	0x180012535	ascii	0A^A]A\_^][
0x11957	0x180012557	ascii	l$ VATAVH
0x11993	0x180012593	ascii	|$`H
0x119A0	0x1800125A0	ascii	|$hH
0x11A0E	0x18001260E	ascii	|$hH
0x11A1A	0x18001261A	ascii	t$(H
0x11A68	0x180012668	ascii	\$pH
0x11A6E	0x18001266E	ascii	@A^A\^
0x11ADE	0x1800126DE	ascii	\$@H
0x11BB3	0x1800127B3	ascii	\$8H
0x11BC0	0x1800127C0	ascii	t$@H
0x11BD5	0x1800127D5	ascii	VWAVH
0x11C32	0x180012832	ascii	\$PH
0x11C38	0x180012838	ascii	 A^_^
0x11C93	0x180012893	ascii	A'H;
0x11CCE	0x1800128CE	ascii	\$PH
0x11CD4	0x1800128D4	ascii	 A^_^
0x11CF0	0x1800128F0	ascii	@USVWATAVAWH
0x11D61	0x180012961	ascii	\$ L
0x11DEE	0x1800129EE	ascii	A_A^A\_^[]
0x12005	0x180012C05	ascii	\$ L+
0x12062	0x180012C62	ascii	\$ UVWATAUAVAWH
0x1207C	0x180012C7C	ascii	T$ L
0x120C7	0x180012CC7	ascii	I#M0I
0x1214C	0x180012D4C	ascii	UUUUUUU
0x1216A	0x180012D6A	ascii	D$(H
0x12185	0x180012D85	ascii	D$0I
0x1226D	0x180012E6D	ascii	I#M0I
0x12307	0x180012F07	ascii	E0H#
0x12338	0x180012F38	ascii	D$ L
0x1234D	0x180012F4D	ascii	@A_A^A]A\_^]
0x12365	0x180012F65	ascii	UVWATAUAVAWH
0x123A5	0x180012FA5	ascii	,<L;
0x123AA	0x180012FAA	ascii	wWH;
0x124C5	0x1800130C5	ascii	A'H;
0x12527	0x180013127	ascii	\$hH
0x1252D	0x18001312D	ascii	 A_A^A]A\_^]
0x12555	0x180013155	ascii	UVWATAUAVAWH
0x125F3	0x1800131F3	ascii	A'H;
0x12651	0x180013251	ascii	\$hH
0x12657	0x180013257	ascii	 A_A^A]A\_^]
0x12673	0x180013273	ascii	UAWI
0x126A5	0x1800132A5	ascii	|$(H;
0x12725	0x180013325	ascii	)D$P
0x1272E	0x18001332E	ascii	D$`H
0x12733	0x180013333	ascii	D$hH
0x12752	0x180013352	ascii	)L$@L
0x1275C	0x18001335C	ascii	T$`L
0x12765	0x180013365	ascii	d$pL
0x1276E	0x18001336E	ascii	\$xL
0x1277B	0x18001337B	ascii	D$ L
0x127FE	0x1800133FE	ascii	L$`M
0x12816	0x180013416	ascii	udL;
0x12830	0x180013430	ascii	D$ M
0x12894	0x180013494	ascii	tlff
0x128FB	0x1800134FB	ascii	C|L;
0x12904	0x180013504	ascii	T$@I
0x12911	0x180013511	ascii	T$`H
0x1295D	0x18001355D	ascii	t$0L
0x12990	0x180013590	ascii	D$ H
0x129D8	0x1800135D8	ascii	L$`L
0x129F1	0x1800135F1	ascii	ueI;
0x12A0F	0x18001360F	ascii	D$ I
0x12ACE	0x1800136CE	ascii	T$`I
0x12B1B	0x18001371B	ascii	|$(H
0x12B45	0x180013745	ascii	L$0H
0x12B5F	0x18001375F	ascii	L$0H;
0x12BB0	0x1800137B0	ascii	@SUVH
0x12BF2	0x1800137F2	ascii	|$@H
0x12C01	0x180013801	ascii	t$XL
0x12C58	0x180013858	ascii	A'H;
0x12D2A	0x18001392A	ascii	t$XH
0x12D32	0x180013932	ascii	|$@H
0x12D38	0x180013938	ascii	 ^][
0x12D90	0x180013990	ascii	@SUVAVH
0x12DB1	0x1800139B1	ascii	|$PH
0x12DF3	0x1800139F3	ascii	|$PH+
0x12E52	0x180013A52	ascii	(A^^][
0x12F90	0x180013B90	ascii	@SUVWATAUAVAWH
0x12FA7	0x180013BA7	ascii	T$ H
0x13042	0x180013C42	ascii	D3`B
0x13047	0x180013C47	ascii	D7`B
0x1304C	0x180013C4C	ascii	D3dB
0x13051	0x180013C51	ascii	D7dB
0x13056	0x180013C56	ascii	D3hB
0x1305B	0x180013C5B	ascii	D7hB
0x13060	0x180013C60	ascii	D3lB
0x13065	0x180013C65	ascii	D7lB
0x1306A	0x180013C6A	ascii	D3pB
0x1306F	0x180013C6F	ascii	D7pB
0x13074	0x180013C74	ascii	D3tB
0x13079	0x180013C79	ascii	D7tB
0x1307E	0x180013C7E	ascii	D3xB
0x13083	0x180013C83	ascii	D7xA
0x1308D	0x180013C8D	ascii	D>|I
0x13114	0x180013D14	ascii	d$ L;
0x1319E	0x180013D9E	ascii	C|L;
0x13211	0x180013E11	ascii	8A_A^A]A\_^][
0x13220	0x180013E20	ascii	@SWAVH
0x1324B	0x180013E4B	ascii	l$8H
0x13250	0x180013E50	ascii	t$0L
0x13255	0x180013E55	ascii	d$(L
0x1325A	0x180013E5A	ascii	|$ L
0x13334	0x180013F34	ascii	|$ L
0x133D4	0x180013FD4	ascii	t$0H
0x133DA	0x180013FDA	ascii	@A^_[
0x13426	0x180014026	ascii	@A^_[
0x13435	0x180014035	ascii	UVWATAUAVAWH
0x13446	0x180014046	ascii	L$ M
0x13503	0x180014103	ascii	vLfff
0x135E9	0x1800141E9	ascii	|$ I
0x135F4	0x1800141F4	ascii	\$xI
0x135FE	0x1800141FE	ascii	0A_A^A]A\_^]
0x136E0	0x1800142E0	ascii	@SUVATH
0x136FA	0x1800142FA	ascii	d$pH
0x13711	0x180014311	ascii	|$`L
0x13716	0x180014316	ascii	t$hL
0x1371F	0x18001431F	ascii	|$ L
0x13768	0x180014368	ascii	H'H;
0x137A4	0x1800143A4	ascii	D$xI
0x1382C	0x18001442C	ascii	t$hH
0x13831	0x180014431	ascii	|$`L
0x13836	0x180014436	ascii	|$ H
0x1383C	0x18001443C	ascii	(A\^][
0x13870	0x180014470	ascii	@SAUH
0x13884	0x180014484	ascii	L$(L
0x138C4	0x1800144C4	ascii	t$PL
0x138CE	0x1800144CE	ascii	|$HH
0x138D6	0x1800144D6	ascii	d$@M
0x1390A	0x18001450A	ascii	t$8H
0x13919	0x180014519	ascii	|$0I
0x13974	0x180014574	ascii	I#M0I
0x13989	0x180014589	ascii	T$ L
0x13A12	0x180014612	ascii	O(L;
0x13A66	0x180014666	ascii	O(L;
0x13A90	0x180014690	ascii	D$ H
0x13A98	0x180014698	ascii	l$(H
0x13AC1	0x1800146C1	ascii	|$0L
0x13AC6	0x1800146C6	ascii	t$8H
0x13ACB	0x1800146CB	ascii	|$HH
0x13AD0	0x1800146D0	ascii	t$PH
0x13ADD	0x1800146DD	ascii	d$@H
0x13AE3	0x1800146E3	ascii	XA][
0x13B15	0x180014715	ascii	UVWAVAWH
0x13CB0	0x1800148B0	ascii	A_A^_^]
0x14130	0x180014D30	ascii	@SUVWATAUAVAWH
0x14152	0x180014D52	ascii	l$0H
0x14178	0x180014D78	ascii	D$8H
0x141AB	0x180014DAB	ascii	D$@E3
0x142D6	0x180014ED6	ascii	D$XH
0x142DB	0x180014EDB	ascii	L$HH
0x142E6	0x180014EE6	ascii	GL$HM;G
0x143A2	0x180014FA2	ascii	T$8H
0x143C3	0x180014FC3	ascii	l$0L
0x143C8	0x180014FC8	ascii	t$8H
0x143FE	0x180014FFE	ascii	L$ E
0x1445F	0x18001505F	ascii	D;d$@
0x144AC	0x1800150AC	ascii	xA_A^A]A\_^][
0x144C0	0x1800150C0	ascii	@SUAVH
0x14509	0x180015109	ascii	@A^][
0x14520	0x180015120	ascii	t$hL
0x14525	0x180015125	ascii	L$0f
0x1452B	0x18001512B	ascii	D$0L
0x14537	0x180015137	ascii	D$ H
0x145E6	0x1800151E6	ascii	|$pH
0x14600	0x180015200	ascii	t$h@
0x1460A	0x18001520A	ascii	@A^][
0x14612	0x180015212	ascii	D$xH
0x14617	0x180015217	ascii	|$xH
0x1461C	0x18001521C	ascii	D$0L
0x14621	0x180015221	ascii	L$0H
0x14633	0x180015233	ascii	D$8L
0x1463F	0x18001523F	ascii	D$`H
0x146DB	0x1800152DB	ascii	D$xH
0x146E0	0x1800152E0	ascii	l$xH
0x146E5	0x1800152E5	ascii	D$0L
0x146EA	0x1800152EA	ascii	L$0H
0x146FC	0x1800152FC	ascii	D$8L
0x14708	0x180015308	ascii	D$`H
0x14740	0x180015340	ascii	@USVWATAUAVAWH
0x147C6	0x1800153C6	ascii	D$PH
0x147CB	0x1800153CB	ascii	D$@H
0x147D0	0x1800153D0	ascii	D$ L
0x147D5	0x1800153D5	ascii	L$PL
0x147ED	0x1800153ED	ascii	D8|$@
0x14803	0x180015403	ascii	|$ A
0x1484C	0x18001544C	ascii	D$Pd
0x1485D	0x18001545D	ascii	L$DH
0x1486E	0x18001546E	ascii	D$PA
0x149F6	0x1800155F6	ascii	D$xH
0x14A37	0x180015637	ascii	T$xH
0x14AD7	0x1800156D7	ascii	D$PH
0x14AE9	0x1800156E9	ascii	D$Dx
0x14B08	0x180015708	ascii	D$PH
0x14B19	0x180015719	ascii	L$DA
0x14B7B	0x18001577B	ascii	T$0H
0x14B80	0x180015780	ascii	D$(H
0x14C09	0x180015809	ascii	L$`L
0x14C1D	0x18001581D	ascii	T$PH
0x14CDE	0x1800158DE	ascii	MXH3
0x14CEF	0x1800158EF	ascii	A_A^A]A\_^[]
0x14D20	0x180015920	ascii	UVWATAUAVAWH
0x14DC1	0x1800159C1	ascii	D$XH
0x14DC6	0x1800159C6	ascii	|$hH
0x14DD8	0x1800159D8	ascii	D$xH
0x14E06	0x180015A06	ascii	T$XH
0x14E17	0x180015A17	ascii	T$xH
0x14E76	0x180015A76	ascii	D$@H
0x14E7B	0x180015A7B	ascii	D$ L
0x14E9B	0x180015A9B	ascii	@8|$@
0x14EB0	0x180015AB0	ascii	|$ D
0x14FD8	0x180015BD8	ascii	D$XH
0x14FDD	0x180015BDD	ascii	T$hH
0x14FEF	0x180015BEF	ascii	D$xH
0x1501D	0x180015C1D	ascii	T$XI
0x1502A	0x180015C2A	ascii	T$xH
0x15098	0x180015C98	ascii	D$@H
0x1509D	0x180015C9D	ascii	D$ L
0x15133	0x180015D33	ascii	L$0L
0x15138	0x180015D38	ascii	l$(H
0x1513D	0x180015D3D	ascii	D$ %
0x15319	0x180015F19	ascii	d$(L
0x15325	0x180015F25	ascii	|$ A
0x154CC	0x1800160CC	ascii	D$XH
0x154D1	0x1800160D1	ascii	|$hH
0x154E3	0x1800160E3	ascii	D$xH
0x15511	0x180016111	ascii	T$XI
0x1551E	0x18001611E	ascii	T$xH
0x155ED	0x1800161ED	ascii	d$(L
0x155F9	0x1800161F9	ascii	|$ A
0x15757	0x180016357	ascii	A_A^A]A\_^]
0x15A37	0x180016637	ascii	l$ VWAVH
0x15A46	0x180016646	ascii	)t$pH
0x15A56	0x180016656	ascii	D$hI
0x15AD9	0x1800166D9	ascii	D$ 3
0x15AE0	0x1800166E0	ascii	t$0A
0x15AEB	0x1800166EB	ascii	t$8@
0x15AF0	0x1800166F0	ascii	t$ H
0x15B49	0x180016749	ascii	L$XH
0x15B88	0x180016788	ascii	t$0f
0x15BD0	0x1800167D0	ascii	L$ I
0x15BD9	0x1800167D9	ascii	GL$ H;
0x15C09	0x180016809	ascii	L$hH3
0x15C25	0x180016825	ascii	(t$pI
0x15C2C	0x18001682C	ascii	A^_^
0x15C54	0x180016854	ascii	D$`f
0x15C5A	0x18001685A	ascii	D$0L
0x15C5F	0x18001685F	ascii	L$0H
0x15C64	0x180016864	ascii	D$ L
0x15CA5	0x1800168A5	ascii	\$PH
0x15CC4	0x1800168C4	ascii	\$P3
0x15CD0	0x1800168D0	ascii	@SUAVH
0x15D2D	0x18001692D	ascii	@A^][
0x15D44	0x180016944	ascii	t$hL
0x15D49	0x180016949	ascii	L$0f
0x15D4F	0x18001694F	ascii	D$0L
0x15D5B	0x18001695B	ascii	D$ H
0x15E0A	0x180016A0A	ascii	|$pH
0x15E24	0x180016A24	ascii	t$h@
0x15E2E	0x180016A2E	ascii	@A^][
0x15E36	0x180016A36	ascii	D$xH
0x15E3B	0x180016A3B	ascii	|$xH
0x15E40	0x180016A40	ascii	D$0L
0x15E45	0x180016A45	ascii	L$0H
0x15E57	0x180016A57	ascii	D$8L
0x15E63	0x180016A63	ascii	D$`H
0x15EFF	0x180016AFF	ascii	D$xH
0x15F04	0x180016B04	ascii	l$xH
0x15F09	0x180016B09	ascii	D$0L
0x15F0E	0x180016B0E	ascii	L$0H
0x15F20	0x180016B20	ascii	D$8L
0x15F2C	0x180016B2C	ascii	D$`H
0x15F70	0x180016B70	ascii	@USWATAVAWH
0x160CE	0x180016CCE	ascii	A_A^A\_[]
0x16350	0x180016F50	ascii	UVWATAUAVAWH
0x163F1	0x180016FF1	ascii	D$HL
0x163F6	0x180016FF6	ascii	t$XH
0x16410	0x180017010	ascii	t$lL
0x16415	0x180017015	ascii	t$xL
0x16424	0x180017024	ascii	T$HH
0x16453	0x180017053	ascii	D$xH
0x16515	0x180017115	ascii	A_A^A]A\_^]
0x1663B	0x18001723B	ascii	D$HH
0x16640	0x180017240	ascii	T$XH
0x1665A	0x18001725A	ascii	T$lH
0x1665F	0x18001725F	ascii	T$xH
0x1666E	0x18001726E	ascii	T$HH
0x1669D	0x18001729D	ascii	D$xH
0x166F3	0x1800172F3	ascii	D$0H
0x166F8	0x1800172F8	ascii	D$ L
0x168BA	0x1800174BA	ascii	l$(L
0x168C6	0x1800174C6	ascii	d$ A
0x16B3E	0x18001773E	ascii	l$(L
0x16B4A	0x18001774A	ascii	d$ A
0x16C76	0x180017876	ascii	D$HL
0x16C95	0x180017895	ascii	D$@L
0x16C9A	0x18001789A	ascii	t$xL
0x16CA9	0x1800178A9	ascii	T$HH
0x16CD8	0x1800178D8	ascii	D$xH
0x173C0	0x180017FC0	ascii	@SUVWATAUAVAWH
0x17498	0x180018098	ascii	(A_A^A]A\_^][
0x17544	0x180018144	ascii	\$X@
0x1754D	0x18001814D	ascii	t$`H
0x17558	0x180018158	ascii	D$hH
0x1755D	0x18001815D	ascii	t$hH
0x17562	0x180018162	ascii	D$0L
0x17567	0x180018167	ascii	L$0H
0x17576	0x180018176	ascii	D$8L
0x17582	0x180018182	ascii	D$PH
0x175C0	0x1800181C0	ascii	@USVWAUH
0x17675	0x180018275	ascii	D$8H
0x1767A	0x18001827A	ascii	T$8@
0x17741	0x180018341	ascii	A]_^[]
0x178A9	0x1800184A9	ascii	D$8H
0x178AE	0x1800184AE	ascii	T$8@
0x17985	0x180018585	ascii	A]_^[]
0x179A6	0x1800185A6	ascii	D$ L
0x179E8	0x1800185E8	ascii	D$ L
0x17B59	0x180018759	ascii	D$ H
0x17B7D	0x18001877D	ascii	@8}g
0x17BB3	0x1800187B3	ascii	SUVWH
0x17BCD	0x1800187CD	ascii	L$0H
0x17BD2	0x1800187D2	ascii	D$ L
0x17C06	0x180018806	ascii	L$0f
0x17C0C	0x18001880C	ascii	D$0L
0x17C18	0x180018818	ascii	D$ H
0x17CA4	0x1800188A4	ascii	l$PL
0x17CA9	0x1800188A9	ascii	t$HL
0x17CAE	0x1800188AE	ascii	|$@H
0x17ED7	0x180018AD7	ascii	t$HL
0x17EDC	0x180018ADC	ascii	l$PL
0x17EE1	0x180018AE1	ascii	|$@L
0x17EF6	0x180018AF6	ascii	D$0L
0x17F04	0x180018B04	ascii	X_^][
0x17F23	0x180018B23	ascii	X_^][
0x17F3A	0x180018B3A	ascii	VWAVH
0x18006	0x180018C06	ascii	\$`@
0x18018	0x180018C18	ascii	A^_^
0x18026	0x180018C26	ascii	D$@H
0x1802B	0x180018C2B	ascii	D$0L
0x18030	0x180018C30	ascii	L$0H
0x18035	0x180018C35	ascii	D$XH
0x1803A	0x180018C3A	ascii	l$@H
0x1803F	0x180018C3F	ascii	D$8L
0x18053	0x180018C53	ascii	t$HH
0x18058	0x180018C58	ascii	D$ H
0x180A0	0x180018CA0	ascii	@SUWH
0x180E7	0x180018CE7	ascii	@_][
0x18178	0x180018D78	ascii	D$ L
0x1817D	0x180018D7D	ascii	L$0f
0x18183	0x180018D83	ascii	D$0L
0x181AB	0x180018DAB	ascii	D$xH
0x181B0	0x180018DB0	ascii	t$xH
0x181B5	0x180018DB5	ascii	D$0L
0x181BA	0x180018DBA	ascii	L$0H
0x181CC	0x180018DCC	ascii	D$8L
0x181D8	0x180018DD8	ascii	D$`H
0x18243	0x180018E43	ascii	t$hH
0x18262	0x180018E62	ascii	@_][
0x18270	0x180018E70	ascii	@USVWATAUAVAWH
0x1840F	0x18001900F	ascii	D$0d
0x18420	0x180019020	ascii	L$8H
0x18431	0x180019031	ascii	D$0A
0x18492	0x180019092	ascii	L$@A
0x184A1	0x1800190A1	ascii	D$HL
0x184A6	0x1800190A6	ascii	|$XH
0x184B8	0x1800190B8	ascii	D$hL
0x184BD	0x1800190BD	ascii	|$xH
0x18501	0x180019101	ascii	T$HH
0x18512	0x180019112	ascii	T$hH
0x18702	0x180019302	ascii	d$(L
0x1870E	0x18001930E	ascii	|$ A
0x187FE	0x1800193FE	ascii	M(H3
0x1880F	0x18001940F	ascii	A_A^A]A\_^[]
0x18820	0x180019420	ascii	@USVWATAUAVAWH
0x1884C	0x18001944C	ascii	L$@M
0x18854	0x180019454	ascii	T$HH
0x188E3	0x1800194E3	ascii	D$8L
0x189B5	0x1800195B5	ascii	D$0E3
0x18AE2	0x1800196E2	ascii	D;t$0
0x18B21	0x180019721	ascii	t$8H
0x18B39	0x180019739	ascii	t$@H
0x18BDD	0x1800197DD	ascii	D$8d
0x18BEE	0x1800197EE	ascii	D$0H
0x18BFF	0x1800197FF	ascii	D$8A
0x18C1E	0x18001981E	ascii	T$HH
0x18CEF	0x1800198EF	ascii	|$(L
0x18CFB	0x1800198FB	ascii	t$ A
0x18D2B	0x18001992B	ascii	L$`3
0x18DBC	0x1800199BC	ascii	T$pI
0x18EB2	0x180019AB2	ascii	A_A^A]A\_^[]
0x18EC9	0x180019AC9	ascii	UVWH
0x1923C	0x180019E3C	ascii	D$ L
0x196D8	0x18001A2D8	ascii	D$ H
0x19D43	0x18001A943	ascii	SUVAVH
0x19D8D	0x18001A98D	ascii	T$0M
0x19F55	0x18001AB55	ascii	D$XH;
0x19F65	0x18001AB65	ascii	|$`L
0x19F6A	0x18001AB6A	ascii	l$hL
0x19F6F	0x18001AB6F	ascii	d$pH
0x19F7D	0x18001AB7D	ascii	xA^^][
0x19F8E	0x18001AB8E	ascii	L$0L
0x19FA0	0x18001ABA0	ascii	@USWAUAVAWH
0x1A040	0x18001AC40	ascii	hA_A^A]_[]
0x1A0A0	0x18001ACA0	ascii	D$ L
0x1A0AC	0x18001ACAC	ascii	d$`I
0x1A0DC	0x18001ACDC	ascii	D$ L
0x1A143	0x18001AD43	ascii	D$ H
0x1A25F	0x18001AE5F	ascii	d$`E
0x1A2D4	0x18001AED4	ascii	hA_A^A]_[]
0x1A2E3	0x18001AEE3	ascii	SUVWH
0x1A2FD	0x18001AEFD	ascii	L$0H
0x1A302	0x18001AF02	ascii	D$ L
0x1A336	0x18001AF36	ascii	L$0f
0x1A33C	0x18001AF3C	ascii	D$0L
0x1A348	0x18001AF48	ascii	D$ H
0x1A3D4	0x18001AFD4	ascii	l$PL
0x1A3D9	0x18001AFD9	ascii	t$HL
0x1A3DE	0x18001AFDE	ascii	|$@H
0x1A607	0x18001B207	ascii	t$HL
0x1A60C	0x18001B20C	ascii	l$PL
0x1A611	0x18001B211	ascii	|$@L
0x1A626	0x18001B226	ascii	D$0L
0x1A634	0x18001B234	ascii	X_^][
0x1A653	0x18001B253	ascii	X_^][
0x1A663	0x18001B263	ascii	SUVWATAUAVAWH
0x1A68B	0x18001B28B	ascii	L$0H
0x1A690	0x18001B290	ascii	D$ L
0x1A87A	0x18001B47A	ascii	hA_A^A]A\_^][
0x1A891	0x18001B491	ascii	D$@H
0x1A896	0x18001B496	ascii	D$0L
0x1A89B	0x18001B49B	ascii	L$0H
0x1A8A0	0x18001B4A0	ascii	D$XH
0x1A8A5	0x18001B4A5	ascii	l$@H
0x1A8AA	0x18001B4AA	ascii	D$8L
0x1A8BE	0x18001B4BE	ascii	t$HH
0x1A8C3	0x18001B4C3	ascii	D$ H
0x1A910	0x18001B510	ascii	@USVWATAUAVAWH
0x1AA31	0x18001B631	ascii	D$8L
0x1AA36	0x18001B636	ascii	d$HH
0x1AA48	0x18001B648	ascii	D$XL
0x1AA4D	0x18001B64D	ascii	d$hH
0x1AA5A	0x18001B65A	ascii	D$XD
0x1AA7B	0x18001B67B	ascii	T$8H
0x1AA8C	0x18001B68C	ascii	T$XH
0x1AB50	0x18001B750	ascii	D$8L
0x1AB55	0x18001B755	ascii	d$HH
0x1AB67	0x18001B767	ascii	D$XL
0x1AB6C	0x18001B76C	ascii	d$hH
0x1AB79	0x18001B779	ascii	D$XD
0x1AB9A	0x18001B79A	ascii	T$8H
0x1ABAB	0x18001B7AB	ascii	T$XH
0x1AC56	0x18001B856	ascii	D$8L
0x1AC5B	0x18001B85B	ascii	d$HH
0x1AC6D	0x18001B86D	ascii	D$XL
0x1AC72	0x18001B872	ascii	d$hH
0x1AC7F	0x18001B87F	ascii	D$XD
0x1ACA0	0x18001B8A0	ascii	T$8H
0x1ACB1	0x18001B8B1	ascii	T$XH
0x1ADBB	0x18001B9BB	ascii	D$8L
0x1ADC0	0x18001B9C0	ascii	d$HH
0x1ADD2	0x18001B9D2	ascii	D$XL
0x1ADD7	0x18001B9D7	ascii	d$hH
0x1ADE4	0x18001B9E4	ascii	D$XD
0x1AE05	0x18001BA05	ascii	T$8H
0x1AE16	0x18001BA16	ascii	T$XH
0x1AEFA	0x18001BAFA	ascii	T$(I
0x1AF16	0x18001BB16	ascii	l$(L
0x1AF22	0x18001BB22	ascii	d$ A
0x1B053	0x18001BC53	ascii	M(H3
0x1B064	0x18001BC64	ascii	A_A^A]A\_^[]
0x1B090	0x18001BC90	ascii	|$ UH
0x1B7A0	0x18001C3A0	ascii	@SWH
0x1B7F2	0x18001C3F2	ascii	l$PH
0x1B7F7	0x18001C3F7	ascii	t$XA
0x1B8E2	0x18001C4E2	ascii	l$PH
0x1B8E7	0x18001C4E7	ascii	t$XH
0x1B977	0x18001C577	ascii	l$PH
0x1B97C	0x18001C57C	ascii	t$XH
0x1B9E8	0x18001C5E8	ascii	t$`L
0x1BAB7	0x18001C6B7	ascii	t$`L
0x1BABC	0x18001C6BC	ascii	|$0H
0x1BAC1	0x18001C6C1	ascii	l$PH
0x1BAC6	0x18001C6C6	ascii	t$XH
0x1BAD0	0x18001C6D0	ascii	@8=qE
0x1BD93	0x18001C993	ascii	USVWAVAWH
0x1BE21	0x18001CA21	ascii	L$`A
0x1BE4C	0x18001CA4C	ascii	D$xL
0x1C3ED	0x18001CFED	ascii	\$PL
0x1C4A5	0x18001D0A5	ascii	|$@L
0x1C4C6	0x18001D0C6	ascii	T$0fH
0x1C515	0x18001D115	ascii	D$0H
0x1C565	0x18001D165	ascii	A_A^_^[]
0x1C767	0x18001D367	ascii	|$8H
0x1CE6F	0x18001DA6F	ascii	|$82
0x1CF93	0x18001DB93	ascii	USVWATAUAVAWH
0x1CFCE	0x18001DBCE	ascii	d$ H
0x1D0CC	0x18001DCCC	ascii	)}0f
0x1D1A0	0x18001DDA0	ascii	d$xL
0x1D229	0x18001DE29	ascii	D$0H
0x1D25A	0x18001DE5A	ascii	D$(E
0x1D2E7	0x18001DEE7	ascii	D$xL
0x1D345	0x18001DF45	ascii	t$ H
0x1D415	0x18001E015	ascii	)}0f
0x1D46F	0x18001E06F	ascii	D$8H
0x1D474	0x18001E074	ascii	D$HH
0x1D479	0x18001E079	ascii	D$PL
0x1D4A9	0x18001E0A9	ascii	|$HH
0x1D4BC	0x18001E0BC	ascii	D$8fH
0x1D505	0x18001E105	ascii	A'H;
0x1D539	0x18001E139	ascii	|$8L
0x1D53E	0x18001E13E	ascii	|$HH
0x1D543	0x18001E143	ascii	\$PM
0x1D557	0x18001E157	ascii	T$8A
0x1D560	0x18001E160	ascii	l$$E3
0x1D56A	0x18001E16A	ascii	D$XE3
0x1D572	0x18001E172	ascii	|$hL
0x1D577	0x18001E177	ascii	|$pH
0x1D594	0x18001E194	ascii	T$XA
0x1D59D	0x18001E19D	ascii	|$XD
0x1D5A2	0x18001E1A2	ascii	t$ L
0x1D704	0x18001E304	ascii	l$$H
0x1D709	0x18001E309	ascii	\$0D;l$(
0x1D7AA	0x18001E3AA	ascii	T$0H
0x1D7D2	0x18001E3D2	ascii	M`H3
0x1D7F3	0x18001E3F3	ascii	A_A^A]A\_^[]
0x1D840	0x18001E440	ascii	@UATAWH
0x1D898	0x18001E498	ascii	l$XH
0x1D8AF	0x18001E4AF	ascii	t$PE3
0x1D8CE	0x18001E4CE	ascii	)|$0
0x1D8D7	0x18001E4D7	ascii	)D$ 
0x1D8ED	0x18001E4ED	ascii	)t$@
0x1D91D	0x18001E51D	ascii	u]Jc\
0x1D956	0x18001E556	ascii	L>xM
0x1D994	0x18001E594	ascii	.D>t
0x1D99B	0x18001E59B	ascii	D>hz
0x1D9DD	0x18001E5DD	ascii	(D$ 
0x1D9E2	0x18001E5E2	ascii	(|$0
0x1D9E7	0x18001E5E7	ascii	(t$@H
0x1DA09	0x18001E609	ascii	t$PL
0x1DA0E	0x18001E60E	ascii	l$XH
0x1DA42	0x18001E642	ascii	`A_A\]
0x1DA6E	0x18001E66E	ascii	`A_A\]
0x1DA80	0x18001E680	ascii	@SUVWAVH
0x1DAC8	0x18001E6C8	ascii	D94(u8H
0x1DB14	0x18001E714	ascii	 A^_^][
0x1DB22	0x18001E722	ascii	 A^_^][
0x1DB30	0x18001E730	ascii	@SUVWAVH
0x1DC17	0x18001E817	ascii	0A^_^][
0x1DCBF	0x18001E8BF	ascii	0A^_^][
0x1DD19	0x18001E919	ascii	l$`H
0x1DD1E	0x18001E91E	ascii	t$hL
0x1DD23	0x18001E923	ascii	d$8A
0x1DDCF	0x18001E9CF	ascii	t$hH
0x1DDD4	0x18001E9D4	ascii	l$`H
0x1DDD9	0x18001E9D9	ascii	\$XL
0x1DDDE	0x18001E9DE	ascii	d$8H
0x1DDF0	0x18001E9F0	ascii	t$(t
0x1DE81	0x18001EA81	ascii	|$ L
0x1DF52	0x18001EB52	ascii	\$PH;
0x1E03A	0x18001EC3A	ascii	)|$pD
0x1E040	0x18001EC40	ascii	)D$`H
0x1E100	0x18001ED00	ascii	@Hc\
0x1E14D	0x18001ED4D	ascii	L$@H3
0x1E159	0x18001ED59	ascii	(|$pD
0x1E15F	0x18001ED5F	ascii	(D$`H
0x1E18B	0x18001ED8B	ascii	)L$P
0x1E1CF	0x18001EDCF	ascii	L$(A
0x1E1DD	0x18001EDDD	ascii	D$8H
0x1E1E6	0x18001EDE6	ascii	D$,D
0x1E35D	0x18001EF5D	ascii	(L$P@
0x1E387	0x18001EF87	ascii	)t$@H
0x1E3DA	0x18001EFDA	ascii	\$xH
0x1E4AF	0x18001F0AF	ascii	\$xL
0x1E4B4	0x18001F0B4	ascii	|$PH
0x1E4B9	0x18001F0B9	ascii	L$8H3
0x1E4C5	0x18001F0C5	ascii	(t$@H
0x1E4F3	0x18001F0F3	ascii	t$XH
0x1E502	0x18001F102	ascii	D$0L
0x1E581	0x18001F181	ascii	uAE2
0x1E689	0x18001F289	ascii	\$@H
0x1E68E	0x18001F28E	ascii	t$PL
0x1E753	0x18001F353	ascii	t$PH
0x1E758	0x18001F358	ascii	\$@L
0x1E75D	0x18001F35D	ascii	|$ H
0x1E77D	0x18001F37D	ascii	l$HL
0x1E782	0x18001F382	ascii	t$(L
0x1E7D8	0x18001F3D8	ascii	uAE2
0x1E891	0x18001F491	ascii	l$HA
0x1E903	0x18001F503	ascii	\$8H
0x1E910	0x18001F510	ascii	t$@H
0x1E93B	0x18001F53B	ascii	t$8H
0x1E981	0x18001F581	ascii	t$8H+
0x1E9D8	0x18001F5D8	ascii	\$@H
0x1E9F0	0x18001F5F0	ascii	@SWAVH
0x1EA35	0x18001F635	ascii	 A^_[
0x1EA3D	0x18001F63D	ascii	l$@H
0x1EA45	0x18001F645	ascii	t$HI
0x1EA4E	0x18001F64E	ascii	|$PM
0x1EA71	0x18001F671	ascii	H;s u
0x1EAAC	0x18001F6AC	ascii	t$HH
0x1EAB4	0x18001F6B4	ascii	l$@L
0x1EAB9	0x18001F6B9	ascii	|$PH
0x1EABF	0x18001F6BF	ascii	 A^_[
0x1EAD0	0x18001F6D0	ascii	@UATAVAWH
0x1EB27	0x18001F727	ascii	\$PH
0x1EB34	0x18001F734	ascii	t$`L
0x1EB3C	0x18001F73C	ascii	|$ I
0x1EB89	0x18001F789	ascii	O'H;
0x1EC9D	0x18001F89D	ascii	t$`H
0x1ECB1	0x18001F8B1	ascii	\$PI
0x1ECB9	0x18001F8B9	ascii	|$ H
0x1ECC6	0x18001F8C6	ascii	(A_A^A\]
0x1ECE0	0x18001F8E0	ascii	@SUVAUAVH
0x1ED2D	0x18001F92D	ascii	|$xH
0x1ED3A	0x18001F93A	ascii	d$(L
0x1ED46	0x18001F946	ascii	|$ H
0x1ED9A	0x18001F99A	ascii	O'I;
0x1EDD1	0x18001F9D1	ascii	gfffffffH+
0x1EE10	0x18001FA10	ascii	u'I;
0x1EF1C	0x18001FB1C	ascii	d$(H
0x1EF30	0x18001FB30	ascii	|$ H
0x1EF3D	0x18001FB3D	ascii	|$xH
0x1EF43	0x18001FB43	ascii	0A^A]^][
0x1EF65	0x18001FB65	ascii	UVWATAUAVAWH
0x1EFD5	0x18001FBD5	ascii	L$8H
0x1F014	0x18001FC14	ascii	D$ H
0x1F02F	0x18001FC2F	ascii	D$(H
0x1F1BD	0x18001FDBD	ascii	T$0L
0x1F230	0x18001FE30	ascii	@A_A^A]A\_^]
0x1F407	0x180020007	ascii	l$`H
0x1F41A	0x18002001A	ascii	t$pL
0x1F424	0x180020024	ascii	|$xH
0x1F464	0x180020064	ascii	d$HL
0x1F469	0x180020069	ascii	l$@L
0x1F46E	0x18002006E	ascii	t$8L
0x1F473	0x180020073	ascii	|$0L
0x1F4DB	0x1800200DB	ascii	T$ L
0x1F564	0x180020164	ascii	W(L;
0x1F5AE	0x1800201AE	ascii	W(L;
0x1F5D8	0x1800201D8	ascii	D$ H
0x1F61A	0x18002021A	ascii	t$8L
0x1F61F	0x18002021F	ascii	l$@L
0x1F624	0x180020224	ascii	d$HL
0x1F629	0x180020229	ascii	|$0H
0x1F62E	0x18002022E	ascii	t$pH
0x1F633	0x180020233	ascii	l$`H
0x1F638	0x180020238	ascii	|$xH
0x1F74F	0x18002034F	ascii	|$0H
0x1FA53	0x180020653	ascii	|$02
0x1FAEA	0x1800206EA	ascii	VWAVH
0x1FAFF	0x1800206FF	ascii	D$`L
0x1FB0C	0x18002070C	ascii	D$0L
0x1FB11	0x180020711	ascii	L$0H
0x1FB16	0x180020716	ascii	D$ H
0x1FB37	0x180020737	ascii	t$`H
0x1FB4E	0x18002074E	ascii	D$xL
0x1FB53	0x180020753	ascii	L$0H
0x1FB58	0x180020758	ascii	D$xH
0x1FB60	0x180020760	ascii	D$0L
0x1FB77	0x180020777	ascii	D$8H
0x1FB7C	0x18002077C	ascii	D$`H
0x1FB8C	0x18002078C	ascii	t$`H
0x1FBF7	0x1800207F7	ascii	\$hH
0x1FBFC	0x1800207FC	ascii	l$pH
0x1FC02	0x180020802	ascii	@A^_^
0x1FC10	0x180020810	ascii	@SUVWAVH
0x1FC86	0x180020886	ascii	A^_^][
0x1FC8F	0x18002088F	ascii	l$xH
0x1FDAD	0x1800209AD	ascii	u[E2
0x1FDBD	0x1800209BD	ascii	D$PH
0x1FDC2	0x1800209C2	ascii	D$@L
0x1FDC7	0x1800209C7	ascii	L$@H
0x1FDCC	0x1800209CC	ascii	D$hL
0x1FDD1	0x1800209D1	ascii	t$PH
0x1FDD6	0x1800209D6	ascii	D$HL
0x1FDEA	0x1800209EA	ascii	t$XH
0x1FDEF	0x1800209EF	ascii	D$ H
0x1FE42	0x180020A42	ascii	L$0H
0x1FE8F	0x180020A8F	ascii	L$0L
0x1FE94	0x180020A94	ascii	|$pH
0x1FEEC	0x180020AEC	ascii	l$xtsE
0x1FF75	0x180020B75	ascii	A^_^][
0x2002D	0x180020C2D	ascii	|$pH
0x20099	0x180020C99	ascii	D$$3
0x200A9	0x180020CA9	ascii	D$0H
0x200C2	0x180020CC2	ascii	L$4H
0x20174	0x180020D74	ascii	D$$3
0x20210	0x180020E10	ascii	)t$`
0x20215	0x180020E15	ascii	)|$P
0x202C7	0x180020EC7	ascii	D$$3
0x20325	0x180020F25	ascii	(|$P
0x2032A	0x180020F2A	ascii	(t$`H
0x20348	0x180020F48	ascii	|$pH
0x20350	0x180020F50	ascii	@USVWATAUAVAWH
0x20412	0x180021012	ascii	A_A^A]A\_^[]
0x205CB	0x1800211CB	ascii	D$ A
0x2079D	0x18002139D	ascii	t$(H
0x207BF	0x1800213BF	ascii	D$(H
0x207EF	0x1800213EF	ascii	(|$pH
0x20858	0x180021458	ascii	)t$pH
0x209DD	0x1800215DD	ascii	L$4H
0x20A1A	0x18002161A	ascii	D$HL
0x20A1F	0x18002161F	ascii	L$PH
0x20A24	0x180021624	ascii	D$@H
0x20A29	0x180021629	ascii	l$@H
0x20A2E	0x18002162E	ascii	D$PL
0x20A3A	0x18002163A	ascii	D$PI
0x20A42	0x180021642	ascii	D$XH
0x20A4A	0x18002164A	ascii	D$0H
0x20B8B	0x18002178B	ascii	L$hH3
0x20B97	0x180021797	ascii	(t$pH
0x21030	0x180021C30	ascii	@VWH
0x2108F	0x180021C8F	ascii	|$@L
0x21243	0x180021E43	ascii	{@85
0x2124B	0x180021E4B	ascii	tk@85
0x2130B	0x180021F0B	ascii	D$pH
0x2138D	0x180021F8D	ascii	)t$0
0x21406	0x180022006	ascii	(t$0H
0x2159C	0x18002219C	ascii	t$HH
0x215A9	0x1800221A9	ascii	\$xL
0x215AE	0x1800221AE	ascii	|$@H
0x21B50	0x180022750	ascii	@SUVWAVAWH
0x21BCA	0x1800227CA	ascii	8A_A^_^][
0x21D20	0x180022920	ascii	8A_A^_^][
0x21D57	0x180022957	ascii	8A_A^_^][
0x21D70	0x180022970	ascii	@SWH
0x21DCF	0x1800229CF	ascii	l$`H
0x21DD4	0x1800229D4	ascii	t$hL
0x21DD9	0x1800229D9	ascii	t$xA
0x21EC9	0x180022AC9	ascii	t$hH
0x21ECE	0x180022ACE	ascii	l$`L
0x21ED3	0x180022AD3	ascii	t$xH
0x21EF7	0x180022AF7	ascii	d$pL
0x21F00	0x180022B00	ascii	)t$0
0x21F9B	0x180022B9B	ascii	(t$0
0x21FFB	0x180022BFB	ascii	@8=M
0x22094	0x180022C94	ascii	D$(L
0x220E5	0x180022CE5	ascii	D$(L
0x2226B	0x180022E6B	ascii	|$@M
0x2245F	0x18002305F	ascii	|$8H
0x22CE2	0x1800238E2	ascii	|$82
0x22D00	0x180023900	ascii	@SUVWH
0x22D36	0x180023936	ascii	D$*f
0x22D95	0x180023995	ascii	H_^][
0x22DB8	0x1800239B8	ascii	\$@H
0x22DC4	0x1800239C4	ascii	t$HH
0x22E8E	0x180023A8E	ascii	t$HH
0x22E93	0x180023A93	ascii	\$@H
0x22FF2	0x180023BF2	ascii	D$:H
0x23005	0x180023C05	ascii	t$`f
0x2300E	0x180023C0E	ascii	\$hH
0x23022	0x180023C22	ascii	\$ UVWH
0x23057	0x180023C57	ascii	P_^]
0x2323E	0x180023E3E	ascii	P_^]
0x23265	0x180023E65	ascii	D$B3
0x23352	0x180023F52	ascii	\$@H
0x2337D	0x180023F7D	ascii	D$(A
0x2341C	0x18002401C	ascii	\$@H
0x234AF	0x1800240AF	ascii	\$@H
0x23500	0x180024100	ascii	\$@2
0x2351A	0x18002411A	ascii	WAVAWH
0x2387E	0x18002447E	ascii	\$`I
0x2388C	0x18002448C	ascii	A_A^_
0x23A9A	0x18002469A	ascii	te;-f
0x23AA2	0x1800246A2	ascii	u]D;5
0x23AAB	0x1800246AB	ascii	uTD;=
0x23AD8	0x1800246D8	ascii	(t$p
0x23ADD	0x1800246DD	ascii	(|$`H
0x23AF3	0x1800246F3	ascii	(D$PH
0x23B34	0x180024734	ascii	D$0D
0x23B39	0x180024739	ascii	|$(D
0x23C60	0x180024860	ascii	@SWH
0x23E9B	0x180024A9B	ascii	(5Ok
0x23EDA	0x180024ADA	ascii	t$ fI
0x23F21	0x180024B21	ascii	t$HH
0x243EF	0x180024FEF	ascii	D$ L
0x243F4	0x180024FF4	ascii	D$(H
0x24403	0x180025003	ascii	D$ H
0x24485	0x180025085	ascii	UVWAVAWH
0x2452D	0x18002512D	ascii	\$`H
0x24533	0x180025133	ascii	0A_A^_^]
0x24569	0x180025169	ascii	D$ H
0x24767	0x180025367	ascii	\$0H
0x247BA	0x1800253BA	ascii	l$@H
0x247C9	0x1800253C9	ascii	t$HH
0x24888	0x180025488	ascii	t=L;
0x248EF	0x1800254EF	ascii	l$@H
0x248F4	0x1800254F4	ascii	t$HH
0x248F9	0x1800254F9	ascii	\$0H
0x24C40	0x180025840	ascii	@SATAUAVAWH
0x24C6D	0x18002586D	ascii	l$HH
0x24C72	0x180025872	ascii	t$@H
0x24C77	0x180025877	ascii	|$8H
0x24D33	0x180025933	ascii	l$(H
0x24DCB	0x1800259CB	ascii	D$(H
0x24ED8	0x180025AD8	ascii	|$8H
0x24EDD	0x180025ADD	ascii	t$@H
0x24EE2	0x180025AE2	ascii	l$HH
0x24EE8	0x180025AE8	ascii	PA_A^A]A\[
0x24F00	0x180025B00	ascii	@SVWATAUAVAWH
0x24F1F	0x180025B1F	ascii	D$xI
0x24F2A	0x180025B2A	ascii	T$0H
0x24F32	0x180025B32	ascii	L$PH
0x24F3F	0x180025B3F	ascii	t$XH
0x24FF0	0x180025BF0	ascii	|$(H
0x24FF5	0x180025BF5	ascii	D$ L
0x24FFA	0x180025BFA	ascii	L$0L
0x25183	0x180025D83	ascii	t$(L
0x25188	0x180025D88	ascii	d$ L
0x25205	0x180025E05	ascii	l$pI
0x25216	0x180025E16	ascii	D$0L
0x2522E	0x180025E2E	ascii	T$pH
0x252A0	0x180025EA0	ascii	D$`H
0x252A5	0x180025EA5	ascii	L$HH
0x252AA	0x180025EAA	ascii	L$(D
0x252AF	0x180025EAF	ascii	l$ L
0x252C8	0x180025EC8	ascii	D$@H
0x252E3	0x180025EE3	ascii	(D$@f
0x252EA	0x180025EEA	ascii	D$`H
0x25364	0x180025F64	ascii	L$xH3
0x25376	0x180025F76	ascii	A_A^A]A\_^[
0x25397	0x180025F97	ascii	t$ WAVAWH
0x25438	0x180026038	ascii	l$HH
0x2543D	0x18002603D	ascii	\$PH
0x25442	0x180026042	ascii	t$XH
0x25448	0x180026048	ascii	 A_A^_
0x255DB	0x1800261DB	ascii	)t$ 
0x25651	0x180026251	ascii	(t$ H
0x2565D	0x18002625D	ascii	\$@H
0x25664	0x180026264	ascii	(t$ H
0x2568B	0x18002628B	ascii	D$(H
0x256EB	0x1800262EB	ascii	|$ H
0x2570C	0x18002630C	ascii	L$ H
0x25741	0x180026341	ascii	L$(H3
0x2574E	0x18002634E	ascii	\$@H
0x25753	0x180026353	ascii	t$HH
0x25780	0x180026380	ascii	@SUVWH
0x25795	0x180026395	ascii	D$@I
0x257B2	0x1800263B2	ascii	L$0I
0x257D0	0x1800263D0	ascii	L$8L
0x257D5	0x1800263D5	ascii	D$ I
0x257E3	0x1800263E3	ascii	T$0I
0x257ED	0x1800263ED	ascii	T$ H
0x257F2	0x1800263F2	ascii	D$ H
0x257F7	0x1800263F7	ascii	T$0H;
0x25812	0x180026412	ascii	L$8L
0x25817	0x180026417	ascii	D$ H
0x2581C	0x18002641C	ascii	T$ I
0x25868	0x180026468	ascii	L$@H3
0x25876	0x180026476	ascii	X_^][
0x2591A	0x18002651A	ascii	\$0H
0x2591F	0x18002651F	ascii	t$8H
0x25B47	0x180026747	ascii	\$0H
0x25B4C	0x18002674C	ascii	t$8H
0x25B77	0x180026777	ascii	\$02
0x25B7E	0x18002677E	ascii	t$8H
0x25BC5	0x1800267C5	ascii	L$xH
0x25BCE	0x1800267CE	ascii	T$pH
0x25C3F	0x18002683F	ascii	D$(H
0x25C73	0x180026873	ascii	\$PH
0x260E0	0x180026CE0	ascii	@SUVWH
0x26178	0x180026D78	ascii	8_^][
0x261D0	0x180026DD0	ascii	@SUVWH
0x2624E	0x180026E4E	ascii	8_^][
0x2630F	0x180026F0F	ascii	USVWATAUAVAWH
0x26333	0x180026F33	ascii	|$4H
0x2641C	0x18002701C	ascii	/52B
0x265BD	0x1800271BD	ascii	W5]D
0x266CD	0x1800272CD	ascii	L$HA
0x266EE	0x1800272EE	ascii	|$4H
0x266F3	0x1800272F3	ascii	T$8H
0x266FE	0x1800272FE	ascii	GT$8H
0x26754	0x180027354	ascii	D$ M
0x26892	0x180027492	ascii	l$ M
0x26916	0x180027516	ascii	t$ M
0x2699C	0x18002759C	ascii	|$4H
0x26A5B	0x18002765B	ascii	d$8H
0x26A64	0x180027664	ascii	D$@L
0x26A69	0x180027669	ascii	t$HH
0x26A6E	0x18002766E	ascii	D$8H
0x26A77	0x180027677	ascii	D$PH
0x26A84	0x180027684	ascii	D$ L
0x26A9F	0x18002769F	ascii	l$8H
0x26AA8	0x1800276A8	ascii	D$@L
0x26AAD	0x1800276AD	ascii	t$HH
0x26AB2	0x1800276B2	ascii	D$8H
0x26ABB	0x1800276BB	ascii	D$PH
0x26AC4	0x1800276C4	ascii	D$0H
0x26AC9	0x1800276C9	ascii	D$ L
0x26B7D	0x18002777D	ascii	|$4L
0x26C23	0x180027823	ascii	l$(L
0x26C2F	0x18002782F	ascii	d$ A
0x26C5F	0x18002785F	ascii	L$HE3
0x26C7B	0x18002787B	ascii	|$4A
0x26E4B	0x180027A4B	ascii	A_A^A]A\_^[]
0x271EA	0x180027DEA	ascii	UWAVH
0x271F9	0x180027DF9	ascii	)t$pH
0x2766E	0x18002826E	ascii	/5d.
0x2774A	0x18002834A	ascii	(t$pI
0x27751	0x180028351	ascii	A^_]
0x27763	0x180028363	ascii	USWAVI
0x277DA	0x1800283DA	ascii	)t$0
0x27804	0x180028404	ascii	L$$H
0x27824	0x180028424	ascii	d$(L
0x27848	0x180028448	ascii	D$ H
0x2785A	0x18002845A	ascii	)d$P
0x2786E	0x18002846E	ascii	)l$@
0x2787E	0x18002847E	ascii	\$$H
0x27926	0x180028526	ascii	UKfH
0x279F8	0x1800285F8	ascii	)T$pH
0x27A02	0x180028602	ascii	)\$`D
0x27B4B	0x18002874B	ascii	(\$`A
0x27B6D	0x18002876D	ascii	D$,D
0x27B90	0x180028790	ascii	(T$p
0x27C0E	0x18002880E	ascii	D$,D
0x27C1F	0x18002881F	ascii	Y5W&
0x27C27	0x180028827	ascii	X5O&
0x27C41	0x180028841	ascii	9G(H
0x27C4B	0x18002884B	ascii	X5k%
0x27C58	0x180028858	ascii	(l$@D
0x27C5E	0x18002885E	ascii	(d$PL
0x27C7D	0x18002887D	ascii	(t$0L
0x27C98	0x180028898	ascii	A^_[]
0x27CB7	0x1800288B7	ascii	A^_[]
0x27CC3	0x1800288C3	ascii	USWAVI
0x27D69	0x180028969	ascii	L$$A
0x27D81	0x180028981	ascii	d$(L
0x27DB4	0x1800289B4	ascii	D$ H
0x27DC6	0x1800289C6	ascii	)\$P
0x27DDA	0x1800289DA	ascii	)l$0
0x27DEA	0x1800289EA	ascii	\$$H
0x27E90	0x180028A90	ascii	UKfH
0x27F6E	0x180028B6E	ascii	)T$`D
0x27F74	0x180028B74	ascii	)d$@D
0x280A4	0x180028CA4	ascii	(d$@A
0x280B9	0x180028CB9	ascii	(T$`H
0x2811F	0x180028D1F	ascii	9G(u
0x28133	0x180028D33	ascii	(\$P
0x28152	0x180028D52	ascii	(l$0D
0x28158	0x180028D58	ascii	(L$pL
0x28176	0x180028D76	ascii	A^_[]
0x28183	0x180028D83	ascii	SUVWAVH
0x281DD	0x180028DDD	ascii	)\$p
0x281ED	0x180028DED	ascii	)d$`fD
0x28224	0x180028E24	ascii	z@H;
0x28234	0x180028E34	ascii	D$8H
0x2824A	0x180028E4A	ascii	T$(M
0x2827A	0x180028E7A	ascii	t6:C
0x28304	0x180028F04	ascii	}XH;
0x28314	0x180028F14	ascii	D$8H
0x2832A	0x180028F2A	ascii	T$(M
0x2835A	0x180028F5A	ascii	t6:C
0x283FA	0x180028FFA	ascii	A^_^][
0x28417	0x180029017	ascii	UVWATAUAVAWH
0x28484	0x180029084	ascii	t$\D
0x2849C	0x18002909C	ascii	t$hE3
0x286CB	0x1800292CB	ascii	D$pf
0x286DD	0x1800292DD	ascii	|$pH
0x289CE	0x1800295CE	ascii	L$ L
0x28A79	0x180029679	ascii	D$HD
0x28B67	0x180029767	ascii	L$PD
0x28BA9	0x1800297A9	ascii	D$Xo
0x28BBA	0x1800297BA	ascii	D$XH
0x28C11	0x180029811	ascii	\\$@A
0x28CA8	0x1800298A8	ascii	L$DH
0x28CAD	0x1800298AD	ascii	L$@H
0x28CB2	0x1800298B2	ascii	D$DE
0x28CBF	0x1800298BF	ascii	D$`E
0x28CE0	0x1800298E0	ascii	T$@H
0x28CE5	0x1800298E5	ascii	L$`H
0x28CEA	0x1800298EA	ascii	D$@E
0x28CFD	0x1800298FD	ascii	t$\D
0x28D12	0x180029912	ascii	t$\E
0x28D58	0x180029958	ascii	d$\H
0x28D5D	0x18002995D	ascii	T$\H
0x28D6F	0x18002996F	ascii	9D$\
0x28D7E	0x18002997E	ascii	D$pH
0x28D83	0x180029983	ascii	T$pI
0x28D98	0x180029998	ascii	D$x+D$p
0x28DA4	0x1800299A4	ascii	\$|+\$t
0x28DC7	0x1800299C7	ascii	D$hf
0x28DE1	0x1800299E1	ascii	D$lH
0x28DE6	0x1800299E6	ascii	T$hI
0x28F4C	0x180029B4C	ascii	A_A^A]A\_^]
0x28FE9	0x180029BE9	ascii	w+tH
0x290DF	0x180029CDF	ascii	D$0L
0x290E4	0x180029CE4	ascii	D$ A
0x29108	0x180029D08	ascii	D$0f
0x2912A	0x180029D2A	ascii	D$8f
0x29145	0x180029D45	ascii	L$HH3
0x29160	0x180029D60	ascii	@UVWH
0x29169	0x180029D69	ascii	)t$0A
0x291AA	0x180029DAA	ascii	\$HH
0x291BF	0x180029DBF	ascii	\$Hw.D
0x291FF	0x180029DFF	ascii	(t$0H
0x29206	0x180029E06	ascii	P_^]H
0x2922D	0x180029E2D	ascii	\$ VWAVH
0x29239	0x180029E39	ascii	)t$@A
0x292B9	0x180029EB9	ascii	t$0I
0x2938B	0x180029F8B	ascii	T$ fI
0x29434	0x18002A034	ascii	\$pH
0x2943D	0x18002A03D	ascii	(t$@H
0x29444	0x18002A044	ascii	PA^_^H
0x29450	0x18002A050	ascii	@SUVWAVH
0x2947A	0x18002A07A	ascii	t$(D
0x294C0	0x18002A0C0	ascii	|9E3
0x294F3	0x18002A0F3	ascii	0A^_^][
0x29500	0x18002A100	ascii	0A^_^][
0x29510	0x18002A110	ascii	@SUVWAVH
0x29546	0x18002A146	ascii	D$(D
0x2954B	0x18002A14B	ascii	t$ A
0x295C0	0x18002A1C0	ascii	@A^_^][
0x295CD	0x18002A1CD	ascii	@A^_^][
0x295E0	0x18002A1E0	ascii	@SUVWAVH
0x29623	0x18002A223	ascii	t$@D
0x29638	0x18002A238	ascii	L$ A
0x2967A	0x18002A27A	ascii	|9E3
0x296AD	0x18002A2AD	ascii	PA^_^][
0x296BA	0x18002A2BA	ascii	PA^_^][
0x29702	0x18002A302	ascii	\$0H
0x2970C	0x18002A30C	ascii	l$8H
0x29718	0x18002A318	ascii	t$@H
0x29720	0x18002A320	ascii	|$HL
0x2988C	0x18002A48C	ascii	|$HH
0x29891	0x18002A491	ascii	t$@H
0x29896	0x18002A496	ascii	l$8L
0x2989B	0x18002A49B	ascii	t$ H
0x298A0	0x18002A4A0	ascii	\$0H
0x298B0	0x18002A4B0	ascii	@SUVWATAUAVAWH
0x298EF	0x18002A4EF	ascii	l$ I
0x29B93	0x18002A793	ascii	8A_A^A]A\_^][
0x2ABFF	0x18002B7FF	ascii	)L$PD
0x2AC05	0x18002B805	ascii	)T$@H
0x2AC19	0x18002B819	ascii	T$0L
0x2AC1E	0x18002B81E	ascii	D$0H
0x2AC23	0x18002B823	ascii	T$ D
0x2AC4B	0x18002B84B	ascii	)D$`H+
0x2AC5F	0x18002B85F	ascii	)|$p
0x2AD7A	0x18002B97A	ascii	(|$p
0x2AD88	0x18002B988	ascii	(D$`
0x2ADA1	0x18002B9A1	ascii	L$8H3
0x2ADB6	0x18002B9B6	ascii	(L$PD
0x2ADBC	0x18002B9BC	ascii	(T$@H
0x2ADDF	0x18002B9DF	ascii	VWAVH
0x2AE60	0x18002BA60	ascii	X@H;
0x2AEAE	0x18002BAAE	ascii	D$@H
0x2AEFD	0x18002BAFD	ascii	^XH;
0x2AF51	0x18002BB51	ascii	D$@H
0x2AF9D	0x18002BB9D	ascii	A^_^
0x2AFB7	0x18002BBB7	ascii	SUVATAUAVAWH
0x2AFE3	0x18002BBE3	ascii	)|$pH
0x2AFF3	0x18002BBF3	ascii	D$`H
0x2B06E	0x18002BC6E	ascii	T$8H
0x2B083	0x18002BC83	ascii	\$ ff
0x2B1CF	0x18002BDCF	ascii	L$@L
0x2B1E5	0x18002BDE5	ascii	D$@H
0x2B1ED	0x18002BDED	ascii	D$PH
0x2B1FF	0x18002BDFF	ascii	L$@H
0x2B21E	0x18002BE1E	ascii	L$@L
0x2B2F2	0x18002BEF2	ascii	wKtB
0x2B344	0x18002BF44	ascii	w,tF=
0x2B3A4	0x18002BFA4	ascii	L$$H
0x2B3F7	0x18002BFF7	ascii	L$(H
0x2B40C	0x18002C00C	ascii	L$0D
0x2B49C	0x18002C09C	ascii	/Y$vQ
0x2B4A9	0x18002C0A9	ascii	L$8D
0x2B530	0x18002C130	ascii	L$`H3
0x2B557	0x18002C157	ascii	(|$pI
0x2B55E	0x18002C15E	ascii	A_A^A]A\^][
0x2B6F0	0x18002C2F0	ascii	@SVWH
0x2B88B	0x18002C48B	ascii	)D$pE
0x2B899	0x18002C499	ascii	)L$`
0x2B8A6	0x18002C4A6	ascii	D$,H
0x2B8C0	0x18002C4C0	ascii	|$0H
0x2B91B	0x18002C51B	ascii	L$$H
0x2B9A4	0x18002C5A4	ascii	L$$D
0x2BA1F	0x18002C61F	ascii	(L$`D
0x2BA25	0x18002C625	ascii	(D$p
0x2BA67	0x18002C667	ascii	l$ VH
0x2BAB9	0x18002C6B9	ascii	\$PH
0x2BABE	0x18002C6BE	ascii	l$XH
0x2BAD6	0x18002C6D6	ascii	|$@L
0x2BB58	0x18002C758	ascii	|$@L
0x2BB5D	0x18002C75D	ascii	t$HH
0x2BB62	0x18002C762	ascii	\$PH
0x2BB67	0x18002C767	ascii	l$XH
0x2BB95	0x18002C795	ascii	D$(fI
0x2BBE5	0x18002C7E5	ascii	D$(fI
0x2BD72	0x18002C972	ascii	\$ WH
0x2BE02	0x18002CA02	ascii	\$xH
0x2BE9C	0x18002CA9C	ascii	\$xH
0x2BEB1	0x18002CAB1	ascii	l$`H
0x2BEBB	0x18002CABB	ascii	)t$@
0x2C00E	0x18002CC0E	ascii	(t$@H
0x2C014	0x18002CC14	ascii	\$xH
0x2C02E	0x18002CC2E	ascii	t$hH
0x2C037	0x18002CC37	ascii	t$ L
0x2C056	0x18002CC56	ascii	t$ H
0x2C081	0x18002CC81	ascii	t$pH
0x2C0F3	0x18002CCF3	ascii	SVWATAVH
0x2C2DC	0x18002CEDC	ascii	L$lA
0x2C2FE	0x18002CEFE	ascii	T$dH
0x2C36E	0x18002CF6E	ascii	\D$`D
0x2C466	0x18002D066	ascii	A^A\_^[
0x2C5D2	0x18002D1D2	ascii	D$xL
0x2C5DF	0x18002D1DF	ascii	D$pH
0x2C5E4	0x18002D1E4	ascii	l$pH
0x2C6EF	0x18002D2EF	ascii	D$hH
0x2C723	0x18002D323	ascii	|$hH
0x2C7C3	0x18002D3C3	ascii	t$0H
0x2C7C8	0x18002D3C8	ascii	\$8H
0x2C869	0x18002D469	ascii	t$0H
0x2C86E	0x18002D46E	ascii	\$8H
0x2C887	0x18002D487	ascii	t$ WH
0x2C9B8	0x18002D5B8	ascii	"D$""H"
0x2CA58	0x18002D658	ascii	\$pH
0x2CA5D	0x18002D65D	ascii	t$xH
0x2CA77	0x18002D677	ascii	UVWATAUAVAWH
0x2CC6A	0x18002D86A	ascii	D$`H
0x2CF0D	0x18002DB0D	ascii	D$jf
0x2D05B	0x18002DC5B	ascii	D$jf
0x2D09F	0x18002DC9F	ascii	\$XH
0x2D0A4	0x18002DCA4	ascii	\$XL
0x2D0E0	0x18002DCE0	ascii	xXI;
0x2D145	0x18002DD45	ascii	H+H(H
0x2D20A	0x18002DE0A	ascii	d$`H
0x2D334	0x18002DF34	ascii	D$H33
0x2D347	0x18002DF47	ascii	Ga=f
0x2D360	0x18002DF60	ascii	L$DH
0x2D394	0x18002DF94	ascii	d$ M
0x2D435	0x18002E035	ascii	D$jf
0x2D4C0	0x18002E0C0	ascii	L$Df
0x2D50A	0x18002E10A	ascii	D$@L
0x2D520	0x18002E120	ascii	D$AL
0x2D536	0x18002E136	ascii	D$XH
0x2D64C	0x18002E24C	ascii	T$`H
0x2D7C9	0x18002E3C9	ascii	D$HH
0x2D7CE	0x18002E3CE	ascii	D$0A
0x2D7DF	0x18002E3DF	ascii	D$ D
0x2D7E8	0x18002E3E8	ascii	D$tI
0x2D867	0x18002E467	ascii	/D$H
0x2DABA	0x18002E6BA	ascii	L$DH
0x2DACB	0x18002E6CB	ascii	D$PA
0x2DAF9	0x18002E6F9	ascii	L$PH
0x2DB5A	0x18002E75A	ascii	/D$Hr
0x2DCC2	0x18002E8C2	ascii	|$hH
0x2DCC7	0x18002E8C7	ascii	D$`H
0x2DCCC	0x18002E8CC	ascii	D$pL
0x2DCD1	0x18002E8D1	ascii	d$xH
0x2DCDA	0x18002E8DA	ascii	D$hH
0x2DCF2	0x18002E8F2	ascii	D$ L
0x2DD9D	0x18002E99D	ascii	D$jf
0x2DE3A	0x18002EA3A	ascii	D$ L
0x2DF0E	0x18002EB0E	ascii	D$jf
0x2DFF1	0x18002EBF1	ascii	D$jf
0x2E17C	0x18002ED7C	ascii	M0H3
0x2E1B8	0x18002EDB8	ascii	A_A^A]A\_^]
0x2E287	0x18002EE87	ascii	\$8H
0x2E2EF	0x18002EEEF	ascii	\$HH
0x2E309	0x18002EF09	ascii	\$HH
0x2E312	0x18002EF12	ascii	D$ H
0x2E372	0x18002EF72	ascii	r9I;
0x2E3AB	0x18002EFAB	ascii	<$M;
0x2E3E5	0x18002EFE5	ascii	UVWAVAWH
0x2E48B	0x18002F08B	ascii	\$`H
0x2E491	0x18002F091	ascii	0A_A^_^]
0x2E49F	0x18002F09F	ascii	UUUUUUU
0x2E4C7	0x18002F0C7	ascii	D$ E3
0x2E6A3	0x18002F2A3	ascii	UVAVH
0x2E6FE	0x18002F2FE	ascii	T$8A
0x2E729	0x18002F329	ascii	H#N0H
0x2E73E	0x18002F33E	ascii	D$ H
0x2E746	0x18002F346	ascii	L$0H
0x2E74B	0x18002F34B	ascii	D$(L
0x2E76B	0x18002F36B	ascii	tGH;
0x2E772	0x18002F372	ascii	L9t$(u
0x2E77B	0x18002F37B	ascii	D$ H
0x2E783	0x18002F383	ascii	l$HH
0x2E790	0x18002F390	ascii	|$@I
0x2E7A5	0x18002F3A5	ascii	\$xH
0x2E7AE	0x18002F3AE	ascii	PA^^]
0x2E7B4	0x18002F3B4	ascii	L9t$(u
0x2E7BD	0x18002F3BD	ascii	D$ L
0x2E7CD	0x18002F3CD	ascii	L$0H
0x2E822	0x18002F422	ascii	T$8H#N0H
0x2E83B	0x18002F43B	ascii	D$ f
0x2E868	0x18002F468	ascii	D$ L
0x2E880	0x18002F480	ascii	@SWAVH
0x2E8B8	0x18002F4B8	ascii	t$PH;
0x2E8E0	0x18002F4E0	ascii	N'H;
0x2E97E	0x18002F57E	ascii	t$PH
0x2E984	0x18002F584	ascii	 A^_[
0x2E9AC	0x18002F5AC	ascii	 A^_[
0x2E9F7	0x18002F5F7	ascii	\$0H
0x2EA4A	0x18002F64A	ascii	t$@H
0x2EAFA	0x18002F6FA	ascii	t=L;
0x2EB61	0x18002F761	ascii	t$@H
0x2EB66	0x18002F766	ascii	\$0H
0x2EB7A	0x18002F77A	ascii	VWAVH
0x2EB8E	0x18002F78E	ascii	D$@H
0x2EC6A	0x18002F86A	ascii	L$0A
0x2EC87	0x18002F887	ascii	L$8L
0x2EC8C	0x18002F88C	ascii	D$ I
0x2EC9A	0x18002F89A	ascii	T$0I
0x2ECA4	0x18002F8A4	ascii	T$ H
0x2ECA9	0x18002F8A9	ascii	L$ H
0x2ECAE	0x18002F8AE	ascii	T$0H;
0x2ECC8	0x18002F8C8	ascii	L$8L
0x2ECCD	0x18002F8CD	ascii	D$ H
0x2ECD2	0x18002F8D2	ascii	T$ I
0x2ED88	0x18002F988	ascii	L$@H3
0x2ED95	0x18002F995	ascii	\$xH
0x2EDA3	0x18002F9A3	ascii	PA^_^
0x2EDB5	0x18002F9B5	ascii	UWAVH
0x2EE3D	0x18002FA3D	ascii	\$PH
0x2EE43	0x18002FA43	ascii	 A^_]
0x2EE4B	0x18002FA4B	ascii	t$@I
0x2EEF5	0x18002FAF5	ascii	t$@E
0x2EF08	0x18002FB08	ascii	\$PH
0x2EF11	0x18002FB11	ascii	 A^_]
0x2EF32	0x18002FB32	ascii	D$8L
0x2EF3B	0x18002FB3B	ascii	L$0H
0x2F122	0x18002FD22	ascii	L$8H3
0x2F14A	0x18002FD4A	ascii	VWAVH
0x2F15E	0x18002FD5E	ascii	D$8H
0x2F1B5	0x18002FDB5	ascii	l$,H
0x2F1BD	0x18002FDBD	ascii	l$4I
0x2F239	0x18002FE39	ascii	D$ H
0x2F24F	0x18002FE4F	ascii	D$,9l$0
0x2F268	0x18002FE68	ascii	D$ H
0x2F28B	0x18002FE8B	ascii	L$8H3
0x2F298	0x18002FE98	ascii	\$hH
0x2F29D	0x18002FE9D	ascii	l$pH
0x2F2A3	0x18002FEA3	ascii	@A^_^
0x2F5F0	0x1800301F0	ascii	@SUVWAVAW
0x2F7C4	0x1800303C4	ascii	A_A^_^][
0x2F7D5	0x1800303D5	ascii	UVWH
0x2F898	0x180030498	ascii	T$Dtw@8
0x2F8E2	0x1800304E2	ascii	L$(H
0x2F98C	0x18003058C	ascii	D$(H
0x2FAD7	0x1800306D7	ascii	d$8f
0x2FCF5	0x1800308F5	ascii	UVAUAVAWH
0x2FD0D	0x18003090D	ascii	D$83
0x2FE1C	0x180030A1C	ascii	)t$P
0x2FE21	0x180030A21	ascii	)|$@
0x2FED5	0x180030AD5	ascii	(|$@
0x2FEDA	0x180030ADA	ascii	(t$PH
0x2FEFE	0x180030AFE	ascii	L$8H3
0x2FF14	0x180030B14	ascii	`A_A^A]^]
0x3003E	0x180030C3E	ascii	VUUUA
0x3005C	0x180030C5C	ascii	HHH;
0x30122	0x180030D22	ascii	(t$p
0x30127	0x180030D27	ascii	(|$`D
0x3012D	0x180030D2D	ascii	(D$PD
0x30133	0x180030D33	ascii	(L$@D
0x30139	0x180030D39	ascii	(T$0D
0x3013F	0x180030D3F	ascii	(\$ D
0x3014B	0x180030D4B	ascii	(,$H
0x30169	0x180030D69	ascii	H`H;
0x30237	0x180030E37	ascii	HxH;
0x303A0	0x180030FA0	ascii	@UVWAVH
0x303B6	0x180030FB6	ascii	D$(I
0x303F0	0x180030FF0	ascii	\$0H
0x30431	0x180031031	ascii	D$ 3
0x30469	0x180031069	ascii	;8u%H
0x30521	0x180031121	ascii	\$0H
0x30526	0x180031126	ascii	L$(H3
0x30534	0x180031134	ascii	8A^_^]
0x30540	0x180031140	ascii	@UVATAVAWH
0x30673	0x180031273	ascii	l$$A
0x3088C	0x18003148C	ascii	L$ L
0x30979	0x180031579	ascii	L$ L
0x309B0	0x1800315B0	ascii	D9mptKH
0x309DC	0x1800315DC	ascii	T$ H
0x309F6	0x1800315F6	ascii	D$ H
0x30A2F	0x18003162F	ascii	A_A^A\^]
0x30A43	0x180031643	ascii	SUVWAVAWH
0x30A5E	0x18003165E	ascii	L$0D
0x30A7D	0x18003167D	ascii	)\$pD
0x30A83	0x180031683	ascii	)d$`
0x30B46	0x180031746	ascii	A_A^_^][
0x30B60	0x180031760	ascii	@SVWH
0x30BC1	0x1800317C1	ascii	L$(H3
0x30BCF	0x1800317CF	ascii	0_^[
0x30BE3	0x1800317E3	ascii	SUVWATAUAVAWH
0x30C2D	0x18003182D	ascii	)\$pD
0x30C33	0x180031833	ascii	)d$`
0x30C49	0x180031849	ascii	d$(D
0x30C53	0x180031853	ascii	l$ H
0x30D0B	0x18003190B	ascii	A_A^A]A\_^][
0x30D20	0x180031920	ascii	@UVWATAUAWH
0x30D5A	0x18003195A	ascii	t$ E
0x30E38	0x180031A38	ascii	L$@3
0x30E3F	0x180031A3F	ascii	D$4A
0x30FE3	0x180031BE3	ascii	vQfff
0x31069	0x180031C69	ascii	T$0H
0x31083	0x180031C83	ascii	D$0H
0x310B4	0x180031CB4	ascii	A_A]A\_^]
0x310CB	0x180031CCB	ascii	UWATAVAWH
0x312AA	0x180031EAA	ascii	K'H;
0x3147A	0x18003207A	ascii	d$ E3
0x314B4	0x1800320B4	ascii	t5H+
0x3151C	0x18003211C	ascii	A_A^A\_]
0x31560	0x180032160	ascii	L$0H3
0x31593	0x180032193	ascii	l$XH
0x3159F	0x18003219F	ascii	t$`H
0x315A7	0x1800321A7	ascii	|$hL
0x31E1B	0x180032A1B	ascii	D$,3
0x31E5B	0x180032A5B	ascii	T$(H
0x31E83	0x180032A83	ascii	D$$H
0x31EC6	0x180032AC6	ascii	|$hH
0x31ECB	0x180032ACB	ascii	t$`H
0x31ED0	0x180032AD0	ascii	l$XL
0x31ED5	0x180032AD5	ascii	t$@H
0x31EDA	0x180032ADA	ascii	\$PH
0x31EDF	0x180032ADF	ascii	L$0H3
0x31EFB	0x180032AFB	ascii	UWAVH
0x32004	0x180032C04	ascii	A E8
0x32034	0x180032C34	ascii	A E8
0x32066	0x180032C66	ascii	B D8
0x32098	0x180032C98	ascii	A D8
0x3210A	0x180032D0A	ascii	"t""D8"
0x3231A	0x180032F1A	ascii	A^_]
0x32333	0x180032F33	ascii	USVWATAUAVAWH
0x323AE	0x180032FAE	ascii	L$`L
0x323D7	0x180032FD7	ascii	D$0A
0x323F1	0x180032FF1	ascii	T$1A
0x3240E	0x18003300E	ascii	T$3A
0x3242C	0x18003302C	ascii	L$2H
0x324F1	0x1800330F1	ascii	D$7H
0x325C7	0x1800331C7	ascii	L$HH
0x325CC	0x1800331CC	ascii	t$XH
0x325F2	0x1800331F2	ascii	L$HH;
0x3264E	0x18003324E	ascii	T$PH;T$Xt 
0x3266A	0x18003326A	ascii	D$PH
0x3267A	0x18003327A	ascii	D$xH
0x32689	0x180033289	ascii	D$PH
0x32770	0x180033370	ascii	T$`H
0x32784	0x180033384	ascii	VUUU
0x3292E	0x18003352E	ascii	D$@H
0x32933	0x180033533	ascii	D$(H
0x32938	0x180033538	ascii	D$<H
0x3293D	0x18003353D	ascii	D$ L
0x32942	0x180033542	ascii	L$8A
0x329E7	0x1800335E7	ascii	Y=gx
0x329F8	0x1800335F8	ascii	|$<E
0x32A11	0x180033611	ascii	t$DD
0x32ABF	0x1800336BF	ascii	D$ L
0x32C14	0x180033814	ascii	D$ A
0x32CE9	0x1800338E9	ascii	L$ A
0x32DC7	0x1800339C7	ascii	t$ A
0x32E5E	0x180033A5E	ascii	|$PH
0x32E63	0x180033A63	ascii	\$HH;
0x32FBD	0x180033BBD	ascii	L$HH
0x32FC7	0x180033BC7	ascii	D$XH+
0x33082	0x180033C82	ascii	A_A^A]A\_^[]
0x33339	0x180033F39	ascii	\$0H
0x3337F	0x180033F7F	ascii	\$0H
0x33384	0x180033F84	ascii	|$8H
0x33389	0x180033F89	ascii	l$@H
0x333E7	0x180033FE7	ascii	\$8H
0x33407	0x180034007	ascii	l$ VWAVH
0x334AC	0x1800340AC	ascii	\$PH
0x334B1	0x1800340B1	ascii	l$hH
0x334B7	0x1800340B7	ascii	0A^_^
0x334EA	0x1800340EA	ascii	D$ H
0x33755	0x180034355	ascii	UVWAVAWH
0x3388C	0x18003448C	ascii	vTH;
0x338D3	0x1800344D3	ascii	\$PH
0x338D9	0x1800344D9	ascii	 A_A^_^]
0x33934	0x180034534	ascii	\$PH
0x33941	0x180034541	ascii	 A_A^_^]
0x339FD	0x1800345FD	ascii	\$0H
0x33A10	0x180034610	ascii	@UWATAUAWH
0x33A36	0x180034636	ascii	UUUUUUU
0x33A61	0x180034661	ascii	\$pH
0x33A6E	0x18003466E	ascii	t$(L
0x33A76	0x180034676	ascii	t$ I
0x33AC3	0x1800346C3	ascii	N'H;
0x33BC0	0x1800347C0	ascii	t$ H
0x33BD1	0x1800347D1	ascii	t$(I
0x33BD9	0x1800347D9	ascii	\$pH
0x33BE3	0x1800347E3	ascii	0A_A]A\_]
0x33C00	0x180034800	ascii	@UWAVAWH
0x33C53	0x180034853	ascii	\$PH
0x33C60	0x180034860	ascii	t$ H
0x33CB6	0x1800348B6	ascii	A'H;
0x33D76	0x180034976	ascii	\$PH
0x33D7E	0x18003497E	ascii	t$ H
0x33D84	0x180034984	ascii	(A_A^_]
0x33DBD	0x1800349BD	ascii	D$ H
0x33DC2	0x1800349C2	ascii	\$ H
0x33DC7	0x1800349C7	ascii	\$(L
0x33DCC	0x1800349CC	ascii	L$0H
0x33E6B	0x180034A6B	ascii	\$(H
0x33E81	0x180034A81	ascii	\$XH
0x33E86	0x180034A86	ascii	t$`H
0x33F32	0x180034B32	ascii	t$8H
0x33F52	0x180034B52	ascii	\$0H
0x33FB7	0x180034BB7	ascii	\$0H
0x3400A	0x180034C0A	ascii	l$@H
0x34019	0x180034C19	ascii	t$HH
0x340D8	0x180034CD8	ascii	t=L;
0x3413F	0x180034D3F	ascii	l$@H
0x34144	0x180034D44	ascii	t$HH
0x34149	0x180034D49	ascii	\$0H
0x3419C	0x180034D9C	ascii	K'H;
0x341D9	0x180034DD9	ascii	\$0H
0x341F7	0x180034DF7	ascii	UVWATAUAVAWH
0x34275	0x180034E75	ascii	t$PD82
0x342C6	0x180034EC6	ascii	T$pA8w
0x342CD	0x180034ECD	ascii	t{@8w4tu
0x342E8	0x180034EE8	ascii	L$\L
0x342F1	0x180034EF1	ascii	_pI;
0x34313	0x180034F13	ascii	L$lM
0x3431F	0x180034F1F	ascii	D$hH
0x34324	0x180034F24	ascii	T$XI
0x3433E	0x180034F3E	ascii	T$pE3
0x34347	0x180034F47	ascii	D$`L
0x345FF	0x1800351FF	ascii	t$XA
0x34660	0x180035260	ascii	t$ L
0x346BC	0x1800352BC	ascii	t$ A
0x34741	0x180035341	ascii	D$PI
0x34746	0x180035346	ascii	T$XI
0x34753	0x180035353	ascii	t$PA
0x347D6	0x1800353D6	ascii	D$ A
0x348CA	0x1800354CA	ascii	l$ L
0x349BB	0x1800355BB	ascii	t$ A
0x34A08	0x180035608	ascii	d$ E
0x34AA4	0x1800356A4	ascii	t$PH
0x34AC1	0x1800356C1	ascii	t$PH
0x34ADB	0x1800356DB	ascii	t$PH
0x34BB1	0x1800357B1	ascii	D$(H
0x34BB6	0x1800357B6	ascii	L$ H
0x34BCD	0x1800357CD	ascii	t$PH
0x34C2E	0x18003582E	ascii	D$xL
0x34CC0	0x1800358C0	ascii	A'H;
0x34CF4	0x1800358F4	ascii	D$xH
0x34DBF	0x1800359BF	ascii	t$PH
0x34DD8	0x1800359D8	ascii	t$PH
0x34DF2	0x1800359F2	ascii	t$PH
0x34E0A	0x180035A0A	ascii	t$PH
0x34E24	0x180035A24	ascii	t$PH
0x34E66	0x180035A66	ascii	t$8L
0x34E6B	0x180035A6B	ascii	t$0H
0x34E8E	0x180035A8E	ascii	T$hH
0x34F2E	0x180035B2E	ascii	D$ A
0x34FBE	0x180035BBE	ascii	T$8H
0x34FD3	0x180035BD3	ascii	D$xD
0x34FDF	0x180035BDF	ascii	|$@L
0x34FE4	0x180035BE4	ascii	t$8L
0x34FE9	0x180035BE9	ascii	L$0L
0x34FEE	0x180035BEE	ascii	D$xL
0x34FF7	0x180035BF7	ascii	D$ L
0x350B6	0x180035CB6	ascii	A_A^A]A\_^]
0x350E3	0x180035CE3	ascii	USVWH
0x3522C	0x180035E2C	ascii	D$(L
0x35238	0x180035E38	ascii	D$ H
0x3533E	0x180035F3E	ascii	D$(L
0x3534A	0x180035F4A	ascii	D$ H
0x35450	0x180036050	ascii	D$(L
0x3545C	0x18003605C	ascii	D$ H
0x35562	0x180036162	ascii	D$(L
0x3556E	0x18003616E	ascii	D$ H
0x35631	0x180036231	ascii	D$ H
0x35653	0x180036253	ascii	D$(L
0x35692	0x180036292	ascii	_^[]
0x356B0	0x1800362B0	ascii	UVWH
0x35744	0x180036344	ascii	Y%nK
0x3583C	0x18003643C	ascii	(t$p
0x35845	0x180036445	ascii	tND83tIH
0x3585B	0x18003645B	ascii	t$HL
0x35872	0x180036472	ascii	L$@L
0x35877	0x180036477	ascii	t$8H
0x3587C	0x18003647C	ascii	\$0H
0x35881	0x180036481	ascii	T$(H
0x358BE	0x1800364BE	ascii	)t$pI
0x358CF	0x1800364CF	ascii	)|$`
0x358DA	0x1800364DA	ascii	)L$P
0x358EB	0x1800364EB	ascii	)T$@
0x35993	0x180036593	ascii	o-wP
0x359E0	0x1800365E0	ascii	t$,L
0x359E9	0x1800365E9	ascii	|$(H
0x359F4	0x1800365F4	ascii	|$4H
0x35A36	0x180036636	ascii	(t$p
0x35A3B	0x18003663B	ascii	(|$`D
0x35A41	0x180036641	ascii	(L$PD
0x35A47	0x180036647	ascii	(T$@H
0x35ACE	0x1800366CE	ascii	\$ H
0x35AEC	0x1800366EC	ascii	\$ H
0x35B03	0x180036703	ascii	\$ H
0x35B30	0x180036730	ascii	\$pI
0x35B57	0x180036757	ascii	UVWATAUAVAWH
0x35C49	0x180036849	ascii	~`I;
0x35D3D	0x18003693D	ascii	L$xH
0x35D5E	0x18003695E	ascii	D$`H
0x35D63	0x180036963	ascii	L$xH
0x35D68	0x180036968	ascii	D$PD
0x35D92	0x180036992	ascii	t$lA
0x35DA2	0x1800369A2	ascii	|$tM
0x35DAE	0x1800369AE	ascii	T$`I
0x35DC5	0x1800369C5	ascii	T$`I
0x35E01	0x180036A01	ascii	EXL;
0x35F4D	0x180036B4D	ascii	T$XI
0x35F71	0x180036B71	ascii	T$XI
0x35F99	0x180036B99	ascii	L$PI
0x35FA7	0x180036BA7	ascii	T$XH
0x35FC0	0x180036BC0	ascii	L$PI
0x36000	0x180036C00	ascii	D$XI
0x36009	0x180036C09	ascii	D$PI
0x36071	0x180036C71	ascii	|$ L
0x360A2	0x180036CA2	ascii	D$lH
0x360DD	0x180036CDD	ascii	D$ A
0x36159	0x180036D59	ascii	D$PH
0x36173	0x180036D73	ascii	|$XE3
0x36197	0x180036D97	ascii	D$lH
0x361C4	0x180036DC4	ascii	D$ 0
0x361E4	0x180036DE4	ascii	L$PD
0x361EC	0x180036DEC	ascii	D$PH
0x361FC	0x180036DFC	ascii	t$PA
0x3627F	0x180036E7F	ascii	D$ A
0x362F8	0x180036EF8	ascii	/=j?
0x3632D	0x180036F2D	ascii	D$lH
0x36346	0x180036F46	ascii	t$ L
0x36515	0x180037115	ascii	D$lH
0x3657B	0x18003717B	ascii	|$ A
0x365C8	0x1800371C8	ascii	l$ E
0x366B2	0x1800372B2	ascii	D$8H
0x366B7	0x1800372B7	ascii	D$0H
0x36740	0x180037340	ascii	t$8L
0x36745	0x180037345	ascii	t$0H
0x36774	0x180037374	ascii	T$xH
0x3686B	0x18003746B	ascii	|$ A
0x368B2	0x1800374B2	ascii	D$lH
0x368DD	0x1800374DD	ascii	L$8A
0x368E8	0x1800374E8	ascii	D$`D
0x368F4	0x1800374F4	ascii	d$@L
0x368F9	0x1800374F9	ascii	t$8H
0x368FE	0x1800374FE	ascii	\$0H
0x36903	0x180037503	ascii	T$`H
0x3690C	0x18003750C	ascii	D$ L
0x36956	0x180037556	ascii	D$lH
0x36980	0x180037580	ascii	L$8A
0x3698B	0x18003758B	ascii	D$`D
0x36997	0x180037597	ascii	d$@L
0x3699C	0x18003759C	ascii	t$8H
0x369A8	0x1800375A8	ascii	T$0H
0x369AD	0x1800375AD	ascii	T$`H
0x369B6	0x1800375B6	ascii	D$ L
0x36A6C	0x18003766C	ascii	A_A^A]A\_^]
0x36A87	0x180037687	ascii	UVWATAUAVAWH
0x36AFC	0x1800376FC	ascii	|$P@8:
0x36B4D	0x18003774D	ascii	d$lA8|$
0x36B55	0x180037755	ascii	t}@8~4tw
0x36B70	0x180037770	ascii	L$\L
0x36B84	0x180037784	ascii	tNff
0x36BA2	0x1800377A2	ascii	L$dM
0x36BAF	0x1800377AF	ascii	D$`H
0x36BB4	0x1800377B4	ascii	T$XI
0x36BD1	0x1800377D1	ascii	d$lL
0x36D4D	0x18003794D	ascii	t$ L
0x36D7E	0x18003797E	ascii	D$|H
0x36E94	0x180037A94	ascii	l$XA
0x36EA6	0x180037AA6	ascii	D$\E
0x36ED0	0x180037AD0	ascii	|$ A
0x36EDF	0x180037ADF	ascii	T$XI
0x36F16	0x180037B16	ascii	/5L3
0x36F9B	0x180037B9B	ascii	|$ L
0x36FA4	0x180037BA4	ascii	T$XI
0x3703C	0x180037C3C	ascii	|$PH
0x37056	0x180037C56	ascii	|$PH
0x37070	0x180037C70	ascii	|$PH
0x370BD	0x180037CBD	ascii	GMXH
0x370D2	0x180037CD2	ascii	D$(H
0x370D7	0x180037CD7	ascii	L$ H
0x370EB	0x180037CEB	ascii	|$PH
0x3719C	0x180037D9C	ascii	|$PH
0x371B5	0x180037DB5	ascii	|$PH
0x371D2	0x180037DD2	ascii	|$PH
0x371EC	0x180037DEC	ascii	|$PH
0x37204	0x180037E04	ascii	|$PH
0x3721E	0x180037E1E	ascii	|$PH
0x37238	0x180037E38	ascii	|$PH
0x37293	0x180037E93	ascii	\$8H
0x37298	0x180037E98	ascii	\$0H
0x372BB	0x180037EBB	ascii	T$`I
0x372EC	0x180037EEC	ascii	D$dL
0x37355	0x180037F55	ascii	D$|H
0x373A3	0x180037FA3	ascii	t$@H
0x373A8	0x180037FA8	ascii	\$8L
0x373AD	0x180037FAD	ascii	L$0H
0x373B2	0x180037FB2	ascii	T$pH
0x373BB	0x180037FBB	ascii	D$ L
0x37434	0x180038034	ascii	D$ L
0x3753E	0x18003813E	ascii	o=,4
0x37602	0x180038202	ascii	D$p3
0x3760F	0x18003820F	ascii	t$@H
0x37614	0x180038214	ascii	T$8L
0x37619	0x180038219	ascii	L$0H
0x3761E	0x18003821E	ascii	T$pH
0x37627	0x180038227	ascii	D$ L
0x3770B	0x18003830B	ascii	A_A^A]A\_^]
0x37BC6	0x1800387C6	ascii	D$@H
0x37BCE	0x1800387CE	ascii	L$ L
0x37C71	0x180038871	ascii	L$@H3
0x37C7E	0x18003887E	ascii	\$hH
0x37F50	0x180038B50	ascii	D$8D
0x37F70	0x180038B70	ascii	D$4D
0x37F90	0x180038B90	ascii	D$LD
0x37FB0	0x180038BB0	ascii	D$PD
0x38066	0x180038C66	ascii	D$@A
0x38086	0x180038C86	ascii	T$@H
0x380B5	0x180038CB5	ascii	gfff
0x380CA	0x180038CCA	ascii	T$`H
0x380DA	0x180038CDA	ascii	D$HA
0x380F4	0x180038CF4	ascii	D$pH
0x380F9	0x180038CF9	ascii	T$@D
0x38105	0x180038D05	ascii	D$ H
0x38182	0x180038D82	ascii	\D$4
0x3821A	0x180038E1A	ascii	T$@H
0x382C0	0x180038EC0	ascii	t$TH
0x382CD	0x180038ECD	ascii	\$4A
0x382D7	0x180038ED7	ascii	T$8H
0x382FB	0x180038EFB	ascii	D$(A
0x38308	0x180038F08	ascii	t$ H
0x38563	0x180039163	ascii	USVI
0x38693	0x180039293	ascii	d$Tff
0x387B3	0x1800393B3	ascii	T$hH
0x387D7	0x1800393D7	ascii	T$hH
0x38809	0x180039409	ascii	T$hH
0x38862	0x180039462	ascii	D$hH
0x388DA	0x1800394DA	ascii	|$(H
0x388E4	0x1800394E4	ascii	|$ I
0x38A3F	0x18003963F	ascii	D$ 0
0x38AB0	0x1800396B0	ascii	|$(A
0x38BE5	0x1800397E5	ascii	|$(L
0x38BF0	0x1800397F0	ascii	l$ H
0x38C20	0x180039820	ascii	L$XH
0x38C29	0x180039829	ascii	D$XH
0x38C64	0x180039864	ascii	D$dH
0x38E2B	0x180039A2B	ascii	t$ L
0x38ED1	0x180039AD1	ascii	|$8H
0x38F5E	0x180039B5E	ascii	|$8H
0x39003	0x180039C03	ascii	|$(H
0x3908D	0x180039C8D	ascii	D$hH
0x390D3	0x180039CD3	ascii	T$XA
0x390DC	0x180039CDC	ascii	|$HL
0x390F5	0x180039CF5	ascii	|$8L
0x390FA	0x180039CFA	ascii	t$0H
0x390FF	0x180039CFF	ascii	T$(I
0x39128	0x180039D28	ascii	D$pH
0x39182	0x180039D82	ascii	|$HL
0x3919B	0x180039D9B	ascii	|$8H
0x391A0	0x180039DA0	ascii	T$0H
0x391A5	0x180039DA5	ascii	T$XH
0x391AA	0x180039DAA	ascii	T$(I
0x39297	0x180039E97	ascii	L$ SUVWH
0x392A7	0x180039EA7	ascii	l$xH
0x392B7	0x180039EB7	ascii	l$(L
0x392E2	0x180039EE2	ascii	8_^][
0x39301	0x180039F01	ascii	L$ SWH
0x39319	0x180039F19	ascii	|$(L
0x3942E	0x18003A02E	ascii	KfC9
0x3946D	0x18003A06D	ascii	KfC9
0x394B2	0x18003A0B2	ascii	SfC9
0x39566	0x18003A166	ascii	/upA
0x39587	0x18003A187	ascii	/uYI
0x39599	0x18003A199	ascii	\tGfA
0x395A0	0x18003A1A0	ascii	/t@D
0x395D0	0x18003A1D0	ascii	fD9A
0x39630	0x18003A230	ascii	@SVWAVAWH
0x39662	0x18003A262	ascii	d$HL
0x39667	0x18003A267	ascii	l$@O
0x39698	0x18003A298	ascii	\t#f
0x3970E	0x18003A30E	ascii	D$0H
0x39754	0x18003A354	ascii	v'H;
0x3977F	0x18003A37F	ascii	|$0L;
0x39794	0x18003A394	ascii	/u1H9k
0x3980E	0x18003A40E	ascii	\t?f
0x39814	0x18003A414	ascii	/t9H
0x3989C	0x18003A49C	ascii	t$ H
0x398AC	0x18003A4AC	ascii	l$@H
0x398B4	0x18003A4B4	ascii	d$HH
0x398C2	0x18003A4C2	ascii	PA_A^_^[
0x398E8	0x18003A4E8	ascii	T$ H
0x39954	0x18003A554	ascii	t)ff
0x39984	0x18003A584	ascii	\$ H
0x3998F	0x18003A58F	ascii	T$(H
0x399B2	0x18003A5B2	ascii	\$ UVWATAUAVAWH
0x399FC	0x18003A5FC	ascii	D$(H
0x39A5A	0x18003A65A	ascii	sDE2
0x39AEA	0x18003A6EA	ascii	D$(I
0x39B1A	0x18003A71A	ascii	@A_A^A]A\_^]
0x39BBC	0x18003A7BC	ascii	A'H;
0x39CC2	0x18003A8C2	ascii	D$HL
0x39CCA	0x18003A8CA	ascii	L$(H
0x39CD2	0x18003A8D2	ascii	L$EE3
0x39D41	0x18003A941	ascii	D$EI
0x39D57	0x18003A957	ascii	L$HH3
0x39D7B	0x18003A97B	ascii	)t$0H
0x39DD8	0x18003A9D8	ascii	(t$0H
0x39DE1	0x18003A9E1	ascii	\$`H
0x39E1E	0x18003AA1E	ascii	|$@H
0x39E48	0x18003AA48	ascii	T$0H
0x39E4D	0x18003AA4D	ascii	L$(H
0x39EBE	0x18003AABE	ascii	H9] H
0x39ED6	0x18003AAD6	ascii	D$PH
0x39EE4	0x18003AAE4	ascii	T$PH
0x39F51	0x18003AB51	ascii	L$PH
0x39F56	0x18003AB56	ascii	D$XH
0x39F5B	0x18003AB5B	ascii	T$PH
0x3A01B	0x18003AC1B	ascii	GM(H
0x3A063	0x18003AC63	ascii	|$ L
0x3A0C0	0x18003ACC0	ascii	@SUVWH
0x3A116	0x18003AD16	ascii	L$@H
0x3A14C	0x18003AD4C	ascii	X_^][
0x3A178	0x18003AD78	ascii	D$ H
0x3A1B4	0x18003ADB4	ascii	l$ L
0x3A1D0	0x18003ADD0	ascii	X_^][
0x3A1E0	0x18003ADE0	ascii	@USVWAVAWH
0x3A22C	0x18003AE2C	ascii	L$0A
0x3A276	0x18003AE76	ascii	D$HH
0x3A27B	0x18003AE7B	ascii	L$@H
0x3A2CD	0x18003AECD	ascii	|$HL
0x3A2D2	0x18003AED2	ascii	D$HL
0x3A3C5	0x18003AFC5	ascii	)D$p
0x3A425	0x18003B025	ascii	T$pH
0x3A44C	0x18003B04C	ascii	L$0A
0x3A49F	0x18003B09F	ascii	L$0A
0x3A4F2	0x18003B0F2	ascii	L$0A
0x3A5A2	0x18003B1A2	ascii	L$`L
0x3A63E	0x18003B23E	ascii	L$0H
0x3A65F	0x18003B25F	ascii	D$ H
0x3A6DC	0x18003B2DC	ascii	L$0A
0x3A734	0x18003B334	ascii	L$0A
0x3A77C	0x18003B37C	ascii	A_A^_^[]
0x3A793	0x18003B393	ascii	USVWATAUAVAWH
0x3A833	0x18003B433	ascii	8;=nw
0x3AD7B	0x18003B97B	ascii	uWE3
0x3ADFB	0x18003B9FB	ascii	l$hD
0x3AE00	0x18003BA00	ascii	t$`H
0x3AE0C	0x18003BA0C	ascii	T$X@
0x3AE17	0x18003BA17	ascii	d$H@
0x3AE1C	0x18003BA1C	ascii	t$@H
0x3AE36	0x18003BA36	ascii	D$ L
0x3AE7A	0x18003BA7A	ascii	D$ H
0x3AF1C	0x18003BB1C	ascii	t$(H
0x3AF21	0x18003BB21	ascii	T$ H
0x3B1B4	0x18003BDB4	ascii	L$0L
0x3B1B9	0x18003BDB9	ascii	d$(H
0x3B668	0x18003C268	ascii	D$(H
0x3B66D	0x18003C26D	ascii	L$ H
0x3CC3E	0x18003D83E	ascii	NHH;
0x3CC6B	0x18003D86B	ascii	/@0w
0x3CC71	0x18003D871	ascii	/H4v
0x3D3A6	0x18003DFA6	ascii	9C8u
0x3D3BE	0x18003DFBE	ascii	H+=C-
0x3D535	0x18003E135	ascii	d$(L
0x3D53A	0x18003E13A	ascii	|$ I
0x3D942	0x18003E542	ascii	|$ H
0x3DA3F	0x18003E63F	ascii	D$ L
0x3DA89	0x18003E689	ascii	|$(H
0x3DA8E	0x18003E68E	ascii	t$ L
0x3DB03	0x18003E703	ascii	A_A^A]A\_^[]
0x3DB40	0x18003E740	ascii	@USVWH
0x3DC08	0x18003E808	ascii	H_^[]
0x3DC4A	0x18003E84A	ascii	u#E3
0x3DCBB	0x18003E8BB	ascii	H_^[]
0x3DD19	0x18003E919	ascii	H_^[]
0x3DD69	0x18003E969	ascii	H_^[]
0x3DD9A	0x18003E99A	ascii	H_^[]
0x3DDC5	0x18003E9C5	ascii	UVWH
0x3DE1A	0x18003EA1A	ascii	\$PH
0x3DE20	0x18003EA20	ascii	 _^]
0x3DE72	0x18003EA72	ascii	A'H;
0x3DEB2	0x18003EAB2	ascii	\$PH
0x3DEB8	0x18003EAB8	ascii	 _^]
0x3DED0	0x18003EAD0	ascii	@SWAWH
0x3DEFB	0x18003EAFB	ascii	l$`I
0x3DF04	0x18003EB04	ascii	t$(L
0x3DF09	0x18003EB09	ascii	t$ L
0x3DF6D	0x18003EB6D	ascii	A'H;
0x3E00D	0x18003EC0D	ascii	t$(H
0x3E012	0x18003EC12	ascii	l$`L
0x3E017	0x18003EC17	ascii	t$ H
0x3E01D	0x18003EC1D	ascii	0A__[
0x3E030	0x18003EC30	ascii	@SVATAVH
0x3E062	0x18003EC62	ascii	l$XI
0x3E06B	0x18003EC6B	ascii	|$`L
0x3E070	0x18003EC70	ascii	|$ L
0x3E0D4	0x18003ECD4	ascii	A'H;
0x3E17C	0x18003ED7C	ascii	$>fA
0x3E18C	0x18003ED8C	ascii	|$`H
0x3E191	0x18003ED91	ascii	l$XL
0x3E196	0x18003ED96	ascii	|$ H
0x3E19C	0x18003ED9C	ascii	(A^A\^[
0x3E1B0	0x18003EDB0	ascii	@SUVWATAVAWH
0x3E200	0x18003EE00	ascii	 A_A^A\_^][
0x3E280	0x18003EE80	ascii	A'H;
0x3E340	0x18003EF40	ascii	@SUWH
0x3E371	0x18003EF71	ascii	L$(H;
0x3E37F	0x18003EF7F	ascii	t$`L
0x3E384	0x18003EF84	ascii	t$hL
0x3E3D3	0x18003EFD3	ascii	A'H;
0x3E457	0x18003F057	ascii	t$`H
0x3E45F	0x18003F05F	ascii	t$hH
0x3E465	0x18003F065	ascii	0_][
0x3E480	0x18003F080	ascii	@SVAUAWH
0x3E4B0	0x18003F0B0	ascii	l$pI
0x3E4B9	0x18003F0B9	ascii	|$0L
0x3E4BE	0x18003F0BE	ascii	d$(L
0x3E4C3	0x18003F0C3	ascii	t$ L
0x3E527	0x18003F127	ascii	A'H;
0x3E606	0x18003F206	ascii	d$(H
0x3E60B	0x18003F20B	ascii	|$0H
0x3E610	0x18003F210	ascii	l$pL
0x3E615	0x18003F215	ascii	t$ H
0x3E61B	0x18003F21B	ascii	8A_A]^[
0x3E658	0x18003F258	ascii	)t$@
0x3E660	0x18003F260	ascii	)|$0
0x3E66E	0x18003F26E	ascii	]x@D
0x3E673	0x18003F273	ascii	)D$ D
0x3E6EC	0x18003F2EC	ascii	(t$@
0x3E6F1	0x18003F2F1	ascii	(|$0D
0x3E6F7	0x18003F2F7	ascii	(D$ H
0x3E757	0x18003F357	ascii	\$8H
0x3E777	0x18003F377	ascii	l$ VWAVH
0x3E81C	0x18003F41C	ascii	\$PH
0x3E821	0x18003F421	ascii	l$hH
0x3E827	0x18003F427	ascii	0A^_^
0x3E85A	0x18003F45A	ascii	D$ H
0x3EA87	0x18003F687	ascii	\$0H
0x3EADA	0x18003F6DA	ascii	l$@H
0x3EAE9	0x18003F6E9	ascii	t$HH
0x3EBA8	0x18003F7A8	ascii	t=L;
0x3EC0F	0x18003F80F	ascii	l$@H
0x3EC14	0x18003F814	ascii	t$HH
0x3EC19	0x18003F819	ascii	\$0H
0x3EDF4	0x18003F9F4	ascii	l$\H
0x3EE0D	0x18003FA0D	ascii	D$`R
0x3EE85	0x18003FA85	ascii	T$8H
0x3EE91	0x18003FA91	ascii	T$0H
0x3EE9A	0x18003FA9A	ascii	T$(H
0x3EEBD	0x18003FABD	ascii	T$pA
0x3F0FF	0x18003FCFF	ascii	D$pA
0x3F17E	0x18003FD7E	ascii	D$X3
0x3F189	0x18003FD89	ascii	|$(D
0x3F1A8	0x18003FDA8	ascii	L$`L
0x3F1CB	0x18003FDCB	ascii	D$hq=
0x3F201	0x18003FE01	ascii	D$XA
0x3F21E	0x18003FE1E	ascii	T$pH
0x3F227	0x18003FE27	ascii	\$tA
0x3F231	0x18003FE31	ascii	T$pt
0x3F25B	0x18003FE5B	ascii	D$XA
0x3F2D0	0x18003FED0	ascii	D$`R
0x3F2DC	0x18003FEDC	ascii	Ga?H
0x3F2ED	0x18003FEED	ascii	L$`Lc 
0x3F2FB	0x18003FEFB	ascii	|$\A
0x3F31F	0x18003FF1F	ascii	tP@8:tKH
0x3F349	0x18003FF49	ascii	|$8H
0x3F34E	0x18003FF4E	ascii	T$0H
0x3F357	0x18003FF57	ascii	T$(H
0x3F3D3	0x18003FFD3	ascii	D$XH
0x3F3D8	0x18003FFD8	ascii	T$pD
0x3F442	0x180040042	ascii	L$pD
0x3F44B	0x18004004B	ascii	|$tL
0x3F456	0x180040056	ascii	t$ H
0x3F45B	0x18004005B	ascii	T$pH
0x3F485	0x180040085	ascii	T$`@
0x3F4F0	0x1800400F0	ascii	T$XA
0x3F5AA	0x1800401AA	ascii	(|?H
0x3F604	0x180040204	ascii	Q8?H
0x3F631	0x180040231	ascii	T$pH
0x3F66D	0x18004026D	ascii	D$\H
0x3F737	0x180040337	ascii	D$pu
0x3F7BD	0x1800403BD	ascii	33s?I
0x3F809	0x180040409	ascii	T$pD
0x3F816	0x180040416	ascii	|$ H
0x3F857	0x180040457	ascii	fff?I
0x3F8C9	0x1800404C9	ascii	t$ H
0x3F90E	0x18004050E	ascii	fff?
0x3F95B	0x18004055B	ascii	t$ H
0x3FA0D	0x18004060D	ascii	|$@H
0x3FA12	0x180040612	ascii	\$8H
0x3FA1E	0x18004061E	ascii	D$pL
0x3FA23	0x180040623	ascii	D$0H
0x3FA28	0x180040628	ascii	D$(D
0x3FA2D	0x18004062D	ascii	T$ H
0x3FA7A	0x18004067A	ascii	t$PH
0x3FC8A	0x18004088A	ascii	UAVAWH
0x3FCA1	0x1800408A1	ascii	)t$`A
0x3FCAA	0x1800408AA	ascii	)|$PL
0x3FCDF	0x1800408DF	ascii	33s?
0x3FD1A	0x18004091A	ascii	w3E3
0x3FD20	0x180040920	ascii	D$ 0
0x3FDB6	0x1800409B6	ascii	w3E3
0x3FDBC	0x1800409BC	ascii	D$ 0
0x3FE02	0x180040A02	ascii	Ga=D
0x3FE07	0x180040A07	ascii	)D$@
0x3FE55	0x180040A55	ascii	w3E3
0x3FE5B	0x180040A5B	ascii	D$ 0
0x3FEF0	0x180040AF0	ascii	D$ 0
0x3FF4D	0x180040B4D	ascii	(D$@H
0x3FFFD	0x180040BFD	ascii	t$ D
0x40016	0x180040C16	ascii	(t$`L
0x4001C	0x180040C1C	ascii	\$pI
0x40028	0x180040C28	ascii	(|$PI
0x4002F	0x180040C2F	ascii	A_A^]
0x40043	0x180040C43	ascii	UAVI
0x401BB	0x180040DBB	ascii	D$xo
0x4022A	0x180040E2A	ascii	D$p3
0x40235	0x180040E35	ascii	|$(D
0x403FA	0x180040FFA	ascii	D$@I
0x40402	0x180041002	ascii	|$8H
0x4040B	0x18004100B	ascii	D$0I
0x40449	0x180041049	ascii	T$hH
0x40541	0x180041141	ascii	H;XP
0x4054B	0x18004114B	ascii	Hc{0A
0x405E9	0x1800411E9	ascii	t$lA
0x40741	0x180041341	ascii	T$hD
0x40785	0x180041385	ascii	|$pH
0x40825	0x180041425	ascii	|$HL
0x4083E	0x18004143E	ascii	|$8H
0x40843	0x180041443	ascii	T$0H
0x4084C	0x18004144C	ascii	T$(I
0x409D0	0x1800415D0	ascii	)t$pD
0x409D6	0x1800415D6	ascii	)|$`H
0x40BE1	0x1800417E1	ascii	\$XD
0x40BFC	0x1800417FC	ascii	E@E3
0x40C07	0x180041807	ascii	l$(D
0x40C7A	0x18004187A	ascii	(|$`
0x40DBE	0x1800419BE	ascii	D$PH
0x40E2E	0x180041A2E	ascii	L$@L
0x40E33	0x180041A33	ascii	l$8L
0x40E38	0x180041A38	ascii	L$0L
0x40E41	0x180041A41	ascii	T$(H
0x40ED6	0x180041AD6	ascii	D$PH
0x40F10	0x180041B10	ascii	l$(H
0x40F1B	0x180041B1B	ascii	d$ H
0x41024	0x180041C24	ascii	(t$pE
0x410DA	0x180041CDA	ascii	t$ H
0x411C3	0x180041DC3	ascii	USVWATAUAVH
0x412E5	0x180041EE5	ascii	(L$`
0x41711	0x180042311	ascii	(D$pH
0x4171C	0x18004231C	ascii	A^A]A\_^[]
0x41730	0x180042330	ascii	@USVWAVAWH
0x4174B	0x18004234B	ascii	)t$PL
0x41753	0x180042353	ascii	)|$@
0x419AC	0x1800425AC	ascii	\$(I
0x419D6	0x1800425D6	ascii	\$(H
0x419FC	0x1800425FC	ascii	\$(H
0x41B42	0x180042742	ascii	(t$P
0x41B47	0x180042747	ascii	(|$@H
0x41B4E	0x18004274E	ascii	hA_A^_^[]
0x41B60	0x180042760	ascii	@USVWAVAWH
0x41B7B	0x18004277B	ascii	)t$PL
0x41B83	0x180042783	ascii	)|$@
0x41E2E	0x180042A2E	ascii	D$(I
0x42062	0x180042C62	ascii	(t$P
0x42067	0x180042C67	ascii	(|$@H
0x4206E	0x180042C6E	ascii	hA_A^_^[]
0x42292	0x180042E92	ascii	D$ H
0x42332	0x180042F32	ascii	\$0H
0x42337	0x180042F37	ascii	T$(H
0x423E1	0x180042FE1	ascii	D$ H
0x424C3	0x1800430C3	ascii	USVWATAVAWH
0x4253B	0x18004313B	ascii	tAA;
0x425CD	0x1800431CD	ascii	]sE3
0x42601	0x180043201	ascii	D$ H
0x42704	0x180043304	ascii	D8g0t
0x42715	0x180043315	ascii	D8g1t
0x4277F	0x18004337F	ascii	L$XH
0x42800	0x180043400	ascii	D8g0t
0x42813	0x180043413	ascii	G D8g1u
0x42877	0x180043477	ascii	d$(H
0x42882	0x180043482	ascii	D$ H
0x42898	0x180043498	ascii	D8g0t
0x428A9	0x1800434A9	ascii	D8g1t
0x428FB	0x1800434FB	ascii	d$ A
0x429E6	0x1800435E6	ascii	d$0H
0x42A31	0x180043631	ascii	d$8H
0x42A36	0x180043636	ascii	|$0f
0x42AC1	0x1800436C1	ascii	L$@L
0x42AC6	0x1800436C6	ascii	d$8H
0x42ACB	0x1800436CB	ascii	D$0H
0x42B48	0x180043748	ascii	A_A^A\_^[]
0x42B6B	0x18004376B	ascii	UWATAVAWH
0x42CCE	0x1800438CE	ascii	T$xH
0x42D79	0x180043979	ascii	D$(H
0x42D8F	0x18004398F	ascii	F@D;
0x42E53	0x180043A53	ascii	D$lH
0x42E58	0x180043A58	ascii	L$PD
0x42E6F	0x180043A6F	ascii	D$XA
0x42E81	0x180043A81	ascii	X=Mv
0x42E8D	0x180043A8D	ascii	D$`A
0x42F31	0x180043B31	ascii	d$(L
0x42F3C	0x180043B3C	ascii	|$ H
0x42F41	0x180043B41	ascii	T$hH
0x42F71	0x180043B71	ascii	33s?
0x430B7	0x180043CB7	ascii	D$ 0
0x43181	0x180043D81	ascii	"tKD8""tFH"
0x431AB	0x180043DAB	ascii	d$8H
0x431B0	0x180043DB0	ascii	T$0H
0x431B5	0x180043DB5	ascii	T$hH
0x431BA	0x180043DBA	ascii	T$(H
0x43275	0x180043E75	ascii	A_A^A\_]
0x43283	0x180043E83	ascii	USVWATAVAWH
0x434EC	0x1800440EC	ascii	d$(H
0x434F6	0x1800440F6	ascii	D$ H
0x4356B	0x18004416B	ascii	D$ 0
0x435F2	0x1800441F2	ascii	tPD8&tKH
0x43607	0x180044207	ascii	d$HL
0x43620	0x180044220	ascii	d$8H
0x43625	0x180044225	ascii	t$0H
0x4362A	0x18004422A	ascii	T$(H
0x43660	0x180044260	ascii	\5zn
0x436E7	0x1800442E7	ascii	d$(L
0x436F2	0x1800442F2	ascii	T$ H
0x43704	0x180044304	ascii	Y%~m
0x43727	0x180044327	ascii	D$ 0
0x437C3	0x1800443C3	ascii	A_A^A\_^[]
0x437D3	0x1800443D3	ascii	USVWAVH
0x43867	0x180044467	ascii	D$ H
0x43886	0x180044486	ascii	D$@H
0x43913	0x180044513	ascii	L$HD
0x4391F	0x18004451F	ascii	\$0L
0x43928	0x180044528	ascii	\$(D
0x43933	0x180044533	ascii	T$ H
0x43947	0x180044547	ascii	L$HE
0x439D5	0x1800445D5	ascii	\$0L
0x439DE	0x1800445DE	ascii	\$(D
0x439E9	0x1800445E9	ascii	T$ H
0x43B18	0x180044718	ascii	D$(H
0x43B41	0x180044741	ascii	YF83
0x43CCA	0x1800448CA	ascii	T$ H
0x43D65	0x180044965	ascii	T$ H
0x43DC1	0x1800449C1	ascii	D$H{
0x43DEF	0x1800449EF	ascii	|$0D
0x43DFB	0x1800449FB	ascii	D$ H
0x43E36	0x180044A36	ascii	A^_^[]
0x43E49	0x180044A49	ascii	p UWATAVAWH
0x43EA9	0x180044AA9	ascii	D$xE
0x43EB2	0x180044AB2	ascii	D$(L
0x43EB7	0x180044AB7	ascii	L$pH
0x43EFE	0x180044AFE	ascii	D$ A
0x43F0F	0x180044B0F	ascii	D$HH
0x43F14	0x180044B14	ascii	D$(L
0x43F19	0x180044B19	ascii	L$@H
0x43F1E	0x180044B1E	ascii	D$DA
0x43F2B	0x180044B2B	ascii	D$ fA
0x43F46	0x180044B46	ascii	d$pH
0x43F62	0x180044B62	ascii	T$HH
0x44036	0x180044C36	ascii	L$`D
0x44042	0x180044C42	ascii	\$0L
0x44047	0x180044C47	ascii	D$LD
0x4404C	0x180044C4C	ascii	\$(H
0x44051	0x180044C51	ascii	T$TD
0x44059	0x180044C59	ascii	T$ I
0x44103	0x180044D03	ascii	D$@r
0x4411D	0x180044D1D	ascii	D$DH
0x44142	0x180044D42	ascii	D$(H
0x441FB	0x180044DFB	ascii	t$ H
0x44200	0x180044E00	ascii	T$LI
0x44213	0x180044E13	ascii	L$`H
0x44226	0x180044E26	ascii	D$`)\
0x4423B	0x180044E3B	ascii	D$h)\
0x44295	0x180044E95	ascii	D$0H
0x4429A	0x180044E9A	ascii	T$LD
0x442A4	0x180044EA4	ascii	L$ I
0x442E0	0x180044EE0	ascii	A_A^A\_]
0x442F3	0x180044EF3	ascii	USVAUAVH
0x44367	0x180044F67	ascii	\$`E
0x443F2	0x180044FF2	ascii	D$x\
0x4440D	0x18004500D	ascii	D$LH
0x44416	0x180045016	ascii	D$@=
0x44426	0x180045026	ascii	D$HH
0x4444D	0x18004504D	ascii	L$lE
0x44465	0x180045065	ascii	D$PH
0x44477	0x180045077	ascii	D$PA
0x4456E	0x18004516E	ascii	L$PD
0x4457B	0x18004517B	ascii	L$hD
0x44587	0x180045187	ascii	\$0L
0x4458C	0x18004518C	ascii	D$`D
0x44591	0x180045191	ascii	\$(D
0x4459C	0x18004519C	ascii	T$ H
0x44666	0x180045266	ascii	l$`D
0x44670	0x180045270	ascii	D$hH
0x4469D	0x18004529D	ascii	D$(H
0x4472D	0x18004532D	ascii	T$PE3
0x44734	0x180045334	ascii	D$ 0
0x4485D	0x18004545D	ascii	A^A]^[]
0x44873	0x180045473	ascii	USVWAVAWH
0x44952	0x180045552	ascii	D$(L
0x4499A	0x18004559A	ascii	D$(L
0x449AE	0x1800455AE	ascii	D$ H
0x449D8	0x1800455D8	ascii	D$(L
0x449EC	0x1800455EC	ascii	D$ H
0x44A16	0x180045616	ascii	D$(H
0x44A26	0x180045626	ascii	D$ L
0x44B22	0x180045722	ascii	(D$pH
0x44B2D	0x18004572D	ascii	A_A^_^[]
0x44B45	0x180045745	ascii	X UVWATAUAVAWH
0x44B99	0x180045799	ascii	)|$pH
0x44BA9	0x1800457A9	ascii	D$hI
0x44C4A	0x18004584A	ascii	D$XE
0x44CE6	0x1800458E6	ascii	D$(H
0x44DD2	0x1800459D2	ascii	|$`H
0x44E5C	0x180045A5C	ascii	D$0E
0x44E79	0x180045A79	ascii	D$8H
0x44EDC	0x180045ADC	ascii	L$@H
0x44EF7	0x180045AF7	ascii	D$LA
0x44F05	0x180045B05	ascii	D$8A
0x44F13	0x180045B13	ascii	D$<A
0x44F2E	0x180045B2E	ascii	D$8D
0x44F33	0x180045B33	ascii	l$(H
0x44F38	0x180045B38	ascii	T$0D
0x44F41	0x180045B41	ascii	t$ H
0x44F83	0x180045B83	ascii	D$PD
0x44F8B	0x180045B8B	ascii	l$(H
0x44F97	0x180045B97	ascii	|$ H
0x44FC3	0x180045BC3	ascii	L$@A
0x44FD8	0x180045BD8	ascii	\5BT
0x45012	0x180045C12	ascii	D$8A
0x45031	0x180045C31	ascii	l$(L
0x4503D	0x180045C3D	ascii	t$ H
0x45042	0x180045C42	ascii	T$0H
0x45050	0x180045C50	ascii	D$ H
0x4507C	0x180045C7C	ascii	D$LA
0x450B2	0x180045CB2	ascii	l$(L
0x450BE	0x180045CBE	ascii	t$ H
0x450C3	0x180045CC3	ascii	T$0H
0x450D9	0x180045CD9	ascii	L$@L
0x45136	0x180045D36	ascii	l$ A
0x4513F	0x180045D3F	ascii	D$8H
0x45144	0x180045D44	ascii	T$0H
0x45155	0x180045D55	ascii	L$4t
0x45169	0x180045D69	ascii	\-EQ
0x451E6	0x180045DE6	ascii	L$hH3
0x4522F	0x180045E2F	ascii	(|$pI
0x45236	0x180045E36	ascii	A_A^A]A\_^]
0x45253	0x180045E53	ascii	UVAVH
0x45375	0x180045F75	ascii	T$`H
0x4537E	0x180045F7E	ascii	D$hA
0x453CD	0x180045FCD	ascii	D$xf
0x45518	0x180046118	ascii	L$pH
0x45535	0x180046135	ascii	D$lH
0x4554C	0x18004614C	ascii	D$0v
0x4555B	0x18004615B	ascii	\%wO
0x4556F	0x18004616F	ascii	L$0H
0x45574	0x180046174	ascii	D$4D
0x45604	0x180046204	ascii	L$0t
0x456C4	0x1800462C4	ascii	T$@H
0x45717	0x180046317	ascii	p}?H
0x457EE	0x1800463EE	ascii	|$4D
0x45913	0x180046513	ascii	D$0A
0x4599C	0x18004659C	ascii	D$4L
0x45A22	0x180046622	ascii	\$4A
0x45A8A	0x18004668A	ascii	D$D\
0x45B23	0x180046723	ascii	T$ L
0x45D12	0x180046912	ascii	A^^]
0x45E1A	0x180046A1A	ascii	\$PH
0x45E1F	0x180046A1F	ascii	t$XH
0x45E30	0x180046A30	ascii	@USVWAVH
0x45E81	0x180046A81	ascii	D$4H
0x45EA2	0x180046AA2	ascii	T$0E3
0x45EA9	0x180046AA9	ascii	D$0E3
0x45EE7	0x180046AE7	ascii	T$0E3
0x45EEE	0x180046AEE	ascii	D$0E3
0x45F79	0x180046B79	ascii	D$4H
0x45F9A	0x180046B9A	ascii	T$0E3
0x45FA1	0x180046BA1	ascii	D$0E3
0x45FD6	0x180046BD6	ascii	T$0E3
0x45FDD	0x180046BDD	ascii	D$0E3
0x46012	0x180046C12	ascii	T$0E3
0x46019	0x180046C19	ascii	D$0E3
0x461AE	0x180046DAE	ascii	T$@E3
0x462AF	0x180046EAF	ascii	L$4D
0x462CB	0x180046ECB	ascii	L$4D
0x46335	0x180046F35	ascii	\5AA
0x4634B	0x180046F4B	ascii	Y5g?
0x46386	0x180046F86	ascii	t$ L
0x463AA	0x180046FAA	ascii	L$4D
0x463C1	0x180046FC1	ascii	D$4L
0x463C6	0x180046FC6	ascii	t$4H
0x4641B	0x18004701B	ascii	L$4D
0x46439	0x180047039	ascii	T$@D
0x4652E	0x18004712E	ascii	t$4D
0x46533	0x180047133	ascii	t$8H
0x46590	0x180047190	ascii	t$ L
0x465B4	0x1800471B4	ascii	L$4D
0x465CB	0x1800471CB	ascii	D$4L
0x465D0	0x1800471D0	ascii	t$4H
0x46634	0x180047234	ascii	T$XH
0x46645	0x180047245	ascii	T$xH
0x46656	0x180047256	ascii	L$4D
0x46674	0x180047274	ascii	T$@D
0x46722	0x180047322	ascii	MXH3
0x4673B	0x18004733B	ascii	A^_^[]
0x4675B	0x18004735B	ascii	UVWH
0x467A4	0x1800473A4	ascii	33s?
0x46828	0x180047428	ascii	t$(D
0x46859	0x180047459	ascii	33s?
0x46899	0x180047499	ascii	t$ A
0x46978	0x180047578	ascii	t$8H
0x4697D	0x18004757D	ascii	t$0H
0x469AC	0x1800475AC	ascii	t$HL
0x469C7	0x1800475C7	ascii	\EkH
0x469D4	0x1800475D4	ascii	t$8H
0x46A83	0x180047683	ascii	T$ H
0x46B38	0x180047738	ascii	\$PH
0x46B5B	0x18004775B	ascii	UWATAVAWH
0x46D48	0x180047948	ascii	D$hH
0x46DE4	0x1800479E4	ascii	D$xA
0x46E3F	0x180047A3F	ascii	X%s3
0x46E61	0x180047A61	ascii	T$dE
0x46E76	0x180047A76	ascii	X%X6
0x46F1D	0x180047B1D	ascii	T$`D
0x46F22	0x180047B22	ascii	t$(D
0x46F38	0x180047B38	ascii	/5>2
0x46F74	0x180047B74	ascii	D$X33s?
0x46F8A	0x180047B8A	ascii	D$0L
0x46F98	0x180047B98	ascii	l$ H
0x46F9D	0x180047B9D	ascii	T$`H
0x47046	0x180047C46	ascii	tRD86tMH
0x4705C	0x180047C5C	ascii	t$HL
0x47075	0x180047C75	ascii	t$8H
0x4707A	0x180047C7A	ascii	t$0H
0x4707F	0x180047C7F	ascii	T$(H
0x4710D	0x180047D0D	ascii	A_A^A\_]
0x47123	0x180047D23	ascii	UAVI
0x4731A	0x180047F1A	ascii	33s?
0x4734D	0x180047F4D	ascii	d$(H
0x47357	0x180047F57	ascii	D$ H
0x4743C	0x18004803C	ascii	t5E3
0x47442	0x180048042	ascii	D$ 0
0x4752D	0x18004812D	ascii	T$ H
0x47584	0x180048184	ascii	Q8?H
0x47675	0x180048275	ascii	\$PH
0x4767A	0x18004827A	ascii	t$`H
0x47733	0x180048333	ascii	USVWATAUAVAWH
0x477AC	0x1800483AC	ascii	T$xL
0x4787D	0x18004847D	ascii	\$pu
0x47925	0x180048525	ascii	L$tH
0x479A6	0x1800485A6	ascii	D$\A
0x479D2	0x1800485D2	ascii	D$P3
0x479F8	0x1800485F8	ascii	|$xt
0x47A58	0x180048658	ascii	d$ H
0x47B2D	0x18004872D	ascii	t$xH
0x47B48	0x180048748	ascii	/%.&
0x47BBE	0x1800487BE	ascii	|$(L
0x47BC9	0x1800487C9	ascii	l$ H
0x47BCE	0x1800487CE	ascii	T$pH
0x47BF5	0x1800487F5	ascii	D$`R
0x47C2E	0x18004882E	ascii	D$pA
0x47C4A	0x18004884A	ascii	tSE8<$tMH
0x47C61	0x180048861	ascii	|$HL
0x47C7A	0x18004887A	ascii	|$8L
0x47C7F	0x18004887F	ascii	d$0H
0x47C84	0x180048884	ascii	T$(H
0x47CE1	0x1800488E1	ascii	D$`A
0x47D25	0x180048925	ascii	D$XD
0x47D2D	0x18004892D	ascii	|$(H
0x47D37	0x180048937	ascii	t$ H
0x47DFC	0x1800489FC	ascii	t9E3
0x47E02	0x180048A02	ascii	D$ 0
0x47E0B	0x180048A0B	ascii	T$XH
0x47E4B	0x180048A4B	ascii	tlE3
0x47EE2	0x180048AE2	ascii	D$`333?A
0x47F05	0x180048B05	ascii	L$lA
0x47F3C	0x180048B3C	ascii	D$XD
0x47F45	0x180048B45	ascii	D$ H
0x47F4A	0x180048B4A	ascii	T$pH
0x48011	0x180048C11	ascii	A_A^A]A\_^[]
0x4803C	0x180048C3C	ascii	\$XH
0x48041	0x180048C41	ascii	T$ H
0x48243	0x180048E43	ascii	\$XH
0x4825F	0x180048E5F	ascii	UVWH
0x4839B	0x180048F9B	ascii	t$(H
0x483A5	0x180048FA5	ascii	D$ H
0x48425	0x180049025	ascii	t$HL
0x4843B	0x18004903B	ascii	L$@H
0x48440	0x180049040	ascii	t$8H
0x48445	0x180049045	ascii	|$0H
0x4844A	0x18004904A	ascii	T$(H
0x4846D	0x18004906D	ascii	Q8=A
0x484E6	0x1800490E6	ascii	t$(H
0x484F0	0x1800490F0	ascii	t$ H
0x4855A	0x18004915A	ascii	t7E3
0x48560	0x180049160	ascii	D$ 0
0x4862D	0x18004922D	ascii	USVWATAUAVAWH
0x48839	0x180049439	ascii	T$8H
0x4883E	0x18004943E	ascii	T$XH
0x48843	0x180049443	ascii	t$0H
0x48848	0x180049448	ascii	T$(H
0x488C5	0x1800494C5	ascii	T$XE
0x4893C	0x18004953C	ascii	D$PA
0x48BC5	0x1800497C5	ascii	L$pL
0x48BDC	0x1800497DC	ascii	D$xH
0x48C57	0x180049857	ascii	D$xH
0x48C60	0x180049860	ascii	D$pA
0x48CE5	0x1800498E5	ascii	L$PA
0x48D07	0x180049907	ascii	D$`)\
0x48D2C	0x18004992C	ascii	L$PA
0x48D8C	0x18004998C	ascii	D$PD
0x48D91	0x180049991	ascii	t$(H
0x48D9F	0x18004999F	ascii	D$ H
0x48DF1	0x1800499F1	ascii	D$`33s?
0x48E02	0x180049A02	ascii	t$(L
0x48E0E	0x180049A0E	ascii	D$ H
0x48E3C	0x180049A3C	ascii	L$XA
0x48E59	0x180049A59	ascii	D$`33s?
0x48E9E	0x180049A9E	ascii	w2E3
0x48EA4	0x180049AA4	ascii	D$ 0
0x48EAD	0x180049AAD	ascii	T$PH
0x48EE6	0x180049AE6	ascii	t$TA
0x48EED	0x180049AED	ascii	w9E3
0x48EF3	0x180049AF3	ascii	D$ 0
0x48F00	0x180049B00	ascii	T$PH
0x48F95	0x180049B95	ascii	L$XH
0x48FC7	0x180049BC7	ascii	D$X333?
0x49014	0x180049C14	ascii	D$ H
0x49019	0x180049C19	ascii	T$PH
0x490A9	0x180049CA9	ascii	A_A^A]A\_^[]
0x490CA	0x180049CCA	ascii	UWATAVAWH
0x490F4	0x180049CF4	ascii	d$@L
0x49177	0x180049D77	ascii	D$ L
0x4917C	0x180049D7C	ascii	d$0L
0x49181	0x180049D81	ascii	d$8H
0x491A6	0x180049DA6	ascii	t$0H
0x491B3	0x180049DB3	ascii	\$ H
0x491C0	0x180049DC0	ascii	|$ H
0x491C5	0x180049DC5	ascii	L$ H
0x491CD	0x180049DCD	ascii	\$ H;
0x49200	0x180049E00	ascii	d$0H
0x4920E	0x180049E0E	ascii	d$ H
0x492B3	0x180049EB3	ascii	|$@L
0x493AB	0x180049FAB	ascii	t$HH
0x493B5	0x180049FB5	ascii	Gt$HL;
0x4941C	0x18004A01C	ascii	M'H3
0x49439	0x18004A039	ascii	A_A^A\_]
0x4945B	0x18004A05B	ascii	UWATAVAWH
0x494E0	0x18004A0E0	ascii	\$`u
0x495CB	0x18004A1CB	ascii	|$TH
0x495FD	0x18004A1FD	ascii	D$pH
0x49634	0x18004A234	ascii	D$PE3
0x4963C	0x18004A23C	ascii	T$`D
0x49641	0x18004A241	ascii	t$(D
0x4968E	0x18004A28E	ascii	D$X33s?
0x496C3	0x18004A2C3	ascii	D$PA
0x496DD	0x18004A2DD	ascii	T$`H
0x496E6	0x18004A2E6	ascii	L$dt
0x4970A	0x18004A30A	ascii	D$PA
0x49768	0x18004A368	ascii	D$PR
0x497CB	0x18004A3CB	ascii	tLE81tG
0x497D8	0x18004A3D8	ascii	L$pD
0x497EC	0x18004A3EC	ascii	|$@L
0x497F1	0x18004A3F1	ascii	t$8L
0x497F6	0x18004A3F6	ascii	L$0L
0x497FB	0x18004A3FB	ascii	L$PH
0x49800	0x18004A400	ascii	L$(I
0x49863	0x18004A463	ascii	L$PA
0x49882	0x18004A482	ascii	tHE81tC
0x4988F	0x18004A48F	ascii	L$pD
0x498A3	0x18004A4A3	ascii	|$@L
0x498A8	0x18004A4A8	ascii	t$8L
0x498AD	0x18004A4AD	ascii	L$0L
0x498B2	0x18004A4B2	ascii	L$PH
0x498B7	0x18004A4B7	ascii	L$(I
0x49928	0x18004A528	ascii	t$0H
0x49948	0x18004A548	ascii	D$`R
0x499AC	0x18004A5AC	ascii	tPD8u
0x499C2	0x18004A5C2	ascii	t$HL
0x499DB	0x18004A5DB	ascii	t$8H
0x499E0	0x18004A5E0	ascii	T$0H
0x499E5	0x18004A5E5	ascii	T$pH
0x499EA	0x18004A5EA	ascii	T$(H
0x49A09	0x18004A609	ascii	D$PD
0x49A0E	0x18004A60E	ascii	t$(A
0x49A8F	0x18004A68F	ascii	D$X33s?
0x49AF3	0x18004A6F3	ascii	D$`H
0x49AFC	0x18004A6FC	ascii	D$PA
0x49B13	0x18004A713	ascii	t$(L
0x49B1F	0x18004A71F	ascii	L$TH
0x49B2B	0x18004A72B	ascii	D$`H
0x49BF1	0x18004A7F1	ascii	A_A^A\_]
0x49C00	0x18004A800	ascii	@USWAVAWH
0x49C4D	0x18004A84D	ascii	D$@H
0x49C6E	0x18004A86E	ascii	T$HE3
0x49D76	0x18004A976	ascii	T$HE3
0x49E4C	0x18004AA4C	ascii	L$`A
0x49EDC	0x18004AADC	ascii	T$HD
0x49F18	0x18004AB18	ascii	L$`3
0x49FD3	0x18004ABD3	ascii	T$HD
0x4A0B8	0x18004ACB8	ascii	D$(H
0x4A0ED	0x18004ACED	ascii	9G`|
0x4A1F1	0x18004ADF1	ascii	T$@H
0x4A57F	0x18004B17F	ascii	A_A^_[]
0x4A59A	0x18004B19A	ascii	UWATAUAVH
0x4A672	0x18004B272	ascii	l$8H
0x4A67E	0x18004B27E	ascii	l$0A
0x4A7E8	0x18004B3E8	ascii	E/H;
0x4A89A	0x18004B49A	ascii	l$ L
0x4A92B	0x18004B52B	ascii	D8-KD
0x4AAAA	0x18004B6AA	ascii	M/H3
0x4AAC7	0x18004B6C7	ascii	A^A]A\_]
0x4ABA6	0x18004B7A6	ascii	D$(H
0x4ABCD	0x18004B7CD	ascii	T$ H
0x4ABD9	0x18004B7D9	ascii	H;\$ u
0x4AC03	0x18004B803	ascii	L$(H3
0x4AC10	0x18004B810	ascii	\$HH
0x4AC36	0x18004B836	ascii	D$(H
0x4AC5D	0x18004B85D	ascii	T$ H
0x4AC69	0x18004B869	ascii	H;\$ u
0x4AC93	0x18004B893	ascii	L$(H3
0x4ACA0	0x18004B8A0	ascii	\$HH
0x4ACC6	0x18004B8C6	ascii	D$(H
0x4ACF3	0x18004B8F3	ascii	H;\$ u
0x4AD1D	0x18004B91D	ascii	L$(H3
0x4AD2A	0x18004B92A	ascii	\$HH
0x4ADD8	0x18004B9D8	ascii	\$0H
0x4ADFA	0x18004B9FA	ascii	l$83
0x4AE1E	0x18004BA1E	ascii	l$8H
0x4AE23	0x18004BA23	ascii	\$0H
0x4AE36	0x18004BA36	ascii	t$@t
0x4AE68	0x18004BA68	ascii	l$HH
0x4AE8A	0x18004BA8A	ascii	\$@H
0x4AE8F	0x18004BA8F	ascii	|$(L
0x4AE94	0x18004BA94	ascii	|$ E3
0x4AEAF	0x18004BAAF	ascii	~ H;
0x4AEDE	0x18004BADE	ascii	|$ H
0x4AEE3	0x18004BAE3	ascii	|$(H
0x4AEE8	0x18004BAE8	ascii	\$@H
0x4AEED	0x18004BAED	ascii	t$PH
0x4AF00	0x18004BB00	ascii	l$Ht
0x4AF70	0x18004BB70	ascii	L$ 3
0x4AF8D	0x18004BB8D	ascii	T$`3
0x4AFA4	0x18004BBA4	ascii	L$`H
0x4AFA9	0x18004BBA9	ascii	L$ H
0x4AFAE	0x18004BBAE	ascii	D$(H
0x4AFB3	0x18004BBB3	ascii	T$ H
0x4B007	0x18004BC07	ascii	|$ UAVAWH
0x4B068	0x18004BC68	ascii	D$`HcH
0x4B07D	0x18004BC7D	ascii	D$`HcH
0x4B090	0x18004BC90	ascii	D$`HcH
0x4B099	0x18004BC99	ascii	D$`H
0x4B0F9	0x18004BCF9	ascii	EpHcH
0x4B10D	0x18004BD0D	ascii	EpHcH
0x4B149	0x18004BD49	ascii	T$pH
0x4B15C	0x18004BD5C	ascii	D$8f
0x4B1F8	0x18004BDF8	ascii	T$8H
0x4B217	0x18004BE17	ascii	EpHcH
0x4B224	0x18004BE24	ascii	EpHcH
0x4B25A	0x18004BE5A	ascii	L$`HcQ
0x4B268	0x18004BE68	ascii	L$`HcQ
0x4B2BF	0x18004BEBF	ascii	A_A^]
0x4B39A	0x18004BF9A	ascii	UWATAVAWH
0x4B44A	0x18004C04A	ascii	t$8@
0x4B5FC	0x18004C1FC	ascii	\$(D
0x4B601	0x18004C201	ascii	|$ M
0x4B63B	0x18004C23B	ascii	D$pL
0x4B689	0x18004C289	ascii	H9MHH
0x4B6B6	0x18004C2B6	ascii	D$HL
0x4B6BB	0x18004C2BB	ascii	|$XL
0x4B6C0	0x18004C2C0	ascii	|$`H
0x4B6C5	0x18004C2C5	ascii	T$8L
0x4B6CA	0x18004C2CA	ascii	D$@I;
0x4B6D4	0x18004C2D4	ascii	|$XH
0x4B6F8	0x18004C2F8	ascii	t$0H
0x4B708	0x18004C308	ascii	D$8H
0x4B725	0x18004C325	ascii	D$8H
0x4B76D	0x18004C36D	ascii	L$ L
0x4B7A8	0x18004C3A8	ascii	L$ L
0x4B810	0x18004C410	ascii	A_A^A\_]
0x4B8B0	0x18004C4B0	ascii	@UVWH
0x4B901	0x18004C501	ascii	tRL+
0x4B95A	0x18004C55A	ascii	P_^]
0x4B971	0x18004C571	ascii	L$8L;
0x4B977	0x18004C577	ascii	rKI+
0x4B9A5	0x18004C5A5	ascii	T$(H
0x4B9BF	0x18004C5BF	ascii	P_^]
0x4B9D2	0x18004C5D2	ascii	\$ UVWATAUAVAWH
0x4BA0A	0x18004C60A	ascii	D$pL
0x4BC30	0x18004C830	ascii	T$(D
0x4BC35	0x18004C835	ascii	t$ L
0x4BE9D	0x18004CA9D	ascii	T$(D
0x4BEA2	0x18004CAA2	ascii	t$ L
0x4BF13	0x18004CB13	ascii	D$PL
0x4BF18	0x18004CB18	ascii	t$`L
0x4BF1D	0x18004CB1D	ascii	t$hH
0x4BF2F	0x18004CB2F	ascii	t$`H
0x4C1F9	0x18004CDF9	ascii	L$(D
0x4C1FE	0x18004CDFE	ascii	t$ L
0x4C2F5	0x18004CEF5	ascii	E(H+
0x4C33F	0x18004CF3F	ascii	T$@L
0x4C344	0x18004CF44	ascii	D$HI;
0x4C377	0x18004CF77	ascii	D$PH
0x4C380	0x18004CF80	ascii	M H+
0x4C3C5	0x18004CFC5	ascii	T$@L
0x4C3CA	0x18004CFCA	ascii	D$HI;
0x4C3FD	0x18004CFFD	ascii	D$TH
0x4C406	0x18004D006	ascii	M H+
0x4C44B	0x18004D04B	ascii	T$@L
0x4C450	0x18004D050	ascii	D$HI;
0x4C491	0x18004D091	ascii	t$`I
0x4C4B4	0x18004D0B4	ascii	D$PI
0x4C4E3	0x18004D0E3	ascii	M H+
0x4C504	0x18004D104	ascii	9H+}
0x4C51F	0x18004D11F	ascii	D$@H+|$@H
0x4C529	0x18004D129	ascii	|$HH
0x4C55E	0x18004D15E	ascii	L$ L
0x4C59D	0x18004D19D	ascii	L$ L
0x4C602	0x18004D202	ascii	t$pt
0x4C813	0x18004D413	ascii	D$(H
0x4C818	0x18004D418	ascii	\$ L
0x4C877	0x18004D477	ascii	D$(H
0x4C87C	0x18004D47C	ascii	D$ L
0x4C884	0x18004D484	ascii	T$pH
0x4C8C5	0x18004D4C5	ascii	D$(H
0x4C8CA	0x18004D4CA	ascii	D$ L
0x4C8D2	0x18004D4D2	ascii	T$pH
0x4C9D8	0x18004D5D8	ascii	T$pL
0x4C9DD	0x18004D5DD	ascii	D$xI;
0x4CA66	0x18004D666	ascii	D$pH+L$pH
0x4CA70	0x18004D670	ascii	T$xH
0x4CAA0	0x18004D6A0	ascii	\$@H+
0x4CCDF	0x18004D8DF	ascii	D$(H
0x4CCE4	0x18004D8E4	ascii	\$ L
0x4CD40	0x18004D940	ascii	D$(H
0x4CD45	0x18004D945	ascii	D$ L
0x4CD4D	0x18004D94D	ascii	T$pH
0x4CD86	0x18004D986	ascii	D$(H
0x4CD8B	0x18004D98B	ascii	D$ L
0x4CD93	0x18004D993	ascii	T$pH
0x4CDCE	0x18004D9CE	ascii	u8L;u@
0x4CEE6	0x18004DAE6	ascii	E(H+
0x4CF37	0x18004DB37	ascii	T$@L
0x4CF3C	0x18004DB3C	ascii	D$HI;
0x4CF7F	0x18004DB7F	ascii	D$PH
0x4CF84	0x18004DB84	ascii	D$`H
0x4CF8D	0x18004DB8D	ascii	E H+
0x4CFD1	0x18004DBD1	ascii	T$@L
0x4CFD6	0x18004DBD6	ascii	D$HI;
0x4D025	0x18004DC25	ascii	L$XI+
0x4D044	0x18004DC44	ascii	t$pHc
0x4D060	0x18004DC60	ascii	L$xH
0x4D083	0x18004DC83	ascii	D$pH
0x4D09E	0x18004DC9E	ascii	L$PH
0x4D0A8	0x18004DCA8	ascii	D$`H+
0x4D115	0x18004DD15	ascii	L$ L
0x4D147	0x18004DD47	ascii	D$`I+
0x4D19B	0x18004DD9B	ascii	L$ L
0x4D292	0x18004DE92	ascii	D$PH
0x4D297	0x18004DE97	ascii	D$`H
0x4D2AD	0x18004DEAD	ascii	L$XL
0x4D2B2	0x18004DEB2	ascii	T$PI+
0x4D308	0x18004DF08	ascii	D$PB
0x4D32D	0x18004DF2D	ascii	D$PB
0x4D352	0x18004DF52	ascii	D$PB
0x4D37B	0x18004DF7B	ascii	D$PB
0x4D391	0x18004DF91	ascii	T$PL;
0x4D3BA	0x18004DFBA	ascii	D$PB
0x4D3CC	0x18004DFCC	ascii	T$PM;
0x4D3DB	0x18004DFDB	ascii	D$`I+
0x4D5BE	0x18004E1BE	ascii	A_A^A]A\_^]
0x4D5E0	0x18004E1E0	ascii	@UVWAWH
0x4D616	0x18004E216	ascii	t$PH;
0x4D6E6	0x18004E2E6	ascii	tjH+
0x4D707	0x18004E307	ascii	L$8H;
0x4D70D	0x18004E30D	ascii	r\H+
0x4D739	0x18004E339	ascii	T$(I
0x4D756	0x18004E356	ascii	t$PH
0x4D764	0x18004E364	ascii	XA__^]
0x4D785	0x18004E385	ascii	X UVWATAUAVAWH
0x4D9AF	0x18004E5AF	ascii	t$hI
0x4D9D2	0x18004E5D2	ascii	D$XI
0x4DCB3	0x18004E8B3	ascii	T$(D
0x4DCB8	0x18004E8B8	ascii	t$ L
0x4DD80	0x18004E980	ascii	D$pL
0x4DD8D	0x18004E98D	ascii	T$XL
0x4DD92	0x18004E992	ascii	D$`I;
0x4DDC9	0x18004E9C9	ascii	D$0H
0x4DDE1	0x18004E9E1	ascii	D$0H
0x4DE39	0x18004EA39	ascii	L$ L
0x4DE89	0x18004EA89	ascii	L$ L
0x4DECD	0x18004EACD	ascii	l$4H
0x4DEEC	0x18004EAEC	ascii	L$pL
0x4DF4E	0x18004EB4E	ascii	K'H;
0x4DF74	0x18004EB74	ascii	t$8H
0x4DF8A	0x18004EB8A	ascii	D$8H
0x4DF8F	0x18004EB8F	ascii	t$pH
0x4DFC8	0x18004EBC8	ascii	t$pH
0x4DFCD	0x18004EBCD	ascii	t$8L
0x4DFD2	0x18004EBD2	ascii	l$xI
0x4DFEB	0x18004EBEB	ascii	L$@L
0x4DFF0	0x18004EBF0	ascii	t$PM
0x4E0E3	0x18004ECE3	ascii	T$(D
0x4E0E8	0x18004ECE8	ascii	t$ L
0x4E28B	0x18004EE8B	ascii	sYOc
0x4E2EA	0x18004EEEA	ascii	I+7H
0x4E2F7	0x18004EEF7	ascii	l$HH
0x4E2FC	0x18004EEFC	ascii	L$PL;
0x4E318	0x18004EF18	ascii	D$@L+
0x4E38C	0x18004EF8C	ascii	A'H;
0x4E3C4	0x18004EFC4	ascii	D$HH
0x4E3C9	0x18004EFC9	ascii	T$@H
0x4E3E6	0x18004EFE6	ascii	D$HM+
0x4E45E	0x18004F05E	ascii	D$HI
0x4E466	0x18004F066	ascii	T$@H+
0x4E474	0x18004F074	ascii	vjff
0x4E492	0x18004F092	ascii	D$`H
0x4E4B5	0x18004F0B5	ascii	D$XH
0x4E4C5	0x18004F0C5	ascii	D$HI
0x4E4CD	0x18004F0CD	ascii	T$@H+
0x4E4E7	0x18004F0E7	ascii	T$HH
0x4E515	0x18004F115	ascii	t$8L
0x4E538	0x18004F138	ascii	L$ L
0x4E588	0x18004F188	ascii	L$ L
0x4E5B9	0x18004F1B9	ascii	t$8L
0x4E5BE	0x18004F1BE	ascii	l$xE3
0x4E5D8	0x18004F1D8	ascii	t$8L
0x4E7D1	0x18004F3D1	ascii	A_A^A]A\_^]
0x4E805	0x18004F405	ascii	UVWAVAWH
0x4E858	0x18004F458	ascii	D$ L
0x4E8F4	0x18004F4F4	ascii	D$(L
0x4E8F9	0x18004F4F9	ascii	|$ E3
0x4E988	0x18004F588	ascii	D$ 3
0x4EA31	0x18004F631	ascii	D$ D
0x4EAF3	0x18004F6F3	ascii	M'H3
0x4EB0C	0x18004F70C	ascii	A_A^_^]
0x4EB25	0x18004F725	ascii	[ VH
0x4EC12	0x18004F812	ascii	(L$@
0x4ED1D	0x18004F91D	ascii	D$$H
0x4ED26	0x18004F926	ascii	D$(A
0x4ED64	0x18004F964	ascii	D$$H
0x4ED6D	0x18004F96D	ascii	D$ A
0x4ED7A	0x18004F97A	ascii	L$$A
0x4ED9F	0x18004F99F	ascii	D$$H
0x4EDA8	0x18004F9A8	ascii	L$ E
0x4EDB1	0x18004F9B1	ascii	(T$0D
0x4EDB7	0x18004F9B7	ascii	(D$PH
0x4EE03	0x18004FA03	ascii	USVWATAUAVAWH
0x4EE68	0x18004FA68	ascii	l$ L9i
0x4EECE	0x18004FACE	ascii	D$0H
0x4EED3	0x18004FAD3	ascii	D$8 
0x4EEEF	0x18004FAEF	ascii	D$`H
0x4EF06	0x18004FB06	ascii	\$ L
0x4EF23	0x18004FB23	ascii	D$0H
0x4EF28	0x18004FB28	ascii	D$8.
0x4EF44	0x18004FB44	ascii	D$@H
0x4EF5B	0x18004FB5B	ascii	\$ L
0x4EF7A	0x18004FB7A	ascii	\$ H
0x4EF90	0x18004FB90	ascii	\$ H
0x4EFA7	0x18004FBA7	ascii	\$ H
0x4EFBD	0x18004FBBD	ascii	\$ H
0x4EFDD	0x18004FBDD	ascii	D$0H
0x4EFE2	0x18004FBE2	ascii	D$8!
0x4EFFB	0x18004FBFB	ascii	\$ L
0x4F000	0x18004FC00	ascii	D$@H
0x4F021	0x18004FC21	ascii	D$0H
0x4F026	0x18004FC26	ascii	D$82
0x4F03F	0x18004FC3F	ascii	\$ L
0x4F044	0x18004FC44	ascii	D$`H
0x4F1C4	0x18004FDC4	ascii	D$<o
0x4F1D0	0x18004FDD0	ascii	T$@H
0x4F2AF	0x18004FEAF	ascii	A_A^A]A\_^[]
0x4F2C7	0x18004FEC7	ascii	UVWATAUAVAWH
0x4F47F	0x18005007F	ascii	O'H;
0x4F677	0x180050277	ascii	H H+H
0x4F6D4	0x1800502D4	ascii	N'H;
0x4F759	0x180050359	ascii	l$@H
0x4F762	0x180050362	ascii	D$HL
0x4F771	0x180050371	ascii	L$@H
0x4F821	0x180050421	ascii	FpE3
0x4F8E1	0x1800504E1	ascii	L$TK
0x4F8F0	0x1800504F0	ascii	D$XK
0x4F9D5	0x1800505D5	ascii	t$hH
0x4FB27	0x180050727	ascii	D$ L
0x4FB2C	0x18005072C	ascii	L$`L
0x4FB31	0x180050731	ascii	D$XH
0x4FB36	0x180050736	ascii	T$PI
0x4FB91	0x180050791	ascii	D$ L
0x4FB96	0x180050796	ascii	L$`L
0x4FB9B	0x18005079B	ascii	D$XH
0x4FBA0	0x1800507A0	ascii	T$PI
0x4FC14	0x180050814	ascii	L$LH
0x4FC28	0x180050828	ascii	D$ L
0x4FC2D	0x18005082D	ascii	L$`L
0x4FC32	0x180050832	ascii	D$XH
0x4FC37	0x180050837	ascii	T$PI
0x4FC8A	0x18005088A	ascii	tQHc
0x4FD4B	0x18005094B	ascii	M H3
0x4FD94	0x180050994	ascii	A_A^A]A\_^]
0x4FFB2	0x180050BB2	ascii	D$@M
0x4FFCD	0x180050BCD	ascii	T$ L
0x4FFD2	0x180050BD2	ascii	D$0H
0x4FFE1	0x180050BE1	ascii	GT$ 3
0x50021	0x180050C21	ascii	L$@H3
0x50040	0x180050C40	ascii	@SUVWAVAWH
0x5012D	0x180050D2D	ascii	l$ M
0x50177	0x180050D77	ascii	HA_A^_^][
0x5018B	0x180050D8B	ascii	HA_A^_^][
0x501D7	0x180050DD7	ascii	HA_A^_^][
0x501F5	0x180050DF5	ascii	HA_A^_^][
0x5020F	0x180050E0F	ascii	L$`M
0x5021A	0x180050E1A	ascii	D$ L
0x5027F	0x180050E7F	ascii	\$0H
0x50291	0x180050E91	ascii	\$0H
0x502F0	0x180050EF0	ascii	@SVH
0x50303	0x180050F03	ascii	D$83
0x50341	0x180050F41	ascii	|$@H
0x50363	0x180050F63	ascii	L$0H
0x50368	0x180050F68	ascii	t$ L
0x5036D	0x180050F6D	ascii	D$(H
0x50372	0x180050F72	ascii	t$(H
0x50377	0x180050F77	ascii	T$ H
0x5037C	0x180050F7C	ascii	t$0H
0x5038A	0x180050F8A	ascii	L$ H
0x50397	0x180050F97	ascii	L$(H
0x503A4	0x180050FA4	ascii	L$0H
0x503C2	0x180050FC2	ascii	|$@H
0x503D3	0x180050FD3	ascii	L$8H3
0x503F0	0x180050FF0	ascii	@SVWH
0x50404	0x180051004	ascii	D$(I
0x50421	0x180051021	ascii	D$ tp
0x50453	0x180051053	ascii	GpH9
0x50482	0x180051082	ascii	L$ H
0x504B0	0x1800510B0	ascii	L$(H3
0x504BE	0x1800510BE	ascii	0_^[
0x504D0	0x1800510D0	ascii	@SUVWAVH
0x504E7	0x1800510E7	ascii	D$(H
0x504FE	0x1800510FE	ascii	L90u
0x50565	0x180051165	ascii	"L90u""H"
0x50592	0x180051192	ascii	L$ H
0x505C0	0x1800511C0	ascii	L$(H3
0x505CE	0x1800511CE	ascii	0A^_^][
0x505E0	0x1800511E0	ascii	@SVWH
0x505FB	0x1800511FB	ascii	 _^[H
0x5060C	0x18005120C	ascii	l$@H
0x50614	0x180051214	ascii	t$HL
0x50635	0x180051235	ascii	~1Lc
0x5064E	0x18005124E	ascii	GXI+
0x50653	0x180051253	ascii	D)8H
0x50658	0x180051258	ascii	O@Ic
0x5068A	0x18005128A	ascii	|$PL
0x5068F	0x18005128F	ascii	t$HH+
0x5069A	0x18005129A	ascii	l$@H
0x506A0	0x1800512A0	ascii	 _^[
0x506B0	0x1800512B0	ascii	@UVAVH
0x506CC	0x1800512CC	ascii	0A^^]
0x506DC	0x1800512DC	ascii	0A^^]H
0x506EE	0x1800512EE	ascii	|$ I
0x5070F	0x18005130F	ascii	\$(I;
0x50735	0x180051335	ascii	M8Hc
0x5073C	0x18005133C	ascii	\$(H
0x50756	0x180051356	ascii	EpI9
0x50784	0x180051384	ascii	v8ff
0x507E3	0x1800513E3	ascii	|$ I
0x507EC	0x1800513EC	ascii	0A^^]
0x50800	0x180051400	ascii	@USVWH
0x50830	0x180051430	ascii	WPLc
0x50874	0x180051474	ascii	GpI9
0x508F8	0x1800514F8	ascii	M'I;
0x50952	0x180051552	ascii	D$8H
0x5095B	0x18005155B	ascii	D$0H
0x50964	0x180051564	ascii	D$(H
0x5096D	0x18005156D	ascii	D$ H
0x50A02	0x180051602	ascii	M/H3
0x50A13	0x180051613	ascii	_^[]
0x50A97	0x180051697	ascii	CPHc
0x50AC4	0x1800516C4	ascii	|$0H
0x50ADC	0x1800516DC	ascii	|$0H
0x50B3A	0x18005173A	ascii	\$0H
0x50B70	0x180051770	ascii	SpI9
0x50BB9	0x1800517B9	ascii	\$0H
0x50BE2	0x1800517E2	ascii	\$ WH
0x50C1B	0x18005181B	ascii	AXLc
0x50C63	0x180051863	ascii	CpI9
0x50CB7	0x1800518B7	ascii	D$@@
0x50CBC	0x1800518BC	ascii	|$PH
0x50CC1	0x1800518C1	ascii	D$8H
0x50CCA	0x1800518CA	ascii	D$xH
0x50CCF	0x1800518CF	ascii	D$0L
0x50CD4	0x1800518D4	ascii	L$QH
0x50CD9	0x1800518D9	ascii	D$XH
0x50CDE	0x1800518DE	ascii	D$(L
0x50CE3	0x1800518E3	ascii	D$PH
0x50CE8	0x1800518E8	ascii	D$HH
0x50D06	0x180051906	ascii	L$PH
0x50D26	0x180051926	ascii	t$@H
0x50D2B	0x18005192B	ascii	D$XH+
0x50D3C	0x18005193C	ascii	L$XL
0x50D5B	0x18005195B	ascii	H9D$H
0x50D7B	0x18005197B	ascii	L$xH3
0x50E03	0x180051A03	ascii	ApI9
0x50E40	0x180051A40	ascii	CpI9
0x50EF6	0x180051AF6	ascii	t$ L
0x50F33	0x180051B33	ascii	I9Khs
0x50F94	0x180051B94	ascii	CXLc
0x50FA2	0x180051BA2	ascii	C D+
0x50FCB	0x180051BCB	ascii	|$(3
0x50FD2	0x180051BD2	ascii	t$ H
0x50FF0	0x180051BF0	ascii	@SUAT
0x50FF6	0x180051BF6	ascii	\$@M
0x5102C	0x180051C2C	ascii	t$ H
0x51031	0x180051C31	ascii	|$(L
0x51036	0x180051C36	ascii	t$0L
0x5106C	0x180051C6C	ascii	I9Khs
0x5112B	0x180051D2B	ascii	CXLc
0x51139	0x180051D39	ascii	C D+
0x5115D	0x180051D5D	ascii	|$83
0x51164	0x180051D64	ascii	t$0H
0x51169	0x180051D69	ascii	|$(H
0x5116E	0x180051D6E	ascii	t$ I
0x51180	0x180051D80	ascii	A\][
0x5119E	0x180051D9E	ascii	IPIc
0x511C3	0x180051DC3	ascii	AhI;
0x511D3	0x180051DD3	ascii	AhA+
0x5125A	0x180051E5A	ascii	VWATAVAWH
0x51294	0x180051E94	ascii	IXHc
0x512D9	0x180051ED9	ascii	 rkH
0x512E2	0x180051EE2	ascii	?s&H
0x512FE	0x180051EFE	ascii	M'H;
0x51432	0x180052032	ascii	\$XH
0x51437	0x180052037	ascii	l$`H
0x5143D	0x18005203D	ascii	 A_A^A\_^
0x51450	0x180052050	ascii	@SVWAVH
0x5147B	0x18005207B	ascii	CXHc
0x5148B	0x18005208B	ascii	K8Hc
0x51507	0x180052107	ascii	(A^_^[H
0x51590	0x180052190	ascii	\$0H
0x5161B	0x18005221B	ascii	\$0H
0x51623	0x180052223	ascii	t$8H
0x51658	0x180052258	ascii	\$0H
0x516E8	0x1800522E8	ascii	\$0H
0x516F0	0x1800522F0	ascii	t$8H
0x51728	0x180052328	ascii	\$0H
0x51752	0x180052352	ascii	D$(H
0x51790	0x180052390	ascii	L$(H3
0x517A6	0x1800523A6	ascii	L$(H3
0x517CA	0x1800523CA	ascii	VWATAVAWH
0x51848	0x180052448	ascii	D$(H
0x5184D	0x18005244D	ascii	l$ L
0x518AB	0x1800524AB	ascii	|$(L
0x518B0	0x1800524B0	ascii	|$ L
0x518B8	0x1800524B8	ascii	T$@H
0x518EF	0x1800524EF	ascii	|$(L
0x518F4	0x1800524F4	ascii	|$ L
0x518FC	0x1800524FC	ascii	T$@H
0x5193F	0x18005253F	ascii	v(I;v0
0x519BB	0x1800525BB	ascii	A_A^A\_^
0x519D0	0x1800525D0	ascii	@SUVWATAUAVAWH
0x51A46	0x180052646	ascii	(~iH
0x51AC2	0x1800526C2	ascii	\$ M
0x51ACA	0x1800526CA	ascii	L$0I
0x51AD7	0x1800526D7	ascii	l$0I
0x51ADF	0x1800526DF	ascii	t$8H
0x51B50	0x180052750	ascii	HA_A^A]A\_^][
0x51B8D	0x18005278D	ascii	\$ H
0x51C12	0x180052812	ascii	\$ VWAWH
0x51C3E	0x18005283E	ascii	\$XH
0x51C44	0x180052844	ascii	 A__^
0x51C78	0x180052878	ascii	t$PH
0x51CCF	0x1800528CF	ascii	K'H;
0x51D59	0x180052959	ascii	t$PH
0x51D62	0x180052962	ascii	\$XH
0x51D68	0x180052968	ascii	 A__^
0x51D84	0x180052984	ascii	\$XH
0x51D8E	0x18005298E	ascii	 A__^
0x51DA0	0x1800529A0	ascii	@SUVWH
0x51DB5	0x1800529B5	ascii	D$8H
0x51DD2	0x1800529D2	ascii	D$(H
0x51E28	0x180052A28	ascii	\$(H
0x51E46	0x180052A46	ascii	\$(H
0x51E4B	0x180052A4B	ascii	\$ H
0x51E61	0x180052A61	ascii	\$(H
0x51E7B	0x180052A7B	ascii	L$8H3
0x51E89	0x180052A89	ascii	H_^][
0x51EC8	0x180052AC8	ascii	|$0H
0x51EFE	0x180052AFE	ascii	|$0H
0x51F06	0x180052B06	ascii	\$8H
0x51F14	0x180052B14	ascii	\$8H
0x51F45	0x180052B45	ascii	UVWH
0x51F69	0x180052B69	ascii	L$P3
0x51F6F	0x180052B6F	ascii	l$@H
0x52049	0x180052C49	ascii	l$pH
0x5204E	0x180052C4E	ascii	l$hH
0x52053	0x180052C53	ascii	l$`L
0x52058	0x180052C58	ascii	L$`L
0x5205D	0x180052C5D	ascii	D$hH
0x52062	0x180052C62	ascii	T$pH
0x52070	0x180052C70	ascii	L$`L
0x52075	0x180052C75	ascii	L$0L
0x5207A	0x180052C7A	ascii	D$hL
0x5207F	0x180052C7F	ascii	D$(H
0x52084	0x180052C84	ascii	T$pH
0x52089	0x180052C89	ascii	T$ H
0x520B1	0x180052CB1	ascii	T$pH
0x520EE	0x180052CEE	ascii	L$xH
0x52172	0x180052D72	ascii	D$XH
0x521AC	0x180052DAC	ascii	D$0H
0x521B5	0x180052DB5	ascii	D$ L
0x521BA	0x180052DBA	ascii	L$XL
0x521DE	0x180052DDE	ascii	|$xH
0x521E3	0x180052DE3	ascii	L$XH3
0x521FA	0x180052DFA	ascii	|$0H
0x521FF	0x180052DFF	ascii	D$8H+
0x52210	0x180052E10	ascii	L$8L
0x52237	0x180052E37	ascii	L$XH3
0x522E7	0x180052EE7	ascii	t$ WH
0x52353	0x180052F53	ascii	Av?H
0x52358	0x180052F58	ascii	C8I+
0x523D3	0x180052FD3	ascii	\$@H
0x523D8	0x180052FD8	ascii	t$HH
0x5252C	0x18005312C	ascii	t$HH
0x52540	0x180053140	ascii	@SVATH
0x52561	0x180053161	ascii	|$`I
0x52572	0x180053172	ascii	l$XL
0x52577	0x180053177	ascii	l$hL
0x5257C	0x18005317C	ascii	t$(L
0x52722	0x180053322	ascii	|$ L
0x52727	0x180053327	ascii	t$(L
0x5272C	0x18005332C	ascii	l$hH
0x52731	0x180053331	ascii	l$XH
0x52736	0x180053336	ascii	|$`I
0x5273F	0x18005333F	ascii	0A\^[
0x5274B	0x18005334B	ascii	0A\^[
0x52760	0x180053360	ascii	@UWATAUAWH
0x527B1	0x1800533B1	ascii	\$pH
0x527BE	0x1800533BE	ascii	t$(L
0x527C6	0x1800533C6	ascii	t$ I
0x52813	0x180053413	ascii	N'H;
0x5284F	0x18005344F	ascii	gfffffffI+
0x5290F	0x18005350F	ascii	t$ H
0x52920	0x180053520	ascii	t$(I
0x52928	0x180053528	ascii	\$pH
0x52932	0x180053532	ascii	0A_A]A\_]
0x52950	0x180053550	ascii	@UVAUAWH
0x5299C	0x18005359C	ascii	\$`H
0x529AC	0x1800535AC	ascii	|$hL
0x529B4	0x1800535B4	ascii	t$ I
0x52A01	0x180053601	ascii	A'H;
0x52A40	0x180053640	ascii	gfffffffH+
0x52AB4	0x1800536B4	ascii	|$hH
0x52ABC	0x1800536BC	ascii	\$`L
0x52AC1	0x1800536C1	ascii	t$ H
0x52AC7	0x1800536C7	ascii	(A_A]^]
0x52AE0	0x1800536E0	ascii	@UWATAVH
0x52B21	0x180053721	ascii	\$`H
0x52B2D	0x18005372D	ascii	t$hI
0x52B38	0x180053738	ascii	|$ H;
0x52B7B	0x18005377B	ascii	N'H;
0x52C4A	0x18005384A	ascii	|$ I
0x52C5A	0x18005385A	ascii	t$hH
0x52C5F	0x18005385F	ascii	\$`H
0x52C69	0x180053869	ascii	(A^A\_]
0x52C80	0x180053880	ascii	@SVATAVH
0x52CB2	0x1800538B2	ascii	l$XI
0x52CBB	0x1800538BB	ascii	|$`L
0x52CC0	0x1800538C0	ascii	|$ L
0x52D09	0x180053909	ascii	H'H;
0x52DC0	0x1800539C0	ascii	|$`H
0x52DC5	0x1800539C5	ascii	l$XL
0x52DCA	0x1800539CA	ascii	|$ H
0x52DD0	0x1800539D0	ascii	(A^A\^[
0x52DF0	0x1800539F0	ascii	@SVAUAVH
0x52E20	0x180053A20	ascii	l$pI
0x52E29	0x180053A29	ascii	|$0L
0x52E2E	0x180053A2E	ascii	d$(L
0x52E33	0x180053A33	ascii	|$ L
0x52E7C	0x180053A7C	ascii	H'H;
0x52F4B	0x180053B4B	ascii	d$(H
0x52F50	0x180053B50	ascii	|$0H
0x52F55	0x180053B55	ascii	l$pL
0x52F5A	0x180053B5A	ascii	|$ H
0x52F60	0x180053B60	ascii	8A^A]^[
0x52F80	0x180053B80	ascii	@SUWATAVAWH
0x52FD3	0x180053BD3	ascii	t!HcE
0x53007	0x180053C07	ascii	HA_A^A\_][
0x530BB	0x180053CBB	ascii	T$ I
0x530DF	0x180053CDF	ascii	M$H+
0x530F1	0x180053CF1	ascii	L$0trI;
0x53100	0x180053D00	ascii	l$@M
0x53116	0x180053D16	ascii	D$8H
0x53144	0x180053D44	ascii	H;l$8t
0x5314D	0x180053D4D	ascii	t$0H
0x5315D	0x180053D5D	ascii	l$@I
0x53195	0x180053D95	ascii	T$0L
0x531CC	0x180053DCC	ascii	T$0A
0x531D7	0x180053DD7	ascii	d$(I
0x531E9	0x180053DE9	ascii	d$(H
0x531EE	0x180053DEE	ascii	T$0L
0x53226	0x180053E26	ascii	T$8D
0x5322B	0x180053E2B	ascii	d$(L
0x53236	0x180053E36	ascii	D$ I
0x53253	0x180053E53	ascii	T$0D
0x53258	0x180053E58	ascii	d$(L
0x53263	0x180053E63	ascii	D$ I
0x5333A	0x180053F3A	ascii	VWAVH
0x5348F	0x18005408F	ascii	iI;[ uc
0x534B6	0x1800540B6	ascii	I9k(u:I9k0u4I9k8u.fA9k@u'H9h
0x534D3	0x1800540D3	ascii	u!I9kHu
0x534E4	0x1800540E4	ascii	I9k8u
0x5350B	0x18005410B	ascii	\$HH
0x53510	0x180054110	ascii	l$PH
0x53516	0x180054116	ascii	 A^_^
0x53567	0x180054167	ascii	t$8H
0x53597	0x180054197	ascii	t$8H+
0x535DF	0x1800541DF	ascii	\$@H
0x53606	0x180054206	ascii	D$8M
0x53611	0x180054211	ascii	L$ H
0x53616	0x180054216	ascii	|$pE3
0x53714	0x180054314	ascii	@v>M
0x5375F	0x18005435F	ascii	D$0WD
0x53774	0x180054374	ascii	D$1H
0x53779	0x180054379	ascii	T$0H
0x53799	0x180054399	ascii	D$0SD
0x537AE	0x1800543AE	ascii	D$1H
0x537B3	0x1800543B3	ascii	T$0H
0x537D3	0x1800543D3	ascii	D$0DD
0x537E8	0x1800543E8	ascii	D$1H
0x537ED	0x1800543ED	ascii	T$0H
0x5381C	0x18005441C	ascii	L$8H3
0x53829	0x180054429	ascii	\$XH
0x538AA	0x1800544AA	ascii	VWAVH
0x538BE	0x1800544BE	ascii	D$8L
0x538DB	0x1800544DB	ascii	\$(H
0x53934	0x180054534	ascii	D$(H
0x539B8	0x1800545B8	ascii	\$(H
0x539BD	0x1800545BD	ascii	\$(H
0x53A00	0x180054600	ascii	\$(H
0x53A1F	0x18005461F	ascii	\$(H
0x53A24	0x180054624	ascii	\$ H
0x53A3A	0x18005463A	ascii	\$(H
0x53A55	0x180054655	ascii	L$8H3
0x53A62	0x180054662	ascii	\$hH
0x53A67	0x180054667	ascii	l$pH
0x53A6D	0x18005466D	ascii	@A^_^
0x53A80	0x180054680	ascii	@SUVWATAVAWH
0x53A91	0x180054691	ascii	D$pI
0x53A9D	0x18005469D	ascii	l$hH
0x53B84	0x180054784	ascii	l$hL;
0x53C67	0x180054867	ascii	A_A^A\_^][
0x53C85	0x180054885	ascii	UVWATAUAVAWH
0x53CD4	0x1800548D4	ascii	)fff
0x540B8	0x180054CB8	ascii	<$I;
0x5416C	0x180054D6C	ascii	<$I;
0x54236	0x180054E36	ascii	u?I;
0x542CA	0x180054ECA	ascii	\$hL
0x542D7	0x180054ED7	ascii	 A_A^A]A\_^]
0x542FE	0x180054EFE	ascii	T$PM
0x54390	0x180054F90	ascii	@SUVWATAVAWH
0x543F1	0x180054FF1	ascii	D$0H
0x543FD	0x180054FFD	ascii	D$(H
0x54402	0x180055002	ascii	L$ H
0x544B6	0x1800550B6	ascii	PA_A^A\_^][
0x544D0	0x1800550D0	ascii	AVAWH
0x544E3	0x1800550E3	ascii	T$(L
0x54531	0x180055131	ascii	l$`H
0x54536	0x180055136	ascii	t$XH
0x5453B	0x18005513B	ascii	|$PL
0x54540	0x180055140	ascii	d$HL
0x54545	0x180055145	ascii	l$@E2
0x5454D	0x18005514D	ascii	l$ H
0x545B8	0x1800551B8	ascii	D$ $
0x54659	0x180055259	ascii	uKI;
0x5475A	0x18005535A	ascii	tIM;
0x547DD	0x1800553DD	ascii	|$(M
0x547FD	0x1800553FD	ascii	T$8M
0x54976	0x180055576	ascii	tiI;
0x549A7	0x1800555A7	ascii	L$0@
0x549C2	0x1800555C2	ascii	L$0I
0x54A12	0x180055612	ascii	I;>t
0x54A19	0x180055619	ascii	|$(I
0x54CA5	0x1800558A5	ascii	N@H;
0x54D7E	0x18005597E	ascii	F@L;
0x54DA6	0x1800559A6	ascii	F(I;
0x54DFA	0x1800559FA	ascii	|$(M
0x54E08	0x180055A08	ascii	l$ A
0x54E27	0x180055A27	ascii	d$HH
0x54E2C	0x180055A2C	ascii	|$PH
0x54E31	0x180055A31	ascii	t$XH
0x54E36	0x180055A36	ascii	l$`H
0x54E43	0x180055A43	ascii	l$@H
0x54E49	0x180055A49	ascii	hA_A^
0x54FB3	0x180055BB3	ascii	|$0H
0x54FC8	0x180055BC8	ascii	|$0H
0x54FF4	0x180055BF4	ascii	9\u6
0x55046	0x180055C46	ascii	t,<)u(
0x55054	0x180055C54	ascii	|$0H
0x55065	0x180055C65	ascii	|$0H
0x5507D	0x180055C7D	ascii	|$0H
0x55125	0x180055D25	ascii	UWATAUAWH
0x5522D	0x180055E2D	ascii	9\u1D8gtu+H
0x552C5	0x180055EC5	ascii	L9c(t
0x552D2	0x180055ED2	ascii	[(L9c(u
0x55325	0x180055F25	ascii	t$XH
0x5532A	0x180055F2A	ascii	t$PH
0x5532F	0x180055F2F	ascii	\$`H
0x55335	0x180055F35	ascii	 A_A]A\_]
0x5534B	0x180055F4B	ascii	l$ VWAVH
0x55358	0x180055F58	ascii	\$@I
0x55360	0x180055F60	ascii	d$HM
0x55368	0x180055F68	ascii	|$PL
0x553E3	0x180055FE3	ascii	W E3
0x5542E	0x18005602E	ascii	iH;w uc
0x55458	0x180056058	ascii	(u9L9
0x5545E	0x18005605E	ascii	0u3L9
0x55464	0x180056064	ascii	8u-fD9
0x5546B	0x18005606B	ascii	@u&L9x
0x55472	0x180056072	ascii	u L9
0x554A7	0x1800560A7	ascii	d$HH
0x554AC	0x1800560AC	ascii	\$@L
0x554B1	0x1800560B1	ascii	|$PH
0x554B6	0x1800560B6	ascii	l$XH
0x554BC	0x1800560BC	ascii	 A^_^
0x55567	0x180056167	ascii	\$0H
0x5556C	0x18005616C	ascii	t$8H
0x55590	0x180056190	ascii	\$0H
0x55598	0x180056198	ascii	t$83
0x555CE	0x1800561CE	ascii	\$0H
0x555D6	0x1800561D6	ascii	t$8H
0x555E0	0x1800561E0	ascii	@SVWAVH
0x55670	0x180056270	ascii	(A^_^[
0x55710	0x180056310	ascii	@SUVWH
0x55785	0x180056385	ascii	(_^][
0x557DC	0x1800563DC	ascii	L$@H
0x557E7	0x1800563E7	ascii	D$0A
0x557F5	0x1800563F5	ascii	D$ L
0x557FA	0x1800563FA	ascii	D$HH
0x557FF	0x1800563FF	ascii	T$PL
0x55804	0x180056404	ascii	D$@I
0x5581F	0x18005641F	ascii	\$pH
0x55894	0x180056494	ascii	L$PH
0x55899	0x180056499	ascii	T$XL
0x5589E	0x18005649E	ascii	L$@H
0x558A3	0x1800564A3	ascii	T$`H
0x558A8	0x1800564A8	ascii	\$@L
0x558AD	0x1800564AD	ascii	D$PL
0x558B2	0x1800564B2	ascii	\$HI
0x558BF	0x1800564BF	ascii	\$pH
0x558D0	0x1800564D0	ascii	@SUVWH
0x559B6	0x1800565B6	ascii	(_^][
0x559C0	0x1800565C0	ascii	@SUVWATAVAWL
0x55B6E	0x18005676E	ascii	A_A^A\_^][
0x55B80	0x180056780	ascii	@SUVWATAUAVAWH
0x55B9D	0x18005679D	ascii	D$PI
0x55BAB	0x1800567AB	ascii	L$ H
0x55BC0	0x1800567C0	ascii	D$0H
0x55C44	0x180056844	ascii	L$HL;
0x55C52	0x180056852	ascii	D$@H
0x55C57	0x180056857	ascii	D$0H
0x55C60	0x180056860	ascii	GD$0F
0x55C82	0x180056882	ascii	l$@H
0x55C87	0x180056887	ascii	L$HI;
0x55CA0	0x1800568A0	ascii	d$0H
0x55CA9	0x1800568A9	ascii	Gd$0I
0x55CF1	0x1800568F1	ascii	\$ H
0x55CFB	0x1800568FB	ascii	\$ H
0x55D10	0x180056910	ascii	L$PH3
0x55D1E	0x18005691E	ascii	hA_A^A]A\_^][
0x55D30	0x180056930	ascii	@USVWATAVAWH
0x55FC8	0x180056BC8	ascii	A_A^A\_^[]
0x5600C	0x180056C0C	ascii	L$ L9=
0x56025	0x180056C25	ascii	p I+
0x56030	0x180056C30	ascii	T$(L
0x5609C	0x180056C9C	ascii	L$ L
0x560A1	0x180056CA1	ascii	t$8H
0x560A6	0x180056CA6	ascii	|$PH
0x560AB	0x180056CAB	ascii	t$xH
0x560B0	0x180056CB0	ascii	\$`L
0x560B5	0x180056CB5	ascii	l$@K
0x560BE	0x180056CBE	ascii	|$03
0x560C5	0x180056CC5	ascii	d$HH
0x560CA	0x180056CCA	ascii	l$pI9
0x560F3	0x180056CF3	ascii	T$(L
0x56120	0x180056D20	ascii	@SUVWAUAVH
0x5614E	0x180056D4E	ascii	D$ I
0x56169	0x180056D69	ascii	D$0H
0x56186	0x180056D86	ascii	A;u 
0x562D5	0x180056ED5	ascii	l$(L
0x5631F	0x180056F1F	ascii	O(I;
0x56345	0x180056F45	ascii	D$(I
0x5638C	0x180056F8C	ascii	d$(H
0x563CF	0x180056FCF	ascii	D$(H
0x563D4	0x180056FD4	ascii	O(I;
0x563F7	0x180056FF7	ascii	D$(I
0x564BB	0x1800570BB	ascii	l$ L
0x564C8	0x1800570C8	ascii	|$@H
0x564CD	0x1800570CD	ascii	D$0I
0x564D5	0x1800570D5	ascii	D$(A
0x564E9	0x1800570E9	ascii	HA^A]_^][
0x56500	0x180057100	ascii	D$(I
0x565CF	0x1800571CF	ascii	D$0H
0x565D8	0x1800571D8	ascii	l$ A
0x56621	0x180057221	ascii	O(I;
0x56660	0x180057260	ascii	@SUVWAVH
0x566F6	0x1800572F6	ascii	9\u1@8ktu+H
0x56786	0x180057386	ascii	@8kt
0x567E2	0x1800573E2	ascii	9\u1@8ktu+H
0x56878	0x180057478	ascii	@8kt
0x568CA	0x1800574CA	ascii	{uBu6
0x56946	0x180057546	ascii	{p^u[H
0x5695F	0x18005755F	ascii	9\u0@8/u+H
0x569AF	0x1800575AF	ascii	{p]@
0x569E8	0x1800575E8	ascii	8\u2@8ktu,H
0x56A4B	0x18005764B	ascii	9\u1@8ktu+H
0x56AEE	0x1800576EE	ascii	9\u1@8ktu+H
0x56B78	0x180057778	ascii	@8kt
0x56BD7	0x1800577D7	ascii	8\u2@8ktu,H
0x56C36	0x180057836	ascii	 A^_^][
0x56CF0	0x1800578F0	ascii	@SVWAWH
0x56D12	0x180057912	ascii	)D$ I
0x56E5B	0x180057A5B	ascii	l$@L
0x56E60	0x180057A60	ascii	t$8H
0x56E69	0x180057A69	ascii	HA__^[
0x56E77	0x180057A77	ascii	l$ VWAVH
0x56F6A	0x180057B6A	ascii	|$ H
0x56F73	0x180057B73	ascii	(D$ f
0x56F7A	0x180057B7A	ascii	D$PL
0x56F7F	0x180057B7F	ascii	D$ L#
0x56F87	0x180057B87	ascii	T$(H
0x56F8C	0x180057B8C	ascii	T$0H
0x56F91	0x180057B91	ascii	L$8L
0x56F96	0x180057B96	ascii	L$PL
0x56F9B	0x180057B9B	ascii	D$ H
0x56FA0	0x180057BA0	ascii	T$0H
0x56FAF	0x180057BAF	ascii	L$@M
0x56FC2	0x180057BC2	ascii	L$HH
0x5706F	0x180057C6F	ascii	\$`I
0x5707D	0x180057C7D	ascii	A^_^
0x57095	0x180057C95	ascii	UVWAVAWH
0x57124	0x180057D24	ascii	D$ L
0x57129	0x180057D29	ascii	|$0H
0x571CA	0x180057DCA	ascii	T$ H
0x57212	0x180057E12	ascii	A_A^_^]
0x57220	0x180057E20	ascii	@WAVH
0x57243	0x180057E43	ascii	\$`I
0x5724B	0x180057E4B	ascii	l$hH
0x57250	0x180057E50	ascii	t$0L
0x57255	0x180057E55	ascii	d$(L
0x5725A	0x180057E5A	ascii	|$ L
0x572B4	0x180057EB4	ascii	K'H;
0x57367	0x180057F67	ascii	d$(H
0x57370	0x180057F70	ascii	l$hH
0x57375	0x180057F75	ascii	\$`L
0x5737A	0x180057F7A	ascii	|$ I
0x57389	0x180057F89	ascii	t$0I
0x57397	0x180057F97	ascii	8A^_
0x573B0	0x180057FB0	ascii	@SVWAVAWH
0x57411	0x180058011	ascii	tCH+
0x57481	0x180058081	ascii	 A_A^_^[
0x5748C	0x18005808C	ascii	l$hI
0x574D0	0x1800580D0	ascii	l$hH
0x574DE	0x1800580DE	ascii	 A_A^_^[
0x5751F	0x18005811F	ascii	r%H;O
0x57553	0x180058153	ascii	l$0H
0x57558	0x180058158	ascii	t$8H
0x5758B	0x18005818B	ascii	t$8L
0x57594	0x180058194	ascii	l$0H
0x57599	0x180058199	ascii	O(I;
0x575C7	0x1800581C7	ascii	\$@H
0x575D5	0x1800581D5	ascii	UVWATAUAVAWH
0x57615	0x180058215	ascii	E9w 
0x5766C	0x18005826C	ascii	E9w ~\L
0x576C4	0x1800582C4	ascii	E;w |
0x5778F	0x18005838F	ascii	E9w$
0x57A34	0x180058634	ascii	A_A^A]A\_^]
0x57A40	0x180058640	ascii	@UVWH
0x57A75	0x180058675	ascii	t$PE2
0x57A86	0x180058686	ascii	\$@L
0x57A8B	0x18005868B	ascii	d$HA
0x57A96	0x180058696	ascii	|$XL
0x57B62	0x180058762	ascii	d$HH
0x57B67	0x180058767	ascii	\$@L
0x57B87	0x180058787	ascii	t$PH
0x57B8D	0x18005878D	ascii	 _^]
0x57C25	0x180058825	ascii	9\u-
0x57C81	0x180058881	ascii	Cu,0<
0x57C8F	0x18005888F	ascii	C@@2
0x57D03	0x180058903	ascii	|$8H
0x57D28	0x180058928	ascii	Hc{l
0x57D43	0x180058943	ascii	H9K0
0x57D9E	0x18005899E	ascii	|$8H
0x57E3F	0x180058A3F	ascii	\$8H
0x57E78	0x180058A78	ascii	9\u-
0x57EBC	0x180058ABC	ascii	^pH;
0x57EC4	0x180058AC4	ascii	9\u1
0x57F1D	0x180058B1D	ascii	|$@2
0x57F24	0x180058B24	ascii	\$8H
0x57F45	0x180058B45	ascii	|$@2
0x57F4C	0x180058B4C	ascii	\$8H
0x58015	0x180058C15	ascii	|$@H
0x5801A	0x180058C1A	ascii	\$8H
0x58088	0x180058C88	ascii	t$0H;
0x58091	0x180058C91	ascii	9\u1
0x580FA	0x180058CFA	ascii	9\u-@8stu'H
0x58160	0x180058D60	ascii	9\u1@8ktu+H
0x581D2	0x180058DD2	ascii	9\u1
0x58213	0x180058E13	ascii	{p}t
0x58230	0x180058E30	ascii	{p}uR
0x5825E	0x180058E5E	ascii	t$0H
0x58263	0x180058E63	ascii	\$8H
0x58268	0x180058E68	ascii	l$@H
0x5831F	0x180058F1F	ascii	\$0H
0x58337	0x180058F37	ascii	t$ WH
0x58345	0x180058F45	ascii	H+1H
0x583A5	0x180058FA5	ascii	\$HH
0x583AD	0x180058FAD	ascii	t$XH
0x584D0	0x1800590D0	ascii	@VWH
0x584F2	0x1800590F2	ascii	\$`I
0x584FA	0x1800590FA	ascii	l$hH
0x58509	0x180059109	ascii	d$0H
0x58520	0x180059120	ascii	t$(H
0x58528	0x180059128	ascii	|$ H
0x58575	0x180059175	ascii	N'I;
0x58642	0x180059242	ascii	d$0H
0x5864B	0x18005924B	ascii	l$hH
0x58654	0x180059254	ascii	|$ I
0x5865D	0x18005925D	ascii	t$(H
0x58665	0x180059265	ascii	\$`H
0x58690	0x180059290	ascii	@SUWAVAWH
0x586F1	0x1800592F1	ascii	tKH+
0x5876D	0x18005936D	ascii	 A_A^_][
0x5878E	0x18005938E	ascii	t$hH
0x587E1	0x1800593E1	ascii	 A_A^_][
0x5883A	0x18005943A	ascii	gfff
0x58869	0x180059469	ascii	9\u1
0x58989	0x180059589	ascii	|$0H;
0x58992	0x180059592	ascii	9\u1
0x589D6	0x1800595D6	ascii	\$8H
0x589DB	0x1800595DB	ascii	l$@H
0x589E6	0x1800595E6	ascii	\$82
0x589ED	0x1800595ED	ascii	l$@H
0x58A20	0x180059620	ascii	l$0H
0x58A58	0x180059658	ascii	kuH;
0x58A60	0x180059660	ascii	9\u1
0x58ACD	0x1800596CD	ascii	{vt*H
0x58C61	0x180059861	ascii	l$0H
0x58C66	0x180059866	ascii	t$8H
0x58C6B	0x18005986B	ascii	\$@H
0x58CB0	0x1800598B0	ascii	|$0H
0x58CBC	0x1800598BC	ascii	Cu<fu
0x58CC8	0x1800598C8	ascii	O<nu
0x58CD3	0x1800598D3	ascii	D<ru
0x58CDE	0x1800598DE	ascii	9<tu
0x58CE9	0x1800598E9	ascii	.<vu
0x58D02	0x180059902	ascii	Cu<au
0x58D0F	0x18005990F	ascii	<bun
0x58DA6	0x1800599A6	ascii	:\u-
0x58E0B	0x180059A0B	ascii	9\u1
0x58E4F	0x180059A4F	ascii	xuwH
0x58E6A	0x180059A6A	ascii	8\u.
0x58EB9	0x180059AB9	ascii	Cv;Cl
0x58ECB	0x180059ACB	ascii	uu^L
0x58EE6	0x180059AE6	ascii	8\u0
0x58F9A	0x180059B9A	ascii	9\u1
0x59036	0x180059C36	ascii	[w1L
0x5906C	0x180059C6C	ascii	|$02
0x59073	0x180059C73	ascii	\$8H
0x59094	0x180059C94	ascii	SvH;
0x5909C	0x180059C9C	ascii	9\u/
0x590E3	0x180059CE3	ascii	\$8H
0x59228	0x180059E28	ascii	\$0H
0x5922D	0x180059E2D	ascii	t$8H
0x5924A	0x180059E4A	ascii	VWAVH
0x592E6	0x180059EE6	ascii	\$XH
0x592EB	0x180059EEB	ascii	l$`H
0x592F1	0x180059EF1	ascii	0A^_^
0x59347	0x180059F47	ascii	H8fA
0x5937A	0x180059F7A	ascii	VWATAUAVH
0x59549	0x18005A149	ascii	|$PH
0x5954E	0x18005A14E	ascii	\$XH
0x59553	0x18005A153	ascii	l$`H
0x59559	0x18005A159	ascii	 A^A]A\_^
0x5969F	0x18005A29F	ascii	\$0H
0x596A4	0x18005A2A4	ascii	t$8H
0x596E0	0x18005A2E0	ascii	@SUVAUH
0x596FA	0x18005A2FA	ascii	D$8I
0x59702	0x18005A302	ascii	D$@H
0x59722	0x18005A322	ascii	xA]^][
0x5972B	0x18005A32B	ascii	D$@L
0x59730	0x18005A330	ascii	D$8I
0x5974F	0x18005A34F	ascii	|$pH
0x59758	0x18005A358	ascii	t$`H+
0x59760	0x18005A360	ascii	|$XL
0x597C6	0x18005A3C6	ascii	D$(A
0x597CF	0x18005A3CF	ascii	d$hA
0x59818	0x18005A418	ascii	T$ E
0x5982C	0x18005A42C	ascii	D$8H
0x59831	0x18005A431	ascii	L$(H
0x59836	0x18005A436	ascii	L$(L;
0x59840	0x18005A440	ascii	D$0#
0x59871	0x18005A471	ascii	L;L$(u
0x598CC	0x18005A4CC	ascii	H;\$0L
0x598E2	0x18005A4E2	ascii	H;\$0
0x59905	0x18005A505	ascii	#T$ A*
0x59924	0x18005A524	ascii	L$0H
0x5992C	0x18005A52C	ascii	t$8L
0x599CF	0x18005A5CF	ascii	"A""<.@"
0x599E7	0x18005A5E7	ascii	E#!H;
0x59A50	0x18005A650	ascii	l$ #
0x59A5D	0x18005A65D	ascii	r.D#
0x59AE5	0x18005A6E5	ascii	D$@L
0x59B2E	0x18005A72E	ascii	#D$ 
0x59B46	0x18005A746	ascii	d$hH
0x59B4E	0x18005A74E	ascii	t$`H
0x59B53	0x18005A753	ascii	|$pL
0x59B58	0x18005A758	ascii	|$XH
0x59B5E	0x18005A75E	ascii	xA]^][
0x59B70	0x18005A770	ascii	@SVWAVAWH
0x59BA6	0x18005A7A6	ascii	 A_A^_^[
0x59BE1	0x18005A7E1	ascii	l$`H
0x59C29	0x18005A829	ascii	A'H;
0x59CC3	0x18005A8C3	ascii	l$`H
0x59CC9	0x18005A8C9	ascii	 A_A^_^[
0x59CFA	0x18005A8FA	ascii	 A_A^_^[
0x59D26	0x18005A926	ascii	 A_A^_^[
0x59DBE	0x18005A9BE	ascii	ClH;
0x59DC6	0x18005A9C6	ascii	9\u1
0x59E10	0x18005AA10	ascii	\$0H
0x59E4E	0x18005AA4E	ascii	\ueH
0x59E6D	0x18005AA6D	ascii	9\u-
0x59ED1	0x18005AAD1	ascii	|$8H;
0x59EDA	0x18005AADA	ascii	9\u1
0x59F1F	0x18005AB1F	ascii	=wvH
0x59F3F	0x18005AB3F	ascii	9\u1
0x59F86	0x18005AB86	ascii	t$0H
0x59F8B	0x18005AB8B	ascii	|$8H
0x59FA8	0x18005ABA8	ascii	t$0H
0x59FD8	0x18005ABD8	ascii	9\u1
0x5A032	0x18005AC32	ascii	\$ UVWATAUAVAWH
0x5A2FB	0x18005AEFB	ascii	L9v(u
0x5A334	0x18005AF34	ascii	w(ff
0x5A3BC	0x18005AFBC	ascii	A_A^A]A\_^]
0x5A3D0	0x18005AFD0	ascii	@SUVWAVAWH
0x5A481	0x18005B081	ascii	(A_A^_^][
0x5A4C7	0x18005B0C7	ascii	K'H;
0x5A504	0x18005B104	ascii	\$0H
0x5A557	0x18005B157	ascii	\$0H
0x5A572	0x18005B172	ascii	\$ UVWATAUAVAWH
0x5A586	0x18005B186	ascii	D$ L
0x5A615	0x18005B215	ascii	N'I;
0x5A664	0x18005B264	ascii	|$(H
0x5A669	0x18005B269	ascii	t$0H
0x5A66E	0x18005B26E	ascii	\$8H
0x5A673	0x18005B273	ascii	l$@H
0x5A678	0x18005B278	ascii	l$HH
0x5A741	0x18005B341	ascii	PA_A^A]A\_^]
0x5A765	0x18005B365	ascii	UVWATAUAVAWH
0x5A7C6	0x18005B3C6	ascii	9\u1D8
0x5A7CD	0x18005B3CD	ascii	tu+H
0x5A82A	0x18005B42A	ascii	;\u2D8
0x5A831	0x18005B431	ascii	tu,H
0x5A882	0x18005B482	ascii	9\u1D8
0x5A889	0x18005B489	ascii	tu+H
0x5A8C5	0x18005B4C5	ascii	:u8D
0x5A8EE	0x18005B4EE	ascii	O8E3
0x5AAF8	0x18005B6F8	ascii	A_A^A]A\_^]
0x5AB14	0x18005B714	ascii	t!D;3s
0x5AB32	0x18005B732	ascii	D;3t!
0x5AC29	0x18005B829	ascii	yubu]H
0x5AC3B	0x18005B83B	ascii	9\u-
0x5AC82	0x18005B882	ascii	\$0H
0x5ACBF	0x18005B8BF	ascii	9\u-
0x5AD0D	0x18005B90D	ascii	Cu,0<
0x5AD20	0x18005B920	ascii	\$0H
0x5ADB8	0x18005B9B8	ascii	K'H;
0x5ADF5	0x18005B9F5	ascii	\$0H
0x5AEC6	0x18005BAC6	ascii	\$8H
0x5AECF	0x18005BACF	ascii	t$@H
0x5AED4	0x18005BAD4	ascii	q H;
0x5AF05	0x18005BB05	ascii	t$@H
0x5AF0A	0x18005BB0A	ascii	\$8H
0x5AF65	0x18005BB65	ascii	UVWAVAWH
0x5AF78	0x18005BB78	ascii	L$ H
0x5AFF8	0x18005BBF8	ascii	^0I+^(H
0x5B037	0x18005BC37	ascii	K'H;
0x5B081	0x18005BC81	ascii	^0H+
0x5B0A1	0x18005BCA1	ascii	\$pH
0x5B0A7	0x18005BCA7	ascii	0A_A^_^]
0x5B0D0	0x18005BCD0	ascii	@SUVWATAVAWH
0x5B0EB	0x18005BCEB	ascii	D$`I
0x5B178	0x18005BD78	ascii	L$PI+
0x5B191	0x18005BD91	ascii	t$@H
0x5B19C	0x18005BD9C	ascii	Gt$@H
0x5B1A2	0x18005BDA2	ascii	\$PH
0x5B249	0x18005BE49	ascii	d$ M
0x5B2F3	0x18005BEF3	ascii	L$`H3
0x5B301	0x18005BF01	ascii	pA_A^A\_^][
0x5B437	0x18005C037	ascii	\$0H
0x5B455	0x18005C055	ascii	VWAVH
0x5B469	0x18005C069	ascii	D$PH
0x5B46E	0x18005C06E	ascii	L$@L
0x5B485	0x18005C085	ascii	T$ H
0x5B4AC	0x18005C0AC	ascii	D$ H
0x5B4B1	0x18005C0B1	ascii	GD$ H
0x5B4B7	0x18005C0B7	ascii	L$@H
0x5B4D1	0x18005C0D1	ascii	L$ I
0x5B4F7	0x18005C0F7	ascii	L$PH3
0x5B50D	0x18005C10D	ascii	`A^_^
0x5B530	0x18005C130	ascii	T$ H
0x5B53C	0x18005C13C	ascii	)D$ 
0x5B5A5	0x18005C1A5	ascii	\$0H
0x5B677	0x18005C277	ascii	\$@H
0x5B6E6	0x18005C2E6	ascii	D$8H
0x5B6EE	0x18005C2EE	ascii	T$(3
0x5B6F5	0x18005C2F5	ascii	|$(H
0x5B6FA	0x18005C2FA	ascii	T$(A
0x5B707	0x18005C307	ascii	D$0H
0x5B70C	0x18005C30C	ascii	T$(H
0x5B751	0x18005C351	ascii	L$8H3
0x5B75E	0x18005C35E	ascii	\$PH
0x5B798	0x18005C398	ascii	\$0H
0x5B7BF	0x18005C3BF	ascii	\$0H
0x5B7DA	0x18005C3DA	ascii	\$0H
0x5B822	0x18005C422	ascii	T$ H
0x5B82E	0x18005C42E	ascii	)D$ 
0x5B855	0x18005C455	ascii	SUVWAVAWH
0x5B8B2	0x18005C4B2	ascii	D$ E3
0x5B95D	0x18005C55D	ascii	\$ D
0x5B97E	0x18005C57E	ascii	HA_A^_^][
0x5BA02	0x18005C602	ascii	)l$ 
0x5BB58	0x18005C758	ascii	(l$ L
0x5BB92	0x18005C792	ascii	(<$I
0x5BBA3	0x18005C7A3	ascii	SUVWH
0x5BC01	0x18005C801	ascii	)d$pD
0x5BC07	0x18005C807	ascii	)l$`
0x5BE18	0x18005CA18	ascii	_^][
0x5BE20	0x18005CA20	ascii	@UVWH
0x5BE4F	0x18005CA4F	ascii	\$XL;
0x5BEBB	0x18005CABB	ascii	tVL+
0x5BF17	0x18005CB17	ascii	\$XH
0x5BF1D	0x18005CB1D	ascii	 _^]
0x5BF52	0x18005CB52	ascii	 _^]
0x5BF6A	0x18005CB6A	ascii	UWATAVAWH
0x5C12A	0x18005CD2A	ascii	L$0L
0x5C1B9	0x18005CDB9	ascii	\$(D
0x5C1BE	0x18005CDBE	ascii	|$ M
0x5C1F9	0x18005CDF9	ascii	D$`L
0x5C1FE	0x18005CDFE	ascii	|$pD
0x5C203	0x18005CE03	ascii	|$xL
0x5C249	0x18005CE49	ascii	H9M8H
0x5C288	0x18005CE88	ascii	T$PL
0x5C28D	0x18005CE8D	ascii	D$XI;
0x5C2EB	0x18005CEEB	ascii	D$HH
0x5C32D	0x18005CF2D	ascii	T$8H;T$@t
0x5C345	0x18005CF45	ascii	D$HH
0x5C391	0x18005CF91	ascii	L$ L
0x5C3CC	0x18005CFCC	ascii	L$ L
0x5C42A	0x18005D02A	ascii	L$0H
0x5C434	0x18005D034	ascii	D$@H+
0x5C494	0x18005D094	ascii	T$@H
0x5C499	0x18005D099	ascii	L$8H
0x5C49E	0x18005D09E	ascii	D$0H
0x5C4D1	0x18005D0D1	ascii	A_A^A\_]
0x5C4E2	0x18005D0E2	ascii	\$ UVWAVAWH
0x5C536	0x18005D136	ascii	L$0H
0x5C53B	0x18005D13B	ascii	T$(H
0x5C69F	0x18005D29F	ascii	tUL+
0x5C83D	0x18005D43D	ascii	M/H3
0x5C856	0x18005D456	ascii	A_A^_^]
0x5C873	0x18005D473	ascii	USVWATAUAVAWH
0x5C8C7	0x18005D4C7	ascii	d$@D
0x5C976	0x18005D576	ascii	t$@L
0x5C9D0	0x18005D5D0	ascii	t$@L
0x5CA01	0x18005D601	ascii	t$@H
0x5CA1B	0x18005D61B	ascii	t$@H
0x5CE9E	0x18005DA9E	ascii	L$pL
0x5CFAB	0x18005DBAB	ascii	D$(H
0x5CFB0	0x18005DBB0	ascii	\$ L
0x5D00F	0x18005DC0F	ascii	D$(H
0x5D014	0x18005DC14	ascii	D$ L
0x5D01C	0x18005DC1C	ascii	T$HH
0x5D065	0x18005DC65	ascii	D$(H
0x5D06A	0x18005DC6A	ascii	D$ L
0x5D072	0x18005DC72	ascii	T$HH
0x5D31C	0x18005DF1C	ascii	t$@H
0x5D37F	0x18005DF7F	ascii	D$PL
0x5D384	0x18005DF84	ascii	d$`L
0x5D389	0x18005DF89	ascii	d$hH
0x5D3A1	0x18005DFA1	ascii	d$`H
0x5D3D9	0x18005DFD9	ascii	T$xH;U
0x5D433	0x18005E033	ascii	D$xH+D$pH=
0x5D485	0x18005E085	ascii	L$ L
0x5D4D9	0x18005E0D9	ascii	L$ L
0x5D50E	0x18005E10E	ascii	t$@H
0x5D604	0x18005E204	ascii	L$(D
0x5D609	0x18005E209	ascii	d$ L
0x5D720	0x18005E320	ascii	D$PL
0x5D725	0x18005E325	ascii	d$`L
0x5D72A	0x18005E32A	ascii	d$hH
0x5D742	0x18005E342	ascii	d$`H
0x5D802	0x18005E402	ascii	t$@H
0x5D96A	0x18005E56A	ascii	L$ L
0x5D9BA	0x18005E5BA	ascii	L$ L
0x5D9FC	0x18005E5FC	ascii	t$@H
0x5DAFE	0x18005E6FE	ascii	L$(D
0x5DB03	0x18005E703	ascii	d$ L
0x5DC1B	0x18005E81B	ascii	T$PL
0x5DC20	0x18005E820	ascii	D$XI;
0x5DC8F	0x18005E88F	ascii	t$HH
0x5DCE6	0x18005E8E6	ascii	T$PL
0x5DCEB	0x18005E8EB	ascii	D$XI;
0x5DD5B	0x18005E95B	ascii	D$LH
0x5DD7E	0x18005E97E	ascii	D$HH
0x5DDF3	0x18005E9F3	ascii	L$ L
0x5DE43	0x18005EA43	ascii	L$ L
0x5DEDE	0x18005EADE	ascii	T$xH
0x5DEE3	0x18005EAE3	ascii	L$pH+
0x5DF56	0x18005EB56	ascii	5v7I
0x5DF89	0x18005EB89	ascii	L$pI
0x5DF95	0x18005EB95	ascii	D$xH+
0x5DFF8	0x18005EBF8	ascii	D$xH
0x5DFFD	0x18005EBFD	ascii	L$pH+
0x5E0E4	0x18005ECE4	ascii	T$PH
0x5E154	0x18005ED54	ascii	T$PH
0x5E1E0	0x18005EDE0	ascii	T$PH
0x5E3AA	0x18005EFAA	ascii	|$HH
0x5E688	0x18005F288	ascii	|$H3
0x5E6F5	0x18005F2F5	ascii	T$PL
0x5E70D	0x18005F30D	ascii	I;D$
0x5E79F	0x18005F39F	ascii	|$HH
0x5E7BC	0x18005F3BC	ascii	t$@L
0x5E898	0x18005F498	ascii	ttL+
0x5E8B1	0x18005F4B1	ascii	\$HH
0x5E8E0	0x18005F4E0	ascii	<8{u
0x5E8F7	0x18005F4F7	ascii	<8}u
0x5E906	0x18005F506	ascii	|$HH;
0x5E936	0x18005F536	ascii	L$pL
0x5EB20	0x18005F720	ascii	T$PL
0x5EBD9	0x18005F7D9	ascii	I;\$
0x5EC1D	0x18005F81D	ascii	HcC0Li
0x5ED36	0x18005F936	ascii	}@Hc
0x5ED48	0x18005F948	ascii	B H;
0x5ED82	0x18005F982	ascii	|$HM
0x5EE4A	0x18005FA4A	ascii	L$pH
0x5EE9D	0x18005FA9D	ascii	D$pL
0x5EF89	0x18005FB89	ascii	A_A^A]A\_^[]
0x5F095	0x18005FC95	ascii	UVWATAUAVAWH
0x5F326	0x18005FF26	ascii	RucA
0x5F362	0x18005FF62	ascii	U I;U(t
0x5F467	0x180060067	ascii	A_A^A]A\_^]
0x5F485	0x180060085	ascii	UVWATAUAVAWH
0x5F4BB	0x1800600BB	ascii	D$XL
0x5F4C0	0x1800600C0	ascii	|$hH
0x5F4CE	0x1800600CE	ascii	|$XH
0x5F4E8	0x1800600E8	ascii	D$hH
0x5F4ED	0x1800600ED	ascii	|$XH
0x5F4F8	0x1800600F8	ascii	G|$XH
0x5F53E	0x18006013E	ascii	D$xL
0x5F554	0x180060154	ascii	L$hH
0x5F559	0x180060159	ascii	|$XH
0x5F564	0x180060164	ascii	G|$XH;
0x5F5AB	0x1800601AB	ascii	T$hH;
0x5F5B9	0x1800601B9	ascii	L$pL
0x5F5BE	0x1800601BE	ascii	T$XH
0x5F5C3	0x1800601C3	ascii	D$XI
0x5F5D9	0x1800601D9	ascii	D$XI
0x5F618	0x180060218	ascii	T$XI
0x5F637	0x180060237	ascii	D$@H
0x5F63C	0x18006023C	ascii	D$PH
0x5F641	0x180060241	ascii	T$xH
0x5F650	0x180060250	ascii	L$@H;L$Ht
0x5F673	0x180060273	ascii	D$PH+
0x5F6E2	0x1800602E2	ascii	L$hH
0x5F6E7	0x1800602E7	ascii	|$XH
0x5F6F2	0x1800602F2	ascii	G|$XH
0x5F756	0x180060356	ascii	L$hH
0x5F75B	0x18006035B	ascii	|$XH
0x5F766	0x180060366	ascii	G|$XH;
0x5F788	0x180060388	ascii	t^L+
0x5F7A1	0x1800603A1	ascii	T$hM;
0x5F7AB	0x1800603AB	ascii	T$pL
0x5F7B0	0x1800603B0	ascii	L$XH
0x5F7B5	0x1800603B5	ascii	D$XH
0x5F7CA	0x1800603CA	ascii	D$XH
0x5F824	0x180060424	ascii	A_A^A]A\_^]
0x5F84F	0x18006044F	ascii	D$XH
0x5F8C7	0x1800604C7	ascii	|$xH
0x5F9B3	0x1800605B3	ascii	\$xH
0x5F9EF	0x1800605EF	ascii	T$(D
0x5F9F4	0x1800605F4	ascii	|$ L
0x5F9F9	0x1800605F9	ascii	L$xL
0x5FA42	0x180060642	ascii	MPH+
0x5FA7E	0x18006067E	ascii	D$xL
0x5FA8B	0x18006068B	ascii	T$0L
0x5FA90	0x180060690	ascii	D$8I;
0x5FABB	0x1800606BB	ascii	D$xH
0x5FAC0	0x1800606C0	ascii	T$@I
0x5FC70	0x180060870	ascii	@USVWATAUAVAWH
0x5FCA3	0x1800608A3	ascii	t$0H91t
0x5FCD2	0x1800608D2	ascii	D$p3
0x5FD6D	0x18006096D	ascii	L$ L
0x5FDFC	0x1800609FC	ascii	D$PH
0x5FE01	0x180060A01	ascii	t$`H
0x5FE0F	0x180060A0F	ascii	t$PH
0x5FE33	0x180060A33	ascii	L$@H
0x5FE38	0x180060A38	ascii	D$HH
0x5FE3D	0x180060A3D	ascii	T$@H
0x5FEBE	0x180060ABE	ascii	t$0H
0x5FED6	0x180060AD6	ascii	t$0H
0x5FEF1	0x180060AF1	ascii	t$0H
0x5FF01	0x180060B01	ascii	T$@A
0x5FF15	0x180060B15	ascii	D$@H
0x5FF1A	0x180060B1A	ascii	"D$H"""
0x5FF32	0x180060B32	ascii	t$0L
0x5FF5D	0x180060B5D	ascii	D$@H
0x5FF62	0x180060B62	ascii	D$H#
0x5FF7A	0x180060B7A	ascii	t$0L
0x6002C	0x180060C2C	ascii	D$@H
0x60031	0x180060C31	ascii	D$H!
0x6003A	0x180060C3A	ascii	T$@H
0x60051	0x180060C51	ascii	t$0L
0x60070	0x180060C70	ascii	t$0H
0x60075	0x180060C75	ascii	\$ M
0x600B0	0x180060CB0	ascii	t$0H
0x600C7	0x180060CC7	ascii	t$0H
0x60120	0x180060D20	ascii	|$pH
0x60125	0x180060D25	ascii	\$xL
0x60142	0x180060D42	ascii	t$0H
0x6016E	0x180060D6E	ascii	t$0L
0x6018E	0x180060D8E	ascii	t$0L
0x601EA	0x180060DEA	ascii	t$0H
0x601F6	0x180060DF6	ascii	D$PH
0x60204	0x180060E04	ascii	T$PH
0x60219	0x180060E19	ascii	t$0L
0x60239	0x180060E39	ascii	t$0L
0x602A3	0x180060EA3	ascii	t$0H
0x602BE	0x180060EBE	ascii	t$0H
0x602D9	0x180060ED9	ascii	t$0H
0x602F1	0x180060EF1	ascii	t$0H
0x60309	0x180060F09	ascii	t$0H
0x60324	0x180060F24	ascii	t$0H
0x6033E	0x180060F3E	ascii	t$0H
0x60355	0x180060F55	ascii	t$0H
0x603F5	0x180060FF5	ascii	A_A^A]A\_^[]
0x60424	0x180061024	ascii	L$03
0x6048F	0x18006108F	ascii	\$8H
0x604A7	0x1800610A7	ascii	UVWATAUAVAWH
0x60541	0x180061141	ascii	|$8H
0x6054D	0x18006114D	ascii	L$0I
0x6059E	0x18006119E	ascii	T$HH
0x6066C	0x18006126C	ascii	S8H+S0H
0x606A0	0x1800612A0	ascii	C8H+C0H
0x6078C	0x18006138C	ascii	N8I;
0x6084D	0x18006144D	ascii	NPI;
0x608E1	0x1800614E1	ascii	)M L
0x60904	0x180061504	ascii	NhI;
0x609C5	0x1800615C5	ascii	D$Xf
0x609CF	0x1800615CF	ascii	L$PL
0x60A1B	0x18006161B	ascii	HcG 
0x60A87	0x180061687	ascii	C8H+C0H
0x60B0E	0x18006170E	ascii	UUUUUUU
0x60B46	0x180061746	ascii	O'I;
0x60C44	0x180061844	ascii	~ H;
0x60D59	0x180061959	ascii	D$PA
0x60D68	0x180061968	ascii	D$TE
0x60D74	0x180061974	ascii	D$XE
0x60D91	0x180061991	ascii	D$PD
0x60D9A	0x18006199A	ascii	D$XI
0x60E06	0x180061A06	ascii	|$8I
0x60E75	0x180061A75	ascii	N'H;
0x60FB0	0x180061BB0	ascii	t$8Mk
0x61107	0x180061D07	ascii	L$x3
0x61112	0x180061D12	ascii	F H+F
0x61168	0x180061D68	ascii	O'H;
0x6119C	0x180061D9C	ascii	T$xL
0x611B0	0x180061DB0	ascii	L$xH
0x611F3	0x180061DF3	ascii	\$xH
0x6139E	0x180061F9E	ascii	|$pH
0x613A3	0x180061FA3	ascii	L$HH
0x613A8	0x180061FA8	ascii	D$pD
0x613B5	0x180061FB5	ascii	D$@A
0x61448	0x180062048	ascii	L$xL
0x614E9	0x1800620E9	ascii	L$\H
0x614FF	0x1800620FF	ascii	\$xH;
0x615AC	0x1800621AC	ascii	L$dD
0x615B1	0x1800621B1	ascii	d$ L
0x615B6	0x1800621B6	ascii	L$0L
0x615BB	0x1800621BB	ascii	D$8H
0x615C0	0x1800621C0	ascii	T$`I
0x61618	0x180062218	ascii	L$\H
0x6162E	0x18006222E	ascii	\$xH;
0x616DC	0x1800622DC	ascii	L$dD
0x616E1	0x1800622E1	ascii	d$ L
0x616E6	0x1800622E6	ascii	L$0L
0x616EB	0x1800622EB	ascii	D$8H
0x616F0	0x1800622F0	ascii	T$`I
0x61761	0x180062361	ascii	D$\H
0x61777	0x180062377	ascii	\$xH;
0x6181C	0x18006241C	ascii	L$dD
0x61821	0x180062421	ascii	d$ L
0x61826	0x180062426	ascii	L$0L
0x6182B	0x18006242B	ascii	D$8H
0x61830	0x180062430	ascii	T$`I
0x6187C	0x18006247C	ascii	D$\H
0x61892	0x180062492	ascii	\$xH;
0x6193C	0x18006253C	ascii	L$dD
0x61941	0x180062541	ascii	d$ L
0x61946	0x180062546	ascii	L$0L
0x6194B	0x18006254B	ascii	D$8H
0x61950	0x180062550	ascii	T$`I
0x61979	0x180062579	ascii	(u(2
0x61A2B	0x18006262B	ascii	D$PH
0x61A30	0x180062630	ascii	\$xH;
0x61BBF	0x1800627BF	ascii	D$pH
0x61BC4	0x1800627C4	ascii	L$HH
0x61BC9	0x1800627C9	ascii	D$pD
0x61BD6	0x1800627D6	ascii	D$@A
0x61C07	0x180062807	ascii	L$`H
0x61C0C	0x18006280C	ascii	D$8D
0x61C19	0x180062819	ascii	D$0A
0x61CD9	0x1800628D9	ascii	L$8H
0x61CDE	0x1800628DE	ascii	L$0H
0x61CE3	0x1800628E3	ascii	D$8D
0x61CF0	0x1800628F0	ascii	D$`A
0x61D1A	0x18006291A	ascii	D$8H
0x61D1F	0x18006291F	ascii	L$0H
0x61D24	0x180062924	ascii	D$8D
0x61D31	0x180062931	ascii	D$`A
0x61D58	0x180062958	ascii	\$8H
0x61D5D	0x18006295D	ascii	L$0H
0x61D62	0x180062962	ascii	D$8D
0x61D6F	0x18006296F	ascii	D$`A
0x61D96	0x180062996	ascii	L$0H
0x61D9B	0x18006299B	ascii	D$@D
0x61DA8	0x1800629A8	ascii	D$8A
0x61DBA	0x1800629BA	ascii	L$@A
0x61E61	0x180062A61	ascii	L$8H
0x61E66	0x180062A66	ascii	L$0H
0x61E6B	0x180062A6B	ascii	D$8D
0x61E78	0x180062A78	ascii	D$`A
0x61EA9	0x180062AA9	ascii	L$HH
0x61EAE	0x180062AAE	ascii	D$pD
0x61EBB	0x180062ABB	ascii	D$@A
0x61F12	0x180062B12	ascii	C<I;
0x61F67	0x180062B67	ascii	DH;\$P
0x61FD4	0x180062BD4	ascii	\$xH
0x62081	0x180062C81	ascii	D$HH
0x62086	0x180062C86	ascii	D$(H
0x6208B	0x180062C8B	ascii	D$pH
0x62090	0x180062C90	ascii	D$ L
0x62095	0x180062C95	ascii	L$@A
0x620C8	0x180062CC8	ascii	T$XH
0x620E2	0x180062CE2	ascii	D$\H
0x620F8	0x180062CF8	ascii	D$ H
0x6214E	0x180062D4E	ascii	D$XH
0x62168	0x180062D68	ascii	L$\H
0x6217E	0x180062D7E	ascii	D$ H
0x621E0	0x180062DE0	ascii	D$8H
0x62426	0x180063026	ascii	D$0H
0x624C2	0x1800630C2	ascii	Hc[0H
0x624DA	0x1800630DA	ascii	Hc|$0H
0x624E6	0x1800630E6	ascii	|70H
0x6251E	0x18006311E	ascii	YL78
0x62543	0x180063143	ascii	YD78
0x6258E	0x18006318E	ascii	YL38A
0x62598	0x180063198	ascii	YD30
0x625B3	0x1800631B3	ascii	YT30A
0x625BD	0x1800631BD	ascii	YD38
0x625F7	0x1800631F7	ascii	l$ D
0x625FC	0x1800631FC	ascii	L$8L
0x62601	0x180063201	ascii	D$`H
0x62614	0x180063214	ascii	t$ E
0x6261C	0x18006321C	ascii	D$`H
0x62634	0x180063234	ascii	D$0t;
0x6263A	0x18006323A	ascii	D$ 0
0x6264A	0x18006324A	ascii	T$`I
0x62756	0x180063356	ascii	Hc[0H
0x62805	0x180063405	ascii	D$ 0
0x62856	0x180063456	ascii	L$xH
0x628AB	0x1800634AB	ascii	D$xH
0x6299E	0x18006359E	ascii	A_A^A]A\_^]
0x629D0	0x1800635D0	ascii	@SWAVH
0x629FE	0x1800635FE	ascii	l$PH
0x62A19	0x180063619	ascii	t$XI
0x62A3D	0x18006363D	ascii	tFH+
0x62AA6	0x1800636A6	ascii	N'H;
0x62B1A	0x18006371A	ascii	t$XH
0x62B1F	0x18006371F	ascii	l$PI
0x62B29	0x180063729	ascii	 A^_[
0x62B40	0x180063740	ascii	vsH;
0x62BAF	0x1800637AF	ascii	 A^_[
0x62BEF	0x1800637EF	ascii	 A^_[
0x62C72	0x180063872	ascii	t$ AVH
0x62C96	0x180063896	ascii	\$8H
0x62C9B	0x18006389B	ascii	|$@f
0x62CCC	0x1800638CC	ascii	|$@H
0x62CD1	0x1800638D1	ascii	\$8I
0x62CDE	0x1800638DE	ascii	t$HH
0x62D0B	0x18006390B	ascii	t$8H
0x62D3E	0x18006393E	ascii	t$8H+
0x62D94	0x180063994	ascii	\$@H
0x62ED2	0x180063AD2	ascii	\$ UVWATAUAVAWH
0x62F08	0x180063B08	ascii	yxxxxxxxI
0x62F62	0x180063B62	ascii	(~SH
0x62FC9	0x180063BC9	ascii	L$0M
0x62FD9	0x180063BD9	ascii	|$0I
0x62FE1	0x180063BE1	ascii	|$8I
0x63042	0x180063C42	ascii	yxxxxxxx
0x630F4	0x180063CF4	ascii	\$ Ik
0x630FD	0x180063CFD	ascii	L$@L
0x63113	0x180063D13	ascii	)D$@
0x6311D	0x180063D1D	ascii	)L$P
0x6312B	0x180063D2B	ascii	)D$`
0x63130	0x180063D30	ascii	)L$p
0x63174	0x180063D74	ascii	L$@L+
0x6317B	0x180063D7B	ascii	)D$@3
0x6318D	0x180063D8D	ascii	)L$P
0x6319D	0x180063D9D	ascii	)D$`
0x631A9	0x180063DA9	ascii	)L$p
0x6322C	0x180063E2C	ascii	/Q<w
0x63283	0x180063E83	ascii	A_A^A]A\_^]
0x63292	0x180063E92	ascii	\$ UVWATAUAVAWH
0x632AC	0x180063EAC	ascii	T$ L
0x632F7	0x180063EF7	ascii	I#M0I
0x6337C	0x180063F7C	ascii	3333333
0x6339A	0x180063F9A	ascii	D$(3
0x634D3	0x1800640D3	ascii	I#M0I
0x634F8	0x1800640F8	ascii	t$(I
0x634FD	0x1800640FD	ascii	|$ H
0x6356B	0x18006416B	ascii	E0H#
0x6359C	0x18006419C	ascii	D$ L
0x635B1	0x1800641B1	ascii	@A_A^A]A\_^]
0x635C0	0x1800641C0	ascii	@SWAVH
0x635FC	0x1800641FC	ascii	 A^_[
0x63604	0x180064204	ascii	l$@H
0x6360C	0x18006420C	ascii	t$HI
0x63615	0x180064215	ascii	|$PM
0x6363C	0x18006423C	ascii	H;s u
0x63677	0x180064277	ascii	t$HH
0x6367F	0x18006427F	ascii	l$@L
0x63684	0x180064284	ascii	|$PH
0x6368A	0x18006428A	ascii	 A^_[
0x63692	0x180064292	ascii	\$ UVWATAUAVAWH
0x636FB	0x1800642FB	ascii	T$0I
0x63708	0x180064308	ascii	L$8H
0x63741	0x180064341	ascii	t$ L
0x63758	0x180064358	ascii	D$(H
0x63843	0x180064443	ascii	I#M0M
0x638C8	0x1800644C8	ascii	T$0L
0x638E7	0x1800644E7	ascii	E0H#
0x6392B	0x18006452B	ascii	@A_A^A]A\_^]
0x63942	0x180064542	ascii	\$ UVWATAUAVAWH
0x639AB	0x1800645AB	ascii	T$0H
0x639B8	0x1800645B8	ascii	D$8H
0x639D0	0x1800645D0	ascii	""""""""""""""""
0x639F2	0x1800645F2	ascii	t$ L
0x63B34	0x180064734	ascii	H#U0L
0x63BB8	0x1800647B8	ascii	L$0L
0x63BD7	0x1800647D7	ascii	E0H#
0x63C1D	0x18006481D	ascii	@A_A^A]A\_^]
0x63C30	0x180064830	ascii	@UWATAVH
0x63C71	0x180064871	ascii	\$`H
0x63C7D	0x18006487D	ascii	t$hI
0x63C88	0x180064888	ascii	|$ H;
0x63CCB	0x1800648CB	ascii	N'H;
0x63D9E	0x18006499E	ascii	|$ H
0x63DAE	0x1800649AE	ascii	t$hH
0x63DB3	0x1800649B3	ascii	\$`H
0x63DBD	0x1800649BD	ascii	(A^A\_]
0x63DE0	0x1800649E0	ascii	@UVAUAWH
0x63E04	0x180064A04	ascii	UUUUUUU
0x63E2C	0x180064A2C	ascii	\$`H
0x63E3C	0x180064A3C	ascii	|$hL
0x63E44	0x180064A44	ascii	t$ I
0x63E91	0x180064A91	ascii	A'H;
0x63F45	0x180064B45	ascii	|$hH
0x63F4D	0x180064B4D	ascii	\$`L
0x63F52	0x180064B52	ascii	t$ H
0x63F58	0x180064B58	ascii	(A_A]^]
0x63F72	0x180064B72	ascii	\$ UVWATAUAVAWH
0x64016	0x180064C16	ascii	N'I;
0x64072	0x180064C72	ascii	D$ Hi
0x64088	0x180064C88	ascii	|$(H
0x6408D	0x180064C8D	ascii	t$0H
0x64092	0x180064C92	ascii	l$8H
0x64097	0x180064C97	ascii	D$@H
0x6409C	0x180064C9C	ascii	D$HI
0x641C2	0x180064DC2	ascii	HiD$ 
0x641D9	0x180064DD9	ascii	PA_A^A]A\_^]
0x64200	0x180064E00	ascii	@UWH
0x64222	0x180064E22	ascii	\$`I
0x6422A	0x180064E2A	ascii	t$hL
0x6422F	0x180064E2F	ascii	d$0I
0x6423E	0x180064E3E	ascii	t$(L
0x64243	0x180064E43	ascii	|$ L
0x6429D	0x180064E9D	ascii	N'H;
0x6434D	0x180064F4D	ascii	t$(L
0x64352	0x180064F52	ascii	d$0L
0x64357	0x180064F57	ascii	|$ H
0x6436E	0x180064F6E	ascii	t$hH
0x64373	0x180064F73	ascii	\$`H
0x64400	0x180065000	ascii	@UWATAUAVH
0x6444E	0x18006504E	ascii	\$pH
0x6445B	0x18006505B	ascii	t$(H
0x64463	0x180065063	ascii	|$ L
0x644B7	0x1800650B7	ascii	N'H;
0x644F3	0x1800650F3	ascii	yxxxxxxxH+
0x64561	0x180065161	ascii	MDM+
0x645C7	0x1800651C7	ascii	|$ H
0x645D7	0x1800651D7	ascii	t$(H
0x645DC	0x1800651DC	ascii	\$pH
0x645E6	0x1800651E6	ascii	0A^A]A\_]
0x64600	0x180065200	ascii	@SWAVH
0x6463C	0x18006523C	ascii	 A^_[
0x64644	0x180065244	ascii	l$@H
0x6464C	0x18006524C	ascii	t$HI
0x64655	0x180065255	ascii	|$PM
0x6467C	0x18006527C	ascii	H;s u
0x646B7	0x1800652B7	ascii	t$HH
0x646BF	0x1800652BF	ascii	l$@L
0x646C4	0x1800652C4	ascii	|$PH
0x646CA	0x1800652CA	ascii	 A^_[
0x646D0	0x1800652D0	ascii	@UVATAVAWH
0x64713	0x180065313	ascii	\$`H
0x6471F	0x18006531F	ascii	|$hH
0x64763	0x180065363	ascii	O'H;
0x64829	0x180065429	ascii	|$hI
0x64838	0x180065438	ascii	\$`H
0x64846	0x180065446	ascii	 A_A^A\^]
0x6487B	0x18006547B	ascii	\$0H
0x64880	0x180065480	ascii	t$@H
0x648CE	0x1800654CE	ascii	|$HH
0x648D3	0x1800654D3	ascii	t$@H
0x648D8	0x1800654D8	ascii	\$0H
0x648F0	0x1800654F0	ascii	@UWAVAWH
0x64920	0x180065520	ascii	\$0I
0x64929	0x180065529	ascii	t$(L
0x6492E	0x18006552E	ascii	d$ L
0x64992	0x180065592	ascii	A'H;
0x64A72	0x180065672	ascii	t$(H
0x64A77	0x180065677	ascii	\$0L
0x64A7C	0x18006567C	ascii	d$ H
0x64A82	0x180065682	ascii	8A_A^_]
0x64AA6	0x1800656A6	ascii	t$@H
0x64AAE	0x1800656AE	ascii	|$ H
0x64AE5	0x1800656E5	ascii	\$8H
0x64AEE	0x1800656EE	ascii	|$ H
0x64AF3	0x1800656F3	ascii	t$@H
0x64B4D	0x18006574D	ascii	\$8H
0x64B60	0x180065760	ascii	@SVWAVH
0x64BF0	0x1800657F0	ascii	(A^_^[
0x64C02	0x180065802	ascii	\$ UVWAVAWM
0x64CAD	0x1800658AD	ascii	uCIk
0x64D79	0x180065979	ascii	\$HIk
0x64DA5	0x1800659A5	ascii	@A_A^_^]
0x64DB7	0x1800659B7	ascii	l$ VWAVM
0x6505A	0x180065C5A	ascii	wdL;
0x6536E	0x180065F6E	ascii	\$(I
0x65376	0x180065F76	ascii	l$8M
0x65380	0x180065F80	ascii	A^_^
0x65522	0x180066122	ascii	\$8H
0x6552B	0x18006612B	ascii	t$@H
0x65530	0x180066130	ascii	q H;
0x65559	0x180066159	ascii	t$@H
0x6555E	0x18006615E	ascii	\$8H
0x655B0	0x1800661B0	ascii	@SAUH
0x655C4	0x1800661C4	ascii	L$(L
0x65604	0x180066204	ascii	t$PL
0x6560E	0x18006620E	ascii	|$HH
0x65616	0x180066216	ascii	d$@M
0x6564A	0x18006624A	ascii	t$8H
0x65659	0x180066259	ascii	|$0I
0x656CC	0x1800662CC	ascii	T$ L
0x65755	0x180066355	ascii	O(L;
0x657A6	0x1800663A6	ascii	O(L;
0x657D0	0x1800663D0	ascii	D$ H
0x657D8	0x1800663D8	ascii	l$(H
0x65801	0x180066401	ascii	|$0L
0x65806	0x180066406	ascii	t$8H
0x6580B	0x18006640B	ascii	|$HH
0x65810	0x180066410	ascii	t$PH
0x6581D	0x18006641D	ascii	d$@H
0x65823	0x180066423	ascii	XA][
0x65850	0x180066450	ascii	@SAUH
0x65864	0x180066464	ascii	L$ L
0x658A4	0x1800664A4	ascii	t$PL
0x658AE	0x1800664AE	ascii	|$HH
0x658B6	0x1800664B6	ascii	d$@M
0x658EA	0x1800664EA	ascii	t$8H
0x658F9	0x1800664F9	ascii	|$0I
0x65956	0x180066556	ascii	m0L#
0x659E7	0x1800665E7	ascii	O(L;
0x65A36	0x180066636	ascii	O(L;
0x65A64	0x180066664	ascii	l$ H
0x65A8D	0x18006668D	ascii	|$0L
0x65A92	0x180066692	ascii	t$8H
0x65A97	0x180066697	ascii	|$HH
0x65A9C	0x18006669C	ascii	t$PH
0x65AA9	0x1800666A9	ascii	d$@H
0x65AAF	0x1800666AF	ascii	XA][
0x65AE9	0x1800666E9	ascii	/A<vRA
0x65BA9	0x1800667A9	ascii	/A<v@A
0x65C55	0x180066855	ascii	UVWH
0x65D34	0x180066934	ascii	L$0H
0x65D39	0x180066939	ascii	D$(H
0x65D3E	0x18006693E	ascii	D$ &
0x65DE0	0x1800669E0	ascii	M?H3
0x65E10	0x180066A10	ascii	@SUVWH
0x65E7F	0x180066A7F	ascii	_^][
0x65EF4	0x180066AF4	ascii	t$dL
0x65F13	0x180066B13	ascii	9l$d
0x65F1E	0x180066B1E	ascii	t$`L
0x65F32	0x180066B32	ascii	D$`;
0x65F51	0x180066B51	ascii	L$hH
0x65F5F	0x180066B5F	ascii	GL$hE3
0x65F74	0x180066B74	ascii	L$xH
0x65F90	0x180066B90	ascii	D$hH
0x65F9E	0x180066B9E	ascii	GD$hH
0x65FA4	0x180066BA4	ascii	L$0H
0x65FA9	0x180066BA9	ascii	D$(H
0x65FAE	0x180066BAE	ascii	D$  
0x66026	0x180066C26	ascii	t$PH
0x660E3	0x180066CE3	ascii	T$4f
0x660F4	0x180066CF4	ascii	)D$@f
0x66101	0x180066D01	ascii	)L$Pf
0x6610E	0x180066D0E	ascii	)D$`
0x66113	0x180066D13	ascii	)L$p
0x6631B	0x180066F1B	ascii	D$@3
0x6634B	0x180066F4B	ascii	\$`H
0x66360	0x180066F60	ascii	@SUVWAVAWH
0x66488	0x180067088	ascii	t$ A
0x664BA	0x1800670BA	ascii	8A_A^_^][
0x66547	0x180067147	ascii	8A_A^_^][
0x66567	0x180067167	ascii	)t$0
0x6656E	0x18006716E	ascii	)|$ 
0x665F9	0x1800671F9	ascii	(t$0
0x665FE	0x1800671FE	ascii	(|$ H
0x66621	0x180067221	ascii	)t$p
0x66626	0x180067226	ascii	)|$`3
0x667BF	0x1800673BF	ascii	(t$p
0x667C4	0x1800673C4	ascii	(|$`H
0x67343	0x180067F43	ascii	u5H9
0x67553	0x180068153	ascii	D$8E3
0x6789F	0x18006849F	ascii	|$8H
0x678A8	0x1800684A8	ascii	D$0L
0x678B0	0x1800684B0	ascii	D$PL
0x678B8	0x1800684B8	ascii	D$(H
0x678C0	0x1800684C0	ascii	D$XH
0x678F2	0x1800684F2	ascii	D$hB`
0x6791D	0x18006851D	ascii	|$ H
0x67959	0x180068559	ascii	p WH
0x679A8	0x1800685A8	ascii	D$HH
0x679AD	0x1800685AD	ascii	t$XH
0x679B2	0x1800685B2	ascii	t$`A
0x679F3	0x1800685F3	ascii	|$8H
0x67A77	0x180068677	ascii	t$8H
0x67AB5	0x1800686B5	ascii	(|$pI
0x67ACA	0x1800686CA	ascii	UWATAVAWH
0x67AF4	0x1800686F4	ascii	d$@D8%
0x67B0C	0x18006870C	ascii	D$ L
0x67B11	0x180068711	ascii	d$0L
0x67B16	0x180068716	ascii	d$8H
0x67B3B	0x18006873B	ascii	t$0H
0x67B48	0x180068748	ascii	\$ H
0x67B55	0x180068755	ascii	|$ H
0x67B5A	0x18006875A	ascii	L$ H
0x67B62	0x180068762	ascii	\$ H;
0x67B9B	0x18006879B	ascii	d$0H
0x67BA9	0x1800687A9	ascii	d$ H
0x67C43	0x180068843	ascii	|$@L
0x67D3B	0x18006893B	ascii	t$HH
0x67D45	0x180068945	ascii	Gt$HL;
0x67DA8	0x1800689A8	ascii	M'H3
0x67DC5	0x1800689C5	ascii	A_A^A\_]
0x67DD5	0x1800689D5	ascii	UVWATAUAVAWH
0x67DEC	0x1800689EC	ascii	L$`3
0x67E03	0x180068A03	ascii	D$@H
0x67E08	0x180068A08	ascii	\$PH
0x67E0D	0x180068A0D	ascii	\$XA
0x67E51	0x180068A51	ascii	t$hH
0x67E5E	0x180068A5E	ascii	D$(H
0x67E63	0x180068A63	ascii	\$(H
0x67E68	0x180068A68	ascii	\$0L
0x67E6D	0x180068A6D	ascii	t$8H
0x67E81	0x180068A81	ascii	\$0H
0x67E8A	0x180068A8A	ascii	D$`H;
0x67F16	0x180068B16	ascii	 t5H
0x67F4C	0x180068B4C	ascii	t&I;~
0x67F93	0x180068B93	ascii	pA_A^A]A\_^]
0x67FB0	0x180068BB0	ascii	@SUVWATAVAWH
0x68059	0x180068C59	ascii	D8$0uAH
0x68144	0x180068D44	ascii	|$(H
0x68150	0x180068D50	ascii	l$ A
0x68180	0x180068D80	ascii	L$HL
0x681F3	0x180068DF3	ascii	A_A^A\_^][
0x68203	0x180068E03	ascii	USVWATAUAVAWH
0x68289	0x180068E89	ascii	L$ A
0x682DD	0x180068EDD	ascii	L$ 3
0x683B8	0x180068FB8	ascii	L$8H
0x683F3	0x180068FF3	ascii	L$XH
0x68436	0x180069036	ascii	L$xH
0x6844E	0x18006904E	ascii	L$(L
0x68453	0x180069053	ascii	D$hH
0x68499	0x180069099	ascii	L$ A
0x68527	0x180069127	ascii	A_A^A]A\_^[]
0x68554	0x180069154	ascii	t$xH
0x6855B	0x18006915B	ascii	)t$P
0x685C3	0x1800691C3	ascii	t$x@
0x685CB	0x1800691CB	ascii	|$ t
0x6869A	0x18006929A	ascii	(t$PH
0x6878F	0x18006938F	ascii	)|$pLc
0x687DB	0x1800693DB	ascii	T$PE
0x68924	0x180069524	ascii	EhE3
0x6892B	0x18006952B	ascii	T$PD
0x68930	0x180069530	ascii	|$(D
0x68AD7	0x1800696D7	ascii	|$8L
0x68ADC	0x1800696DC	ascii	|$0H
0x68B34	0x180069734	ascii	D$`33s?A
0x68BA3	0x1800697A3	ascii	|$(H
0x68BAD	0x1800697AD	ascii	t$ H
0x68BC5	0x1800697C5	ascii	D$XR
0x68C24	0x180069824	ascii	D8>tJH
0x68C38	0x180069838	ascii	|$HL
0x68C50	0x180069850	ascii	|$8H
0x68C55	0x180069855	ascii	t$0H
0x68C5A	0x18006985A	ascii	T$(H
0x68D34	0x180069934	ascii	\$TH;Sxu
0x68DDA	0x1800699DA	ascii	D$ L
0x68DDF	0x1800699DF	ascii	D$PH
0x68DF2	0x1800699F2	ascii	tKHc
0x68E05	0x180069A05	ascii	|$XL
0x68E26	0x180069A26	ascii	D$XH
0x68E2B	0x180069A2B	ascii	D$XH
0x68EC5	0x180069AC5	ascii	D$XR
0x68F23	0x180069B23	ascii	L$XD
0x68F37	0x180069B37	ascii	t$@L
0x68F3C	0x180069B3C	ascii	|$8L
0x68F41	0x180069B41	ascii	L$0L
0x68F4A	0x180069B4A	ascii	L$(I
0x68FDA	0x180069BDA	ascii	L$XD
0x68FEF	0x180069BEF	ascii	t$@H
0x68FF7	0x180069BF7	ascii	|$8H
0x68FFC	0x180069BFC	ascii	|$0H
0x69001	0x180069C01	ascii	L$(I
0x690B6	0x180069CB6	ascii	D$`33s?
0x690C7	0x180069CC7	ascii	|$(L
0x690D2	0x180069CD2	ascii	D$ H
0x690EA	0x180069CEA	ascii	(|$pD
0x69160	0x180069D60	ascii	@SWH
0x69179	0x180069D79	ascii	l$@H
0x69185	0x180069D85	ascii	t$HH
0x69191	0x180069D91	ascii	t$PL
0x6919D	0x180069D9D	ascii	|$ L
0x691EC	0x180069DEC	ascii	t$PH
0x691F1	0x180069DF1	ascii	t$HH
0x691F6	0x180069DF6	ascii	l$@L
0x691FB	0x180069DFB	ascii	|$ 3
0x692D3	0x180069ED3	ascii	USVWATAUAVAWH
0x69603	0x18006A203	ascii	D$@H
0x69694	0x18006A294	ascii	\$8H
0x6969D	0x18006A29D	ascii	\$(H
0x696A2	0x18006A2A2	ascii	D$@H
0x696A7	0x18006A2A7	ascii	D$ A
0x697A1	0x18006A3A1	ascii	L$@E3
0x697B2	0x18006A3B2	ascii	t L;
0x698F9	0x18006A4F9	ascii	t$@H
0x69905	0x18006A505	ascii	D$(H
0x6990A	0x18006A50A	ascii	D$HH
0x6990F	0x18006A50F	ascii	D$ L
0x69921	0x18006A521	ascii	D$Hd
0x6992A	0x18006A52A	ascii	t$@H
0x69A95	0x18006A695	ascii	T$@H
0x69ADB	0x18006A6DB	ascii	D$tH
0x69B12	0x18006A712	ascii	33s?
0x69B38	0x18006A738	ascii	D$tH
0x69B78	0x18006A778	ascii	T$@H
0x69D05	0x18006A905	ascii	D$tH
0x69E06	0x18006AA06	ascii	D$tH
0x69EC3	0x18006AAC3	ascii	L$PH
0x69EC8	0x18006AAC8	ascii	D$`H
0x69F1B	0x18006AB1B	ascii	O'H;
0x69F4F	0x18006AB4F	ascii	T$PL
0x69F54	0x18006AB54	ascii	D$XL+
0x69F64	0x18006AB64	ascii	D$PM
0x69F6E	0x18006AB6E	ascii	L$`I+
0x69FAF	0x18006ABAF	ascii	\$PH
0x69FB4	0x18006ABB4	ascii	\$XH
0x69FBD	0x18006ABBD	ascii	D$`H
0x6A0A0	0x18006ACA0	ascii	\$@H
0x6A0A5	0x18006ACA5	ascii	T$XH;T$`t
0x6A0BC	0x18006ACBC	ascii	D$@H
0x6A0F5	0x18006ACF5	ascii	\$XH
0x6A0FA	0x18006ACFA	ascii	|$PL
0x6A190	0x18006AD90	ascii	D$XL+D$PI
0x6A2B1	0x18006AEB1	ascii	t$(H
0x6A2B6	0x18006AEB6	ascii	t$ I
0x6A2CA	0x18006AECA	ascii	D$pH
0x6A302	0x18006AF02	ascii	L$pH
0x6A30C	0x18006AF0C	ascii	GL$p
0x6A3CA	0x18006AFCA	ascii	L$PH
0x6A3CF	0x18006AFCF	ascii	T$XL;
0x6A4F8	0x18006B0F8	ascii	t$HD;u
0x6A585	0x18006B185	ascii	D$XH+D$PH
0x6A5AD	0x18006B1AD	ascii	D$PL
0x6A5F9	0x18006B1F9	ascii	D$PH
0x6A628	0x18006B228	ascii	t$HA
0x6A630	0x18006B230	ascii	t$HD;u
0x6A660	0x18006B260	ascii	L$PH
0x6A66A	0x18006B26A	ascii	D$`H+
0x6A6A8	0x18006B2A8	ascii	D$PH
0x6A6E8	0x18006B2E8	ascii	A_A^A]A\_^[]
0x6A757	0x18006B357	ascii	|$8H
0x6A77D	0x18006B37D	ascii	|$8H+
0x6A7C5	0x18006B3C5	ascii	\$@H
0x6A7D0	0x18006B3D0	ascii	@UWATAVH
0x6A811	0x18006B411	ascii	\$`H
0x6A81D	0x18006B41D	ascii	t$hI
0x6A828	0x18006B428	ascii	|$ H;
0x6A86B	0x18006B46B	ascii	N'H;
0x6A93A	0x18006B53A	ascii	|$ I
0x6A94A	0x18006B54A	ascii	t$hH
0x6A94F	0x18006B54F	ascii	\$`H
0x6A959	0x18006B559	ascii	(A^A\_]
0x6A972	0x18006B572	ascii	\$ UVWATAUAVAWH
0x6A986	0x18006B586	ascii	D$ H
0x6AA06	0x18006B606	ascii	O'I;
0x6AA55	0x18006B655	ascii	|$(H
0x6AA5A	0x18006B65A	ascii	t$0H
0x6AA5F	0x18006B65F	ascii	l$8L
0x6AA64	0x18006B664	ascii	D$@L
0x6AA69	0x18006B669	ascii	D$HH
0x6AA83	0x18006B683	ascii	uLH;
0x6AA88	0x18006B688	ascii	t>E3
0x6ABF3	0x18006B7F3	ascii	PA_A^A]A\_^]
0x6AC49	0x18006B849	ascii	\$0H
0x6AC72	0x18006B872	ascii	\$8H
0x6AC7B	0x18006B87B	ascii	|$@H
0x6AC80	0x18006B880	ascii	y H;
0x6ACA2	0x18006B8A2	ascii	|$@H
0x6ACA7	0x18006B8A7	ascii	\$8H
0x6AD48	0x18006B948	ascii	L$8H
0x6ADBB	0x18006B9BB	ascii	\$pI
0x6ADDA	0x18006B9DA	ascii	UWATAVAWH
0x6AE0F	0x18006BA0F	ascii	uQD9!uU
0x6AE1B	0x18006BA1B	ascii	D$ L
0x6AE20	0x18006BA20	ascii	d$0L
0x6AE25	0x18006BA25	ascii	d$8H
0x6AE4A	0x18006BA4A	ascii	t$0H
0x6AE57	0x18006BA57	ascii	\$ H
0x6AE74	0x18006BA74	ascii	|$ H
0x6AE79	0x18006BA79	ascii	L$ H
0x6AE81	0x18006BA81	ascii	\$ H;
0x6AEBB	0x18006BABB	ascii	d$0H
0x6AEC9	0x18006BAC9	ascii	d$ H
0x6AF73	0x18006BB73	ascii	|$@L
0x6B06B	0x18006BC6B	ascii	t$HH
0x6B075	0x18006BC75	ascii	Gt$HL;
0x6B0D8	0x18006BCD8	ascii	M'H3
0x6B0F5	0x18006BCF5	ascii	A_A^A\_]
0x6B103	0x18006BD03	ascii	USVWAVAWI
0x6B2C5	0x18006BEC5	ascii	\$(I
0x6B31E	0x18006BF1E	ascii	\$0H
0x6B390	0x18006BF90	ascii	\$HL
0x6B3A9	0x18006BFA9	ascii	L$@H
0x6B3AE	0x18006BFAE	ascii	\$8H
0x6B3B3	0x18006BFB3	ascii	t$0H
0x6B3F5	0x18006BFF5	ascii	D$(3
0x6B45F	0x18006C05F	ascii	A_A^_^[]
0x6B58B	0x18006C18B	ascii	UWATAVAWH
0x6B61E	0x18006C21E	ascii	|$PH
0x6B668	0x18006C268	ascii	T$`H
0x6B72F	0x18006C32F	ascii	L$TA
0x6B752	0x18006C352	ascii	t$d@
0x6B78F	0x18006C38F	ascii	D$tH
0x6B7B1	0x18006C3B1	ascii	d$ L
0x6B7B6	0x18006C3B6	ascii	D$`H
0x6B7BB	0x18006C3BB	ascii	T$PH
0x6B7E9	0x18006C3E9	ascii	D$X33s?H
0x6B80A	0x18006C40A	ascii	L$\H
0x6B82E	0x18006C42E	ascii	d$ A
0x6B837	0x18006C437	ascii	D$PH
0x6B83C	0x18006C43C	ascii	T$`H
0x6B8D8	0x18006C4D8	ascii	t$TL
0x6B8E0	0x18006C4E0	ascii	T$PH
0x6B8FA	0x18006C4FA	ascii	D$PR
0x6B924	0x18006C524	ascii	L$\H
0x6B93F	0x18006C53F	ascii	t$TL
0x6B962	0x18006C562	ascii	D$hD
0x6B96E	0x18006C56E	ascii	\$@L
0x6B973	0x18006C573	ascii	d$8L
0x6B978	0x18006C578	ascii	L$0H
0x6B97D	0x18006C57D	ascii	L$hH
0x6B986	0x18006C586	ascii	D$ L
0x6B9DD	0x18006C5DD	ascii	D$\H
0x6B9ED	0x18006C5ED	ascii	|$PA
0x6BA1A	0x18006C61A	ascii	D$hD
0x6BA26	0x18006C626	ascii	\$@L
0x6BA2B	0x18006C62B	ascii	d$8L
0x6BA30	0x18006C630	ascii	L$0H
0x6BA35	0x18006C635	ascii	L$hH
0x6BA3E	0x18006C63E	ascii	D$ L
0x6BACC	0x18006C6CC	ascii	L$ D
0x6BB56	0x18006C756	ascii	d$8L
0x6BB5B	0x18006C75B	ascii	d$0H
0x6BB83	0x18006C783	ascii	T$PH
0x6BC0E	0x18006C80E	ascii	D$PA
0x6BC2E	0x18006C82E	ascii	D$`A
0x6BC40	0x18006C840	ascii	L$dH
0x6BC60	0x18006C860	ascii	D$ L
0x6BC65	0x18006C865	ascii	D$PH
0x6BC6A	0x18006C86A	ascii	T$`H
0x6BCC6	0x18006C8C6	ascii	D$tH
0x6BD05	0x18006C905	ascii	D$hD
0x6BD11	0x18006C911	ascii	\$@L
0x6BD16	0x18006C916	ascii	d$8L
0x6BD1B	0x18006C91B	ascii	L$0H
0x6BD20	0x18006C920	ascii	T$hH
0x6BD29	0x18006C929	ascii	D$ L
0x6BDCD	0x18006C9CD	ascii	A_A^A\_]
0x6BDE3	0x18006C9E3	ascii	USVWAVAWH
0x6BE7A	0x18006CA7A	ascii	L$PH
0x6BEB8	0x18006CAB8	ascii	T$`H
0x6BF8A	0x18006CB8A	ascii	T$TA
0x6BFA4	0x18006CBA4	ascii	t$d@
0x6BFE1	0x18006CBE1	ascii	D$tH
0x6C006	0x18006CC06	ascii	\$ L
0x6C00B	0x18006CC0B	ascii	D$`H
0x6C010	0x18006CC10	ascii	T$PH
0x6C03E	0x18006CC3E	ascii	D$X33s?H
0x6C05F	0x18006CC5F	ascii	L$\H
0x6C082	0x18006CC82	ascii	|$ A
0x6C08B	0x18006CC8B	ascii	D$PH
0x6C090	0x18006CC90	ascii	T$`H
0x6C0C6	0x18006CCC6	ascii	D$PA
0x6C128	0x18006CD28	ascii	D$PR
0x6C15A	0x18006CD5A	ascii	D$\H
0x6C174	0x18006CD74	ascii	L$PA
0x6C186	0x18006CD86	ascii	D$TL
0x6C19B	0x18006CD9B	ascii	tME89tH
0x6C1A8	0x18006CDA8	ascii	D$hD
0x6C1B4	0x18006CDB4	ascii	D$@L
0x6C1B9	0x18006CDB9	ascii	|$8L
0x6C1BE	0x18006CDBE	ascii	L$0H
0x6C1C3	0x18006CDC3	ascii	L$hH
0x6C1CC	0x18006CDCC	ascii	D$ L
0x6C22A	0x18006CE2A	ascii	L$\H
0x6C23B	0x18006CE3B	ascii	L$PA
0x6C25A	0x18006CE5A	ascii	tIE89tD
0x6C267	0x18006CE67	ascii	D$hD
0x6C273	0x18006CE73	ascii	D$@L
0x6C278	0x18006CE78	ascii	|$8L
0x6C27D	0x18006CE7D	ascii	L$0H
0x6C282	0x18006CE82	ascii	L$hH
0x6C28B	0x18006CE8B	ascii	D$ L
0x6C2F8	0x18006CEF8	ascii	D$ fI
0x6C34B	0x18006CF4B	ascii	d$XH
0x6C360	0x18006CF60	ascii	D$\H
0x6C393	0x18006CF93	ascii	tQD8}
0x6C3A5	0x18006CFA5	ascii	D$hD
0x6C3B1	0x18006CFB1	ascii	D$@L
0x6C3B6	0x18006CFB6	ascii	|$8H
0x6C3BF	0x18006CFBF	ascii	T$0H
0x6C3C4	0x18006CFC4	ascii	T$hH
0x6C3CD	0x18006CFCD	ascii	D$ L
0x6C410	0x18006D010	ascii	D$\H
0x6C437	0x18006D037	ascii	tQD8}
0x6C449	0x18006D049	ascii	D$hD
0x6C455	0x18006D055	ascii	D$@L
0x6C45A	0x18006D05A	ascii	|$8H
0x6C463	0x18006D063	ascii	T$0H
0x6C468	0x18006D068	ascii	T$hH
0x6C471	0x18006D071	ascii	D$ L
0x6C504	0x18006D104	ascii	A_A^_^[]
0x6C510	0x18006D110	ascii	@USVWAUAVAWH
0x6C533	0x18006D133	ascii	)t$pH
0x6C57C	0x18006D17C	ascii	X94=
0x6C6AC	0x18006D2AC	ascii	EHE3
0x6C925	0x18006D525	ascii	)|$`A
0x6C9E0	0x18006D5E0	ascii	t$0H
0x6CC00	0x18006D800	ascii	D95qD
0x6CD4C	0x18006D94C	ascii	t$0H
0x6CD94	0x18006D994	ascii	u E8e
0x6CEBD	0x18006DABD	ascii	}PE3
0x6CF40	0x18006DB40	ascii	(|$`L
0x6CFC8	0x18006DBC8	ascii	tNM;
0x6D087	0x18006DC87	ascii	(t$pH
0x6D092	0x18006DC92	ascii	A_A^A]_^[]
0x6D0A3	0x18006DCA3	ascii	UWAWH
0x6D121	0x18006DD21	ascii	|$8H
0x6D12D	0x18006DD2D	ascii	|$0H
0x6D154	0x18006DD54	ascii	|$(H
0x6D249	0x18006DE49	ascii	)|$pH
0x6D328	0x18006DF28	ascii	(|$p
0x6D405	0x18006E005	ascii	|$ L
0x6D503	0x18006E103	ascii	~Afff
0x6D61D	0x18006E21D	ascii	tND8=i/
0x6D67E	0x18006E27E	ascii	(D$`H
0x6D689	0x18006E289	ascii	A__]
0x6D8D6	0x18006E4D6	ascii	|$tD
0x6D8DE	0x18006E4DE	ascii	D$`o
0x6D964	0x18006E564	ascii	D$ H
0x6D98C	0x18006E58C	ascii	D$h33s?
0x6D9F5	0x18006E5F5	ascii	D$pH
0x6DA00	0x18006E600	ascii	D$pA
0x6DA32	0x18006E632	ascii	D$`H
0x6DA3D	0x18006E63D	ascii	D$`A
0x6DCB4	0x18006E8B4	ascii	D$HH
0x6DCC8	0x18006E8C8	ascii	t$@H
0x6DCCF	0x18006E8CF	ascii	D$8H
0x6DE3F	0x18006EA3F	ascii	D$ H
0x6DEBB	0x18006EABB	ascii	D$dA
0x6DEE0	0x18006EAE0	ascii	D$ H
0x6DF53	0x18006EB53	ascii	t$HL
0x6DF6D	0x18006EB6D	ascii	t$8L
0x6DF72	0x18006EB72	ascii	t$0H
0x6DF77	0x18006EB77	ascii	T$(H
0x6DFF7	0x18006EBF7	ascii	t$(H
0x6E005	0x18006EC05	ascii	t$ H
0x6E067	0x18006EC67	ascii	t$ H
0x6E133	0x18006ED33	ascii	t$(A
0x6E209	0x18006EE09	ascii	t$8H
0x6E20E	0x18006EE0E	ascii	T$`L
0x6E213	0x18006EE13	ascii	t$0A
0x6E23C	0x18006EE3C	ascii	D$`H
0x6E256	0x18006EE56	ascii	D$tf
0x6E282	0x18006EE82	ascii	t$8A
0x6E28B	0x18006EE8B	ascii	t$0L
0x6E31F	0x18006EF1F	ascii	D$`D
0x6E324	0x18006EF24	ascii	t$(H
0x6E365	0x18006EF65	ascii	L$dA
0x6E415	0x18006F015	ascii	T$@H
0x6E41D	0x18006F01D	ascii	t$8H
0x6E422	0x18006F022	ascii	L$0H
0x6E427	0x18006F027	ascii	L$pH
0x6E42C	0x18006F02C	ascii	L$(I
0x6E4A3	0x18006F0A3	ascii	L$pD
0x6E4BA	0x18006F0BA	ascii	T$@H
0x6E4C2	0x18006F0C2	ascii	t$8L
0x6E4C7	0x18006F0C7	ascii	|$0H
0x6E4CC	0x18006F0CC	ascii	L$(I
0x6E4F7	0x18006F0F7	ascii	C`E3
0x6E514	0x18006F114	ascii	L$`H
0x6E522	0x18006F122	ascii	T$@L
0x6E527	0x18006F127	ascii	t$8H
0x6E52C	0x18006F12C	ascii	D$0H
0x6E531	0x18006F131	ascii	D$pH
0x6E570	0x18006F170	ascii	t$HH
0x6E581	0x18006F181	ascii	L$`H
0x6E58F	0x18006F18F	ascii	T$@L
0x6E594	0x18006F194	ascii	t$8H
0x6E599	0x18006F199	ascii	D$0H
0x6E59E	0x18006F19E	ascii	D$pH
0x6E5A7	0x18006F1A7	ascii	D$ fp
0x6E6A3	0x18006F2A3	ascii	USVWATAVAWH
0x6E71B	0x18006F31B	ascii	tAA;
0x6E7AD	0x18006F3AD	ascii	]sE3
0x6E7E1	0x18006F3E1	ascii	D$ H
0x6E8E3	0x18006F4E3	ascii	D8g0t
0x6E8F4	0x18006F4F4	ascii	D8g1t
0x6E962	0x18006F562	ascii	T$XM
0x6E97E	0x18006F57E	ascii	D$HA
0x6E98A	0x18006F58A	ascii	d$@H
0x6E9DA	0x18006F5DA	ascii	D8g0t
0x6E9ED	0x18006F5ED	ascii	G D8g1u
0x6EA51	0x18006F651	ascii	d$(H
0x6EA5C	0x18006F65C	ascii	D$ H
0x6EA73	0x18006F673	ascii	D8g0t
0x6EA84	0x18006F684	ascii	D8g1t
0x6EAD6	0x18006F6D6	ascii	d$ A
0x6EBC1	0x18006F7C1	ascii	d$0H
0x6EC0C	0x18006F80C	ascii	d$8H
0x6EC11	0x18006F811	ascii	|$0f
0x6EC9C	0x18006F89C	ascii	L$@L
0x6ECA1	0x18006F8A1	ascii	d$8H
0x6ECA6	0x18006F8A6	ascii	D$0H
0x6ED21	0x18006F921	ascii	A_A^A\_^[]
0x6ED40	0x18006F940	ascii	)|$PA
0x6ED49	0x18006F949	ascii	)D$@H
0x6ED88	0x18006F988	ascii	T$0D
0x6EE21	0x18006FA21	ascii	\$pH
0x6EE2D	0x18006FA2D	ascii	(|$PD
0x6EE33	0x18006FA33	ascii	(D$@H
0x6EE43	0x18006FA43	ascii	USVWATAUAVAWH
0x6EEBC	0x18006FABC	ascii	L$P3
0x6EFA4	0x18006FBA4	ascii	D$pL9
0x6F0F3	0x18006FCF3	ascii	D$PA
0x6F1C2	0x18006FDC2	ascii	L$XD
0x6F1DC	0x18006FDDC	ascii	D$`A
0x6F1FA	0x18006FDFA	ascii	D$hA
0x6F2A4	0x18006FEA4	ascii	t$ H
0x6F2D8	0x18006FED8	ascii	33s?
0x6F3E1	0x18006FFE1	ascii	|$8L
0x6F3E6	0x18006FFE6	ascii	|$0H
0x6F41B	0x18007001B	ascii	t$xH
0x6F4AC	0x1800700AC	ascii	|$HL
0x6F4C5	0x1800700C5	ascii	|$8H
0x6F4CA	0x1800700CA	ascii	|$0H
0x6F4CF	0x1800700CF	ascii	T$(H
0x6F54D	0x18007014D	ascii	L$PH
0x6F5D3	0x1800701D3	ascii	M(H3
0x6F623	0x180070223	ascii	A_A^A]A\_^[]
0x6F633	0x180070233	ascii	USVWATAUAVAWH
0x6F6AC	0x1800702AC	ascii	L$x3
0x6F7F3	0x1800703F3	ascii	t$8E
0x6F89B	0x18007049B	ascii	\L$d
0x6F8C6	0x1800704C6	ascii	t$HL
0x6F8DF	0x1800704DF	ascii	t$8H
0x6F8E4	0x1800704E4	ascii	\$0H
0x6F8E9	0x1800704E9	ascii	T$(H
0x6FA0C	0x18007060C	ascii	D$`H
0x6FCBA	0x1800708BA	ascii	D$P3
0x6FCC5	0x1800708C5	ascii	t$(D
0x6FCE3	0x1800708E3	ascii	L$`L
0x6FD06	0x180070906	ascii	D$hq=
0x6FD3A	0x18007093A	ascii	D$pH
0x6FD91	0x180070991	ascii	D$PA
0x6FDD5	0x1800709D5	ascii	wPMc
0x6FE49	0x180070A49	ascii	T$`H
0x6FE4E	0x180070A4E	ascii	t$8A
0x6FE57	0x180070A57	ascii	t$0H
0x6FE5C	0x180070A5C	ascii	L$(I
0x6FED8	0x180070AD8	ascii	D$PR
0x6FF16	0x180070B16	ascii	\L$d
0x6FF58	0x180070B58	ascii	t$8L
0x6FF5D	0x180070B5D	ascii	L$0L
0x6FF62	0x180070B62	ascii	L$PH
0x6FF67	0x180070B67	ascii	T$(H
0x6FFDE	0x180070BDE	ascii	T$PE
0x7012B	0x180070D2B	ascii	(|?H
0x70185	0x180070D85	ascii	Q8?H
0x701EB	0x180070DEB	ascii	D$TH
0x703A8	0x180070FA8	ascii	d$ A
0x70437	0x180071037	ascii	33s?I
0x70496	0x180071096	ascii	D$ H
0x704CA	0x1800710CA	ascii	33s?I
0x70525	0x180071125	ascii	D$ 0
0x70642	0x180071242	ascii	t$@H
0x70657	0x180071257	ascii	L$0L
0x7065C	0x18007125C	ascii	L$`L
0x70665	0x180071265	ascii	D$ H
0x706F0	0x1800712F0	ascii	t$pA
0x70724	0x180071324	ascii	~Bff
0x70774	0x180071374	ascii	L$xH
0x70881	0x180071481	ascii	A_A^A]A\_^[]
0x708F3	0x1800714F3	ascii	USVWATAUAVAWH
0x7096C	0x18007156C	ascii	L$x3
0x70AB3	0x1800716B3	ascii	t$8E
0x70B5B	0x18007175B	ascii	\L$d
0x70B86	0x180071786	ascii	t$HL
0x70B9F	0x18007179F	ascii	t$8H
0x70BA4	0x1800717A4	ascii	\$0H
0x70BA9	0x1800717A9	ascii	T$(H
0x70CCC	0x1800718CC	ascii	D$`H
0x70F7A	0x180071B7A	ascii	D$P3
0x70F85	0x180071B85	ascii	t$(D
0x70FA3	0x180071BA3	ascii	L$`L
0x70FC6	0x180071BC6	ascii	D$hq=
0x70FFA	0x180071BFA	ascii	D$pH
0x71051	0x180071C51	ascii	D$PA
0x71095	0x180071C95	ascii	wPMc
0x71109	0x180071D09	ascii	T$`H
0x7110E	0x180071D0E	ascii	t$8A
0x71117	0x180071D17	ascii	t$0H
0x7111C	0x180071D1C	ascii	L$(I
0x71198	0x180071D98	ascii	D$PR
0x711D6	0x180071DD6	ascii	\L$d
0x71218	0x180071E18	ascii	t$8L
0x7121D	0x180071E1D	ascii	L$0L
0x71222	0x180071E22	ascii	L$PH
0x71227	0x180071E27	ascii	T$(H
0x7129E	0x180071E9E	ascii	T$PE
0x713EB	0x180071FEB	ascii	(|?H
0x71445	0x180072045	ascii	Q8?H
0x714AB	0x1800720AB	ascii	D$TH
0x71668	0x180072268	ascii	d$ A
0x716F7	0x1800722F7	ascii	33s?I
0x71756	0x180072356	ascii	D$ H
0x7178A	0x18007238A	ascii	33s?I
0x717E5	0x1800723E5	ascii	D$ 0
0x71902	0x180072502	ascii	t$@H
0x71917	0x180072517	ascii	L$0L
0x7191C	0x18007251C	ascii	L$`L
0x71925	0x180072525	ascii	D$ H
0x719B0	0x1800725B0	ascii	t$pA
0x719E4	0x1800725E4	ascii	~Bff
0x71A34	0x180072634	ascii	L$xH
0x71B41	0x180072741	ascii	A_A^A]A\_^[]
0x71BB3	0x1800727B3	ascii	USVWATAUAVAWH
0x71C2C	0x18007282C	ascii	L$x3
0x71D73	0x180072973	ascii	t$8E
0x71E1B	0x180072A1B	ascii	\L$d
0x71E46	0x180072A46	ascii	t$HL
0x71E5F	0x180072A5F	ascii	t$8H
0x71E64	0x180072A64	ascii	\$0H
0x71E69	0x180072A69	ascii	T$(H
0x71F8C	0x180072B8C	ascii	D$`H
0x7223A	0x180072E3A	ascii	D$P3
0x72245	0x180072E45	ascii	t$(D
0x72263	0x180072E63	ascii	L$`L
0x72286	0x180072E86	ascii	D$hq=
0x722BA	0x180072EBA	ascii	D$pH
0x72311	0x180072F11	ascii	D$PA
0x72355	0x180072F55	ascii	wPMc
0x723C9	0x180072FC9	ascii	T$`H
0x723CE	0x180072FCE	ascii	t$8A
0x723D7	0x180072FD7	ascii	t$0H
0x723DC	0x180072FDC	ascii	L$(I
0x72458	0x180073058	ascii	D$PR
0x72496	0x180073096	ascii	\L$d
0x724D8	0x1800730D8	ascii	t$8L
0x724DD	0x1800730DD	ascii	L$0L
0x724E2	0x1800730E2	ascii	L$PH
0x724E7	0x1800730E7	ascii	T$(H
0x7255E	0x18007315E	ascii	T$PE
0x726AB	0x1800732AB	ascii	(|?H
0x72705	0x180073305	ascii	Q8?H
0x7276B	0x18007336B	ascii	D$TH
0x72928	0x180073528	ascii	d$ A
0x729B7	0x1800735B7	ascii	33s?I
0x72A16	0x180073616	ascii	D$ H
0x72A4A	0x18007364A	ascii	33s?I
0x72AA5	0x1800736A5	ascii	D$ 0
0x72BC2	0x1800737C2	ascii	t$@H
0x72BD7	0x1800737D7	ascii	L$0L
0x72BDC	0x1800737DC	ascii	L$`L
0x72BE5	0x1800737E5	ascii	D$ H
0x72C70	0x180073870	ascii	t$pA
0x72CA4	0x1800738A4	ascii	~Bff
0x72CF4	0x1800738F4	ascii	L$xH
0x72E01	0x180073A01	ascii	A_A^A]A\_^[]
0x72E73	0x180073A73	ascii	USWAVAWH
0x7302E	0x180073C2E	ascii	d$8A
0x73037	0x180073C37	ascii	d$0L
0x73042	0x180073C42	ascii	|$ D
0x73063	0x180073C63	ascii	d$8H
0x73068	0x180073C68	ascii	T$xL
0x73095	0x180073C95	ascii	D$xH
0x7309A	0x180073C9A	ascii	T$xH
0x730B7	0x180073CB7	ascii	d$8L
0x73106	0x180073D06	ascii	D$xH
0x73152	0x180073D52	ascii	D$lA
0x7316F	0x180073D6F	ascii	T$xD
0x73356	0x180073F56	ascii	333?H
0x733B5	0x180073FB5	ascii	(?D8%*
0x733EC	0x180073FEC	ascii	D$hA
0x7344D	0x18007404D	ascii	|$lH
0x7346C	0x18007406C	ascii	D$hR
0x734E4	0x1800740E4	ascii	d$HH
0x734F0	0x1800740F0	ascii	\$@L
0x734F5	0x1800740F5	ascii	L$PL
0x734FA	0x1800740FA	ascii	d$8H
0x73502	0x180074102	ascii	l$0H
0x73507	0x180074107	ascii	D$(D
0x7362A	0x18007422A	ascii	T$PH
0x73688	0x180074288	ascii	|$hD
0x73707	0x180074307	ascii	d$ I
0x73729	0x180074329	ascii	d$ E3
0x73917	0x180074517	ascii	A_A^_[]
0x73923	0x180074523	ascii	USWAVAWH
0x73ADE	0x1800746DE	ascii	d$8A
0x73AE7	0x1800746E7	ascii	d$0L
0x73AF2	0x1800746F2	ascii	|$ D
0x73B13	0x180074713	ascii	d$8H
0x73B18	0x180074718	ascii	T$xL
0x73B45	0x180074745	ascii	D$xH
0x73B4A	0x18007474A	ascii	T$xH
0x73B67	0x180074767	ascii	d$8L
0x73BB6	0x1800747B6	ascii	D$xH
0x73C02	0x180074802	ascii	D$lA
0x73C1F	0x18007481F	ascii	T$xD
0x73CE6	0x1800748E6	ascii	Y%@f
0x73E06	0x180074A06	ascii	333?H
0x73E65	0x180074A65	ascii	(?D8%z
0x73E9C	0x180074A9C	ascii	D$hA
0x73EFD	0x180074AFD	ascii	|$lH
0x73F1C	0x180074B1C	ascii	D$hR
0x73F94	0x180074B94	ascii	d$HH
0x73FA0	0x180074BA0	ascii	\$@L
0x73FA5	0x180074BA5	ascii	L$PL
0x73FAA	0x180074BAA	ascii	d$8H
0x73FB2	0x180074BB2	ascii	l$0H
0x73FB7	0x180074BB7	ascii	D$(D
0x7408C	0x180074C8C	ascii	Y-^b
0x740DA	0x180074CDA	ascii	T$PH
0x74138	0x180074D38	ascii	|$hD
0x741B7	0x180074DB7	ascii	d$ I
0x741D9	0x180074DD9	ascii	d$ E3
0x743C7	0x180074FC7	ascii	A_A^_[]
0x743D3	0x180074FD3	ascii	USWAVAWH
0x7458E	0x18007518E	ascii	d$8A
0x74597	0x180075197	ascii	d$0L
0x745A2	0x1800751A2	ascii	|$ D
0x745C3	0x1800751C3	ascii	d$8H
0x745C8	0x1800751C8	ascii	T$xL
0x745F5	0x1800751F5	ascii	D$xH
0x745FA	0x1800751FA	ascii	T$xH
0x74617	0x180075217	ascii	d$8L
0x74666	0x180075266	ascii	D$xH
0x746B2	0x1800752B2	ascii	D$lA
0x746CF	0x1800752CF	ascii	T$xD
0x748B6	0x1800754B6	ascii	333?H
0x74915	0x180075515	ascii	(?D8%
0x7494C	0x18007554C	ascii	D$hA
0x749AD	0x1800755AD	ascii	|$lH
0x749CC	0x1800755CC	ascii	D$hR
0x74A44	0x180075644	ascii	d$HH
0x74A50	0x180075650	ascii	\$@L
0x74A55	0x180075655	ascii	L$PL
0x74A5A	0x18007565A	ascii	d$8H
0x74A62	0x180075662	ascii	l$0H
0x74A67	0x180075667	ascii	D$(D
0x74B8A	0x18007578A	ascii	T$PH
0x74BE8	0x1800757E8	ascii	|$hD
0x74C67	0x180075867	ascii	d$ I
0x74C89	0x180075889	ascii	d$ E3
0x74D79	0x180075979	ascii	D8%i
0x74E77	0x180075A77	ascii	A_A^_[]
0x74E8C	0x180075A8C	ascii	USVWH
0x74EF4	0x180075AF4	ascii	D$ 0
0x74F3E	0x180075B3E	ascii	D$ 0
0x74FE3	0x180075BE3	ascii	D$ D
0x75025	0x180075C25	ascii	D$ D
0x7509F	0x180075C9F	ascii	t$0L
0x7510B	0x180075D0B	ascii	t$ H
0x752AD	0x180075EAD	ascii	D$ 0
0x75302	0x180075F02	ascii	D$ 0
0x754D7	0x1800760D7	ascii	D$ 0
0x755DD	0x1800761DD	ascii	D$0H
0x7568B	0x18007628B	ascii	D$ H
0x757E0	0x1800763E0	ascii	D$ H
0x7580F	0x18007640F	ascii	D$ 0
0x75892	0x180076492	ascii	t$ H
0x758E1	0x1800764E1	ascii	)l$pD
0x758E7	0x1800764E7	ascii	)t$`
0x75906	0x180076506	ascii	D$ 0
0x75950	0x180076550	ascii	D$ 0
0x75A41	0x180076641	ascii	(t$`D
0x75A47	0x180076647	ascii	(l$pD
0x75A97	0x180076697	ascii	_^[]
0x75AC0	0x1800766C0	ascii	@SUVWH
0x75B5D	0x18007675D	ascii	T$ H
0x75B75	0x180076775	ascii	l$ ;
0x75B7C	0x18007677C	ascii	T$ A
0x75BAB	0x1800767AB	ascii	H_^][
0x75C67	0x180076867	ascii	UVWATAUAVAWH
0x75D9A	0x18007699A	ascii	T$`u
0x75E9B	0x180076A9B	ascii	D$xH
0x75FAE	0x180076BAE	ascii	D$P)\
0x75FC6	0x180076BC6	ascii	D$X\
0x75FEA	0x180076BEA	ascii	t$(L
0x75FF6	0x180076BF6	ascii	l$ H
0x75FFB	0x180076BFB	ascii	T$`H
0x76034	0x180076C34	ascii	D$X33s?
0x76058	0x180076C58	ascii	t$(L
0x76064	0x180076C64	ascii	l$ H
0x76069	0x180076C69	ascii	T$`H
0x7607D	0x180076C7D	ascii	L$PA
0x760B0	0x180076CB0	ascii	D$X33s?
0x760BA	0x180076CBA	ascii	D$`A
0x760CC	0x180076CCC	ascii	L$\A
0x760F6	0x180076CF6	ascii	D$`D
0x760FE	0x180076CFE	ascii	t$(H
0x76109	0x180076D09	ascii	D$ H
0x761B8	0x180076DB8	ascii	D$XA
0x76203	0x180076E03	ascii	D$`A
0x7621A	0x180076E1A	ascii	L$PA
0x76248	0x180076E48	ascii	L$TA
0x76256	0x180076E56	ascii	D$PA
0x762BB	0x180076EBB	ascii	tRD86tMH
0x762D1	0x180076ED1	ascii	t$HL
0x762EA	0x180076EEA	ascii	t$8H
0x762EF	0x180076EEF	ascii	t$0H
0x762F4	0x180076EF4	ascii	T$(H
0x76386	0x180076F86	ascii	A_A^A]A\_^]
0x7664C	0x18007724C	ascii	33s?
0x76674	0x180077274	ascii	33s?
0x7669C	0x18007729C	ascii	33s?
0x766C4	0x1800772C4	ascii	33s?
0x766EC	0x1800772EC	ascii	33s?
0x7678C	0x18007738C	ascii	33s?
0x767B3	0x1800773B3	ascii	USVWATAVAWH
0x7693A	0x18007753A	ascii	EkHc
0x76D93	0x180077993	ascii	D$ 0
0x76F5B	0x180077B5B	ascii	I+W@H
0x77085	0x180077C85	ascii	A_A^A\_^[]
0x7713C	0x180077D3C	ascii	T$`H
0x77188	0x180077D88	ascii	T$0H
0x7720D	0x180077E0D	ascii	D$`E
0x7726E	0x180077E6E	ascii	tJ@8
0x773D1	0x180077FD1	ascii	t$0H
0x774E8	0x1800780E8	ascii	\$hH
0x774ED	0x1800780ED	ascii	t$pH
0x77520	0x180078120	ascii	@USVWH
0x77898	0x180078498	ascii	H_^[]
0x778B0	0x1800784B0	ascii	@USVWH
0x77C4A	0x18007884A	ascii	H_^[]
0x77C60	0x180078860	ascii	@USVWH
0x77FFA	0x180078BFA	ascii	H_^[]
0x78010	0x180078C10	ascii	@USVWH
0x78395	0x180078F95	ascii	H_^[]
0x783AB	0x180078FAB	ascii	UWAVH
0x789A2	0x1800795A2	ascii	A^_]
0x789DB	0x1800795DB	ascii	UWAVH
0x78AF3	0x1800796F3	ascii	T$hH
0x78AFC	0x1800796FC	ascii	D$pA
0x78B1F	0x18007971F	ascii	D$XH
0x78B2D	0x18007972D	ascii	T$@H
0x78C4A	0x18007984A	ascii	D$tH
0x78C53	0x180079853	ascii	D$@D
0x78CAD	0x1800798AD	ascii	D$|H
0x78CB6	0x1800798B6	ascii	D$@D
0x78D49	0x180079949	ascii	D$@D
0x78DA8	0x1800799A8	ascii	D$@A
0x78DCA	0x1800799CA	ascii	D$DH
0x78DF6	0x1800799F6	ascii	D$Lh
0x78E17	0x180079A17	ascii	D$Pw
0x78E64	0x180079A64	ascii	T$8H
0x78E90	0x180079A90	ascii	D$8D
0x78E97	0x180079A97	ascii	D$(P
0x78EA6	0x180079AA6	ascii	t$ H
0x78F08	0x180079B08	ascii	D$P)\
0x78F28	0x180079B28	ascii	D$( 
0x78F35	0x180079B35	ascii	t$ L
0x78F3A	0x180079B3A	ascii	D$0H
0x78F67	0x180079B67	ascii	D$H333?
0x78FCD	0x180079BCD	ascii	T$0D
0x78FD7	0x180079BD7	ascii	T$8L
0x78FE3	0x180079BE3	ascii	L$<H
0x78FEF	0x180079BEF	ascii	l$ H
0x79010	0x180079C10	ascii	D$4D
0x7901A	0x180079C1A	ascii	T$8L
0x79026	0x180079C26	ascii	D$<H
0x79032	0x180079C32	ascii	l$ H
0x790AB	0x180079CAB	ascii	D$LR
0x790C6	0x180079CC6	ascii	l$ L
0x790CB	0x180079CCB	ascii	D$0H
0x790EC	0x180079CEC	ascii	D$@@
0x79148	0x180079D48	ascii	A^_]
0x79153	0x180079D53	ascii	UAVAWH
0x79573	0x18007A173	ascii	A_A^]
0x79591	0x18007A191	ascii	)t$0
0x79889	0x18007A489	ascii	(t$0H
0x79AF1	0x18007A6F1	ascii	D$po
0x79B79	0x18007A779	ascii	L$ H
0x79BA1	0x18007A7A1	ascii	D$x33s?
0x79C49	0x18007A849	ascii	D$pH
0x79C53	0x18007A853	ascii	D$pA
0x79D8A	0x18007A98A	ascii	D$`E
0x79E66	0x18007AA66	ascii	D$PH
0x79E6F	0x18007AA6F	ascii	D$HA
0x79E80	0x18007AA80	ascii	D$8H
0x79F8F	0x18007AB8F	ascii	t$(H
0x79F9D	0x18007AB9D	ascii	L$ H
0x79FFF	0x18007ABFF	ascii	t$ H
0x7A0BE	0x18007ACBE	ascii	t$dE
0x7A0D0	0x18007ACD0	ascii	T$`L
0x7A0D5	0x18007ACD5	ascii	t$8A
0x7A0DE	0x18007ACDE	ascii	t$0L
0x7A103	0x18007AD03	ascii	D$`H
0x7A11D	0x18007AD1D	ascii	D$tfD
0x7A14C	0x18007AD4C	ascii	t$8L
0x7A151	0x18007AD51	ascii	t$0H
0x7A156	0x18007AD56	ascii	T$(H
0x7A291	0x18007AE91	ascii	D$`D
0x7A299	0x18007AE99	ascii	t$(H
0x7A2A4	0x18007AEA4	ascii	D$ H
0x7A303	0x18007AF03	ascii	L$pD
0x7A31A	0x18007AF1A	ascii	\$@H
0x7A322	0x18007AF22	ascii	t$8L
0x7A327	0x18007AF27	ascii	|$0H
0x7A32C	0x18007AF2C	ascii	L$(I
0x7A3B4	0x18007AFB4	ascii	\$@L
0x7A3B9	0x18007AFB9	ascii	t$8H
0x7A3BE	0x18007AFBE	ascii	L$0H
0x7A3C3	0x18007AFC3	ascii	L$pH
0x7A3C8	0x18007AFC8	ascii	L$(I
0x7A3F1	0x18007AFF1	ascii	D$h33
0x7A440	0x18007B040	ascii	\$@H
0x7A457	0x18007B057	ascii	T$0H
0x7A45C	0x18007B05C	ascii	T$pH
0x7A46E	0x18007B06E	ascii	D$ H
0x7A52B	0x18007B12B	ascii	d$`D
0x7A544	0x18007B144	ascii	T$dD
0x7A58E	0x18007B18E	ascii	T$0H
0x7A593	0x18007B193	ascii	T$pH
0x7A598	0x18007B198	ascii	T$(H
0x7A701	0x18007B301	ascii	L$ SWH
0x7A724	0x18007B324	ascii	D$PE3
0x7A72F	0x18007B32F	ascii	|$ H
0x7A75C	0x18007B35C	ascii	L$ SVWH
0x7A76B	0x18007B36B	ascii	t$`H
0x7A778	0x18007B378	ascii	t$(L
0x7A79D	0x18007B39D	ascii	0_^[
0x7A968	0x18007B568	ascii	\$0H
0x7B0CF	0x18007BCCF	ascii	\$0H
0x7B108	0x18007BD08	ascii	D$8H
0x7B140	0x18007BD40	ascii	T$,A;
0x7B17A	0x18007BD7A	ascii	L$,Hk
0x7B192	0x18007BD92	ascii	\$@H
0x7B257	0x18007BE57	ascii	\$PA
0x7B375	0x18007BF75	ascii	\$43
0x7B3B0	0x18007BFB0	ascii	L$$A
0x7B3C0	0x18007BFC0	ascii	|$0E;
0x7B3FC	0x18007BFFC	ascii	L$,Hk
0x7B414	0x18007C014	ascii	\$PH
0x7B448	0x18007C048	ascii	\$@v 
0x7B52E	0x18007C12E	ascii	D$4E;
0x7B57D	0x18007C17D	ascii	L$,Hk
0x7B595	0x18007C195	ascii	\$@H
0x7B5A0	0x18007C1A0	ascii	@UVH
0x7B5C7	0x18007C1C7	ascii	\$`H
0x7B5CC	0x18007C1CC	ascii	|$hL
0x7B5D1	0x18007C1D1	ascii	t$pL
0x7B71E	0x18007C31E	ascii	D$8A
0x7B74A	0x18007C34A	ascii	L$,@
0x7B753	0x18007C353	ascii	D$4E;
0x7B78F	0x18007C38F	ascii	L$,Hk
0x7B7A8	0x18007C3A8	ascii	t$pH
0x7B7AD	0x18007C3AD	ascii	|$hH
0x7B7B2	0x18007C3B2	ascii	\$`L
0x7B7B7	0x18007C3B7	ascii	|$@H
0x7B84C	0x18007C44C	ascii	D$4A;
0x7B886	0x18007C486	ascii	L$,Hk
0x7B89E	0x18007C49E	ascii	\$@H
0x7B8B7	0x18007C4B7	ascii	L$ SUVWH
0x7B8C7	0x18007C4C7	ascii	l$xH
0x7B8D7	0x18007C4D7	ascii	l$(L
0x7B91D	0x18007C51D	ascii	8_^][
0x7B937	0x18007C537	ascii	L$ H
0x7B950	0x18007C550	ascii	@SVWAVAWH
0x7B977	0x18007C577	ascii	<suCA
0x7B9B5	0x18007C5B5	ascii	0A_A^_^[
0x7B9BE	0x18007C5BE	ascii	<.ucA
0x7B9C6	0x18007C5C6	ascii	*u\A
0x7B9CD	0x18007C5CD	ascii	suUA
0x7BA02	0x18007C602	ascii	0A_A^_^[
0x7BA1C	0x18007C61C	ascii	0A_A^_^[
0x7BA27	0x18007C627	ascii	l$`H
0x7BA33	0x18007C633	ascii	d$hL
0x7BA38	0x18007C638	ascii	l$pLc
0x7BA50	0x18007C650	ascii	t$(L
0x7BAA1	0x18007C6A1	ascii	l$pL
0x7BAA6	0x18007C6A6	ascii	d$hI
0x7BAC0	0x18007C6C0	ascii	l$`H
0x7BAC6	0x18007C6C6	ascii	0A_A^_^[
0x7BB85	0x18007C785	ascii	UVWATAUAVAWH
0x7BBB4	0x18007C7B4	ascii	l$(L
0x7BBB9	0x18007C7B9	ascii	l$ A
0x7BBD7	0x18007C7D7	ascii	l$(L
0x7BBDC	0x18007C7DC	ascii	l$ A
0x7BBFA	0x18007C7FA	ascii	l$0A
0x7BC20	0x18007C820	ascii	|$@H
0x7BC2F	0x18007C82F	ascii	l$(H
0x7BC34	0x18007C834	ascii	|$ A
0x7BC4F	0x18007C84F	ascii	d$(H
0x7BC54	0x18007C854	ascii	\$ A
0x7BD18	0x18007C918	ascii	A_A^A]A\_^]
0x7BD5F	0x18007C95F	ascii	\$@H
0x7BD6A	0x18007C96A	ascii	l$0H
0x7BE9F	0x18007CA9F	ascii	l$0H
0x7BEA4	0x18007CAA4	ascii	|$8H
0x7BEA9	0x18007CAA9	ascii	\$@H
0x7BEC0	0x18007CAC0	ascii	@SUVWAVAWD
0x7C037	0x18007CC37	ascii	A_A^_^][
0x7C043	0x18007CC43	ascii	A_A^_^][
0x7C289	0x18007CE89	ascii	D$@H
0x7C337	0x18007CF37	ascii	)t$@
0x7C340	0x18007CF40	ascii	)D$ I
0x7C352	0x18007CF52	ascii	z0u.H
0x7C374	0x18007CF74	ascii	(t$@D
0x7C37A	0x18007CF7A	ascii	(D$ H
0x7C385	0x18007CF85	ascii	)|$0
0x7C4BA	0x18007D0BA	ascii	(|$0
0x7C4BF	0x18007D0BF	ascii	(t$@D
0x7C4C5	0x18007D0C5	ascii	(D$ H
0x7C513	0x18007D113	ascii	t<fff
0x7C5F5	0x18007D1F5	ascii	\$@H
0x7C5FA	0x18007D1FA	ascii	t$HH
0x7C605	0x18007D205	ascii	D$ D
0x7C60A	0x18007D20A	ascii	T$ H
0x7C61C	0x18007D21C	ascii	\$@H
0x7C621	0x18007D221	ascii	t$HH
0x7C63C	0x18007D23C	ascii	L$ H
0x7C667	0x18007D267	ascii	|$ ATAVAWH
0x7C684	0x18007D284	ascii	l$(M
0x7C6C9	0x18007D2C9	ascii	\$PH
0x7C73C	0x18007D33C	ascii	l$(L
0x7C77B	0x18007D37B	ascii	\$PH
0x7C780	0x18007D380	ascii	l$`H
0x7C785	0x18007D385	ascii	|$hH
0x7C78B	0x18007D38B	ascii	0A_A^A\
0x7C86D	0x18007D46D	ascii	|LE9
0x7C8C3	0x18007D4C3	ascii	\$0H
0x7C8C8	0x18007D4C8	ascii	t$8H
0x7C8F0	0x18007D4F0	ascii	@SUVWAVH
0x7C8FC	0x18007D4FC	ascii	)t$P
0x7C9A7	0x18007D5A7	ascii	D$0H
0x7C9AC	0x18007D5AC	ascii	D$@L
0x7CA19	0x18007D619	ascii	(t$PH
0x7CA20	0x18007D620	ascii	`A^_^][
0x7CADC	0x18007D6DC	ascii	|$0H
0x7CB52	0x18007D752	ascii	|$0H
0x7CB66	0x18007D766	ascii	\$8H
0x7CBB4	0x18007D7B4	ascii	)t$0
0x7CBB9	0x18007D7B9	ascii	)|$ 
0x7CC94	0x18007D894	ascii	\$PH
0x7CC9D	0x18007D89D	ascii	(t$0
0x7CCA2	0x18007D8A2	ascii	(|$ H
0x7CCB0	0x18007D8B0	ascii	@SUVWAUH
0x7CFE1	0x18007DBE1	ascii	)t$P
0x7CFE6	0x18007DBE6	ascii	)|$@tGH
0x7D05F	0x18007DC5F	ascii	D$$D;
0x7D09B	0x18007DC9B	ascii	D$$D
0x7D0E2	0x18007DCE2	ascii	D$$A;
0x7D11D	0x18007DD1D	ascii	D$$D
0x7D1AD	0x18007DDAD	ascii	D$3D
0x7D212	0x18007DE12	ascii	D$$D;
0x7D24E	0x18007DE4E	ascii	D$$D
0x7D25B	0x18007DE5B	ascii	D$3f
0x7D30B	0x18007DF0B	ascii	D$3D
0x7D335	0x18007DF35	ascii	(t$P
0x7D33F	0x18007DF3F	ascii	(|$@D;
0x7D4BE	0x18007E0BE	ascii	G D9D
0x7D513	0x18007E113	ascii	`A]_^][
0x7D520	0x18007E120	ascii	@SUVWAVAWH
0x7D534	0x18007E134	ascii	)t$ 
0x7D5F3	0x18007E1F3	ascii	(t$ 
0x7D5FD	0x18007E1FD	ascii	8A_A^_^][
0x7D6C4	0x18007E2C4	ascii	\$PH
0x7D74F	0x18007E34F	ascii	)t$0
0x7D776	0x18007E376	ascii	L$ H
0x7D77B	0x18007E37B	ascii	|$@H
0x7D7AB	0x18007E3AB	ascii	|$@H
0x7D7B4	0x18007E3B4	ascii	(t$0H
0x7D7C5	0x18007E3C5	ascii	(t$0H
0x7D7EF	0x18007E3EF	ascii	)t$0
0x7D816	0x18007E416	ascii	L$ H
0x7D81B	0x18007E41B	ascii	|$@H
0x7D85A	0x18007E45A	ascii	|$@H
0x7D863	0x18007E463	ascii	(t$0H
0x7D874	0x18007E474	ascii	(t$0H
0x7D8B7	0x18007E4B7	ascii	\$@H
0x7D8BC	0x18007E4BC	ascii	T$ A
0x7D8C3	0x18007E4C3	ascii	L$ H
0x7D8CC	0x18007E4CC	ascii	|$HH
0x7D90F	0x18007E50F	ascii	|$HH
0x7D914	0x18007E514	ascii	\$@H
0x7D97D	0x18007E57D	ascii	@HcD
0x7DB2D	0x18007E72D	ascii	@HcD
0x7DBA0	0x18007E7A0	ascii	@SVH
0x7DBAC	0x18007E7AC	ascii	L$`H
0x7DC15	0x18007E815	ascii	L$PH
0x7DCB5	0x18007E8B5	ascii	L$@I
0x7DCBD	0x18007E8BD	ascii	\$8H
0x7DCC2	0x18007E8C2	ascii	t$0H
0x7DCC7	0x18007E8C7	ascii	D$(D
0x7DCCC	0x18007E8CC	ascii	L$ L
0x7DCFB	0x18007E8FB	ascii	t$xL
0x7DD07	0x18007E907	ascii	|$pL
0x7DDA2	0x18007E9A2	ascii	L$`L
0x7DE2C	0x18007EA2C	ascii	t$ H
0x7DE6A	0x18007EA6A	ascii	t$xM
0x7DE7F	0x18007EA7F	ascii	L$`N
0x7DE8D	0x18007EA8D	ascii	|$pH
0x7DEB0	0x18007EAB0	ascii	@SUH
0x7DEBB	0x18007EABB	ascii	)t$p
0x7DEC4	0x18007EAC4	ascii	L$`I
0x7DEF1	0x18007EAF1	ascii	L$PH
0x7DF92	0x18007EB92	ascii	t$@I
0x7DF9A	0x18007EB9A	ascii	\$8H
0x7DF9F	0x18007EB9F	ascii	l$0H
0x7DFA4	0x18007EBA4	ascii	D$(D
0x7DFA9	0x18007EBA9	ascii	L$ L
0x7E085	0x18007EC85	ascii	L$`L
0x7E10C	0x18007ED0C	ascii	l$ H
0x7E162	0x18007ED62	ascii	L$`N
0x7E187	0x18007ED87	ascii	(t$pH
0x7E1A0	0x18007EDA0	ascii	@USVWAVAWH
0x7E1D6	0x18007EDD6	ascii	)|$p
0x7E1FC	0x18007EDFC	ascii	|$ L
0x7E36D	0x18007EF6D	ascii	tQH;
0x7E395	0x18007EF95	ascii	|$@L
0x7E39E	0x18007EF9E	ascii	|$8H
0x7E3B1	0x18007EFB1	ascii	T$(I
0x7E3C9	0x18007EFC9	ascii	(|$pH
0x7E3D4	0x18007EFD4	ascii	A_A^_^[]
0x7E3E0	0x18007EFE0	ascii	@UWAWH
0x7E432	0x18007F032	ascii	D$8L
0x7E445	0x18007F045	ascii	D$0H
0x7E452	0x18007F052	ascii	D$(H
0x7E457	0x18007F057	ascii	\$`H
0x7E463	0x18007F063	ascii	|$ H
0x7E488	0x18007F088	ascii	t$h3
0x7E496	0x18007F096	ascii	d$pL
0x7E49B	0x18007F09B	ascii	t$xH
0x7E5CD	0x18007F1CD	ascii	l$ H
0x7E60B	0x18007F20B	ascii	t$xH
0x7E610	0x18007F210	ascii	t$hM
0x7E631	0x18007F231	ascii	d$pH
0x7E636	0x18007F236	ascii	\$`H
0x7E63C	0x18007F23C	ascii	@A__]
0x7E650	0x18007F250	ascii	@USVATAUAWH
0x7E6F1	0x18007F2F1	ascii	|$ L
0x7E772	0x18007F372	ascii	F0D;
0x7E7AD	0x18007F3AD	ascii	T$@H
0x7E7B2	0x18007F3B2	ascii	\$0I
0x7E7BA	0x18007F3BA	ascii	t$(A
0x7E80A	0x18007F40A	ascii	|$8H
0x7E80F	0x18007F40F	ascii	D$0H
0x7E814	0x18007F414	ascii	T$@H
0x7E819	0x18007F419	ascii	L$(A
0x7E83C	0x18007F43C	ascii	\0H;
0x7E845	0x18007F445	ascii	|$8H
0x7E84A	0x18007F44A	ascii	D$@H
0x7E84F	0x18007F44F	ascii	D$0L
0x7E85B	0x18007F45B	ascii	|$@H
0x7E860	0x18007F460	ascii	D$(M
0x7E868	0x18007F468	ascii	T$ I
0x7E8BB	0x18007F4BB	ascii	D$@f
0x7E8FC	0x18007F4FC	ascii	L$0L
0x7E901	0x18007F501	ascii	L$@A
0x7E90E	0x18007F50E	ascii	L$(I
0x7E932	0x18007F532	ascii	|$8H
0x7E937	0x18007F537	ascii	D$@H
0x7E93C	0x18007F53C	ascii	D$0L
0x7E951	0x18007F551	ascii	D$(M
0x7E95C	0x18007F55C	ascii	\$ I
0x7EACD	0x18007F6CD	ascii	t$ H
0x7EB4A	0x18007F74A	ascii	A_A]A\^[]
0x7EB65	0x18007F765	ascii	p WH
0x7EC0E	0x18007F80E	ascii	L$`H
0x7EC80	0x18007F880	ascii	t$0H
0x7EC85	0x18007F885	ascii	T$XD
0x7ECD5	0x18007F8D5	ascii	t$0H
0x7ECDA	0x18007F8DA	ascii	T$HD
0x7EDD9	0x18007F9D9	ascii	t$0H
0x7EDDE	0x18007F9DE	ascii	T$@D
0x7EE2D	0x18007FA2D	ascii	t$0H
0x7EE32	0x18007FA32	ascii	T$PD
0x7EE4C	0x18007FA4C	ascii	(|$pH
0x7EEE0	0x18007FAE0	ascii	)L$pD
0x7EEE6	0x18007FAE6	ascii	)T$`A
0x7EFBE	0x18007FBBE	ascii	|$ H
0x7F085	0x18007FC85	ascii	)\$PE
0x7F08F	0x18007FC8F	ascii	)d$@
0x7F12A	0x18007FD2A	ascii	(d$@D
0x7F130	0x18007FD30	ascii	(\$P
0x7F18A	0x18007FD8A	ascii	|$ H
0x7F262	0x18007FE62	ascii	(T$`
0x7F281	0x18007FE81	ascii	(L$pH
0x7F2A3	0x18007FEA3	ascii	UVATAUAVAWI
0x7F2E0	0x18007FEE0	ascii	L$`E
0x7F599	0x180080199	ascii	D$(L
0x7F59E	0x18008019E	ascii	L$hA
0x7F5B9	0x1800801B9	ascii	D$pH
0x7F5BE	0x1800801BE	ascii	T$PH
0x7F5E3	0x1800801E3	ascii	D$hA
0x7F61B	0x18008021B	ascii	D$xH
0x7F625	0x180080225	ascii	|$|H
0x7F62A	0x18008022A	ascii	D$(L
0x7F62F	0x18008022F	ascii	L$xH
0x7F64D	0x18008024D	ascii	D$ H
0x7F652	0x180080252	ascii	T$PH
0x7F67E	0x18008027E	ascii	D$@H
0x7F683	0x180080283	ascii	D$(H
0x7F688	0x180080288	ascii	T$PA
0x7F6EF	0x1800802EF	ascii	D$ L
0x7F6F4	0x1800802F4	ascii	D$@H
0x7F8A8	0x1800804A8	ascii	A_A^A]A\^]
0x7F993	0x180080593	ascii	VWAVH
0x7FA11	0x180080611	ascii	\$xL
0x7FBA0	0x1800807A0	ascii	|$xH
0x802D4	0x180080ED4	ascii	D$xH
0x802D9	0x180080ED9	ascii	D$xH
0x802DE	0x180080EDE	ascii	D$xH
0x802E3	0x180080EE3	ascii	|$xH
0x80894	0x180081494	ascii	\$PI
0x808A0	0x1800814A0	ascii	(t$@
0x808A5	0x1800814A5	ascii	(|$0E
0x808B1	0x1800814B1	ascii	A^_^
0x81173	0x180081D73	ascii	\$0H
0x81180	0x180081D80	ascii	@USVWAVAWH
0x815EE	0x1800821EE	ascii	 w+I
0x8164E	0x18008224E	ascii	A_A^_^[]
0x81662	0x180082262	ascii	\$ UAVAWH
0x816B4	0x1800822B4	ascii	t$HH
0x816B9	0x1800822B9	ascii	|$PI
0x81750	0x180082350	ascii	H98t
0x8178D	0x18008238D	ascii	WHHcG@L
0x817B0	0x1800823B0	ascii	ATI;
0x81882	0x180082482	ascii	L$@L
0x81887	0x180082487	ascii	|$@D
0x818B2	0x1800824B2	ascii	D$@L
0x81F11	0x180082B11	ascii	~ Hc
0x8212A	0x180082D2A	ascii	|$PH
0x8212F	0x180082D2F	ascii	t$HH
0x82134	0x180082D34	ascii	\$XH
0x8213A	0x180082D3A	ascii	 A_A^]
0x82155	0x180082D55	ascii	SUVWAVAWH
0x82534	0x180083134	ascii	(A_A^_^][
0x82952	0x180083552	ascii	\$0H
0x82957	0x180083557	ascii	t$8H
0x829AD	0x1800835AD	ascii	t)Hi
0x82A47	0x180083647	ascii	|$0H
0x82A90	0x180083690	ascii	@SUVWH
0x82B7D	0x18008377D	ascii	L$ D
0x82C0F	0x18008380F	ascii	8_^][
0x82CAB	0x1800838AB	ascii	D$(L
0x82DAE	0x1800839AE	ascii	t,A;
0x82ECB	0x180083ACB	ascii	L$$f
0x82EE2	0x180083AE2	ascii	D$(A3
0x82F30	0x180083B30	ascii	L$(H3
0x82F3D	0x180083B3D	ascii	\$@H
0x82F42	0x180083B42	ascii	t$HH
0x82F5B	0x180083B5B	ascii	VWAVH
0x83239	0x180083E39	ascii	\$pI
0x83245	0x180083E45	ascii	(t$`
0x8324A	0x180083E4A	ascii	(|$PI
0x83251	0x180083E51	ascii	A^_^
0x83289	0x180083E89	ascii	t$0M
0x83299	0x180083E99	ascii	|$ I
0x83375	0x180083F75	ascii	UVWAVAWH
0x83381	0x180083F81	ascii	)t$`
0x83386	0x180083F86	ascii	)|$PD
0x8338C	0x180083F8C	ascii	)D$@D
0x83392	0x180083F92	ascii	)L$0I
0x833D4	0x180083FD4	ascii	D$ H
0x8352F	0x18008412F	ascii	(t$`
0x83534	0x180084134	ascii	(|$PD
0x8353A	0x18008413A	ascii	(D$@D
0x83540	0x180084140	ascii	(L$0H
0x83547	0x180084147	ascii	pA_A^_^]
0x8360B	0x18008420B	ascii	\$0H
0x8367A	0x18008427A	ascii	t$8I
0x8368C	0x18008428C	ascii	l$0H
0x83691	0x180084291	ascii	|$@H
0x83725	0x180084325	ascii	/O,r
0x83791	0x180084391	ascii	l$0H
0x83854	0x180084454	ascii	t$8H
0x83860	0x180084460	ascii	@SUVWATAUAVAWH
0x83A50	0x180084650	ascii	t A;
0x83ABF	0x1800846BF	ascii	t A;
0x83C42	0x180084842	ascii	D8Cst
0x83C82	0x180084882	ascii	(A_A^A]A\_^][
0x83CA6	0x1800848A6	ascii	)t$0
0x83CC4	0x1800848C4	ascii	)|$ 
0x83D89	0x180084989	ascii	|$X3
0x83E0B	0x180084A0B	ascii	|$XH
0x83E31	0x180084A31	ascii	(|$ 3
0x83E38	0x180084A38	ascii	(t$0
0x83EB3	0x180084AB3	ascii	SUWH
0x83F03	0x180084B03	ascii	u!Lc
0x8418A	0x180084D8A	ascii	@(H;
0x841B4	0x180084DB4	ascii	t2ff
0x84240	0x180084E40	ascii	{`L9
0x842A4	0x180084EA4	ascii	L$<H
0x842F9	0x180084EF9	ascii	xXH;
0x84519	0x180085119	ascii	XE@D
0x846F6	0x1800852F6	ascii	unD8
0x84A70	0x180085670	ascii	"D9{l~""ff"
0x84A92	0x180085692	ascii	T;Sl|
0x84B2C	0x18008572C	ascii	(t$pD8
0x84C65	0x180085865	ascii	G8;P
0x84C6C	0x18008586C	ascii	D;@ t
0x84C94	0x180085894	ascii	t\D8
0x84D57	0x180085957	ascii	;D9{
0x84E75	0x180085A75	ascii	333?
0x84EA9	0x180085AA9	ascii	D$0H
0x84EB5	0x180085AB5	ascii	D$8H
0x84FE9	0x180085BE9	ascii	r+Ic
0x8501F	0x180085C1F	ascii	(L$P
0x85024	0x180085C24	ascii	(|$`H
0x851B6	0x180085DB6	ascii	gfff
0x85280	0x180085E80	ascii	@UWH
0x852D9	0x180085ED9	ascii	\$PH
0x852DE	0x180085EDE	ascii	t$ Hc
0x85335	0x180085F35	ascii	\$PH
0x8533A	0x180085F3A	ascii	t$ H
0x853C3	0x180085FC3	ascii	t0fff
0x853F7	0x180085FF7	ascii	\$0H
0x853FC	0x180085FFC	ascii	t$8H
0x855CB	0x1800861CB	ascii	t$HH
0x85642	0x180086242	ascii	D$ L
0x85647	0x180086247	ascii	D$HH
0x85673	0x180086273	ascii	)t$P
0x8568D	0x18008628D	ascii	)|$`D
0x85693	0x180086293	ascii	)D$pD
0x856AE	0x1800862AE	ascii	T$PH
0x85857	0x180086457	ascii	L$0H
0x85878	0x180086478	ascii	)t$p
0x85885	0x180086485	ascii	)|$`D
0x8588B	0x18008648B	ascii	)D$P
0x85892	0x180086492	ascii	D$<D
0x85897	0x180086497	ascii	)L$@
0x85A36	0x180086636	ascii	\5xH
0x85A8C	0x18008668C	ascii	(L$@D
0x85A92	0x180086692	ascii	(D$P
0x85A97	0x180086697	ascii	(|$`
0x85AA9	0x1800866A9	ascii	(t$pH
0x85BF2	0x1800867F2	ascii	\$ VH
0x85C1F	0x18008681F	ascii	\$XH
0x85C2E	0x18008682E	ascii	l$@Hc
0x85C3A	0x18008683A	ascii	|$HH
0x85C4D	0x18008684D	ascii	t$PH;
0x85E16	0x180086A16	ascii	t%D9
0x85F63	0x180086B63	ascii	t1fff
0x85FEF	0x180086BEF	ascii	l$@H
0x86009	0x180086C09	ascii	pPH;
0x8606C	0x180086C6C	ascii	t$PH
0x8609A	0x180086C9A	ascii	|$HH
0x8609F	0x180086C9F	ascii	\$XH
0x860DC	0x180086CDC	ascii	\$`H
0x860E1	0x180086CE1	ascii	l$hH
0x860E6	0x180086CE6	ascii	t$pH
0x860EB	0x180086CEB	ascii	|$HL
0x860F0	0x180086CF0	ascii	d$@E3
0x86118	0x180086D18	ascii	t$8L
0x8611D	0x180086D1D	ascii	|$0H;
0x8620E	0x180086E0E	ascii	L9cHt$L
0x862AA	0x180086EAA	ascii	t'D8
0x862DF	0x180086EDF	ascii	t#D8
0x86307	0x180086F07	ascii	t#D8
0x8632C	0x180086F2C	ascii	"E8ext""E"
0x86409	0x180087009	ascii	#L9ePt'L
0x86439	0x180087039	ascii	MpHcEhM
0x864B2	0x1800870B2	ascii	|$0L
0x864B7	0x1800870B7	ascii	t$8L
0x864E5	0x1800870E5	ascii	XHHc@@H
0x86578	0x180087178	ascii	D$(H
0x865F3	0x1800871F3	ascii	t$pH
0x865F8	0x1800871F8	ascii	l$hH
0x86621	0x180087221	ascii	\$`H
0x86626	0x180087226	ascii	|$HH
0x866C4	0x1800872C4	ascii	L$0H
0x866C9	0x1800872C9	ascii	T$(H
0x86721	0x180087321	ascii	\$PE3
0x86729	0x180087329	ascii	t$0I
0x86791	0x180087391	ascii	|$8H
0x8679C	0x18008739C	ascii	)t$ 
0x868FC	0x1800874FC	ascii	(t$ H
0x8690C	0x18008750C	ascii	\$PI
0x86914	0x180087514	ascii	t$0H
0x86930	0x180087530	ascii	@SUVWAVAWH
0x8699F	0x18008759F	ascii	l$ M
0x869B2	0x1800875B2	ascii	8A_A^_^][
0x869C0	0x1800875C0	ascii	@SUVWAUAVAWH
0x869D0	0x1800875D0	ascii	)t$`H
0x869E0	0x1800875E0	ascii	D$PL
0x86BBF	0x1800877BF	ascii	L$03
0x86BD5	0x1800877D5	ascii	|$(L
0x86C15	0x180087815	ascii	L$0D
0x86C64	0x180087864	ascii	~@ff
0x86D7B	0x18008797B	ascii	L$PH3
0x86D87	0x180087987	ascii	(t$`H
0x86D8E	0x18008798E	ascii	pA_A^A]_^][
0x86DA7	0x1800879A7	ascii	|$ AVH
0x86DB1	0x1800879B1	ascii	)t$PH
0x86DC1	0x1800879C1	ascii	D$@H
0x86E02	0x180087A02	ascii	l$pH
0x86E07	0x180087A07	ascii	L$ H
0x86E0C	0x180087A0C	ascii	t$xH
0x86E2E	0x180087A2E	ascii	XL$$
0x86E85	0x180087A85	ascii	L$0E3
0x86E9B	0x180087A9B	ascii	L$0E3
0x86ED0	0x180087AD0	ascii	D$0A
0x86F28	0x180087B28	ascii	L$0A
0x86F4D	0x180087B4D	ascii	t$xH
0x86F52	0x180087B52	ascii	l$pH9
0x86F85	0x180087B85	ascii	XK0H
0x86FF8	0x180087BF8	ascii	L$@H3
0x87005	0x180087C05	ascii	\$`I
0x87011	0x180087C11	ascii	(t$PI
0x870F2	0x180087CF2	ascii	X%(4
0x871E4	0x180087DE4	ascii	/I4r
0x87256	0x180087E56	ascii	D$(H
0x8725B	0x180087E5B	ascii	L$ H
0x87260	0x180087E60	ascii	L$0H
0x87265	0x180087E65	ascii	D$8H
0x872EF	0x180087EEF	ascii	t'IcP
0x873F0	0x180087FF0	ascii	L$@H3
0x873FD	0x180087FFD	ascii	\$`H
0x87402	0x180088002	ascii	t$hH
0x87412	0x180088012	ascii	\$ WH
0x8741B	0x18008801B	ascii	)t$PH
0x874FD	0x1800880FD	ascii	T$<H
0x87510	0x180088110	ascii	T$<H
0x875C9	0x1800881C9	ascii	L$@H3
0x875DD	0x1800881DD	ascii	(t$PH
0x8764D	0x18008824D	ascii	z)u'L
0x87695	0x180088295	ascii	$z(u&H
0x87745	0x180088345	ascii	UVWH
0x8775B	0x18008835B	ascii	)D$`H
0x8776D	0x18008836D	ascii	)L$P
0x87779	0x180088379	ascii	)T$@
0x87785	0x180088385	ascii	)\$0
0x87807	0x180088407	ascii	)|$pA
0x8791D	0x18008851D	ascii	d$ H
0x87926	0x180088526	ascii	l$$H
0x879D3	0x1800885D3	ascii	(|$pL
0x87A34	0x180088634	ascii	)t$0
0x87A39	0x180088639	ascii	)|$ 
0x87A68	0x180088668	ascii	_Jdt
0x87B66	0x180088766	ascii	\D$X
0x87B7C	0x18008877C	ascii	D$pz
0x87B8B	0x18008878B	ascii	\D$\
0x87B9B	0x18008879B	ascii	D$PH
0x87BA4	0x1800887A4	ascii	(t$0
0x87BA9	0x1800887A9	ascii	(|$ 
0x87C34	0x180088834	ascii	(4$H
0x87C6C	0x18008886C	ascii	(4$H
0x87CA4	0x1800888A4	ascii	(4$H
0x87CDC	0x1800888DC	ascii	(4$H
0x87CE5	0x1800888E5	ascii	(4$3
0x87D00	0x180088900	ascii	@UWATH
0x87D34	0x180088934	ascii	L$@L
0x87D39	0x180088939	ascii	D$xH
0x87E1B	0x180088A1B	ascii	D$<E
0x87EBB	0x180088ABB	ascii	|$Xu
0x87FEE	0x180088BEE	ascii	Xo0M
0x8825B	0x180088E5B	ascii	l$hL
0x88260	0x180088E60	ascii	L$`H
0x88265	0x180088E65	ascii	D$ M
0x8826E	0x180088E6E	ascii	t$lH
0x88273	0x180088E73	ascii	T$hH
0x88310	0x180088F10	ascii	L$pB
0x8831D	0x180088F1D	ascii	D;t$@
0x8836A	0x180088F6A	ascii	d$XA
0x88374	0x180088F74	ascii	L$8D
0x883AD	0x180088FAD	ascii	l$4E
0x883BA	0x180088FBA	ascii	D$ H
0x88481	0x180089081	ascii	D$<D
0x885D7	0x1800891D7	ascii	L$l8
0x8868F	0x18008928F	ascii	t$XL
0x88694	0x180089294	ascii	L$`H
0x88699	0x180089299	ascii	D$ L
0x886A4	0x1800892A4	ascii	l$\H
0x886A9	0x1800892A9	ascii	T$@H
0x886CB	0x1800892CB	ascii	L$8t:D
0x88702	0x180089302	ascii	l$4H
0x88707	0x180089307	ascii	\$xA
0x8891B	0x18008951B	ascii	XO<H
0x88967	0x180089567	ascii	T$HA
0x889D0	0x1800895D0	ascii	d$LA
0x88A00	0x180089600	ascii	D$`A
0x88A28	0x180089628	ascii	D$dA
0x88A5B	0x18008965B	ascii	.w,z
0x88AD1	0x1800896D1	ascii	D$ H
0x88AE7	0x1800896E7	ascii	D$<D
0x88B12	0x180089712	ascii	A\_]
0x88B2B	0x18008972B	ascii	VWAVH
0x88B79	0x180089779	ascii	D$ A
0x88B8D	0x18008978D	ascii	T$8H
0x88B9B	0x18008979B	ascii	\T$0
0x88BBF	0x1800897BF	ascii	\$<A
0x88BC9	0x1800897C9	ascii	\\$4A
0x88BDE	0x1800897DE	ascii	XL$0
0x88C0C	0x18008980C	ascii	XL$4
0x88C71	0x180089871	ascii	XT$0
0x88C78	0x180089878	ascii	X\$4
0x88CDA	0x1800898DA	ascii	l$(H
0x88CE1	0x1800898E1	ascii	l$ D
0x88D20	0x180089920	ascii	A^_^
0x88D35	0x180089935	ascii	X WH
0x88DB3	0x1800899B3	ascii	XK4H
0x88E61	0x180089A61	ascii	)t$p
0x88E74	0x180089A74	ascii	_sdA
0x88EB7	0x180089AB7	ascii	(t$p
0x88ED1	0x180089AD1	ascii	(D$Pv~
0x88F5E	0x180089B5E	ascii	(|$`H
0x88F73	0x180089B73	ascii	USWATAUAWH
0x8913C	0x180089D3C	ascii	T$4H
0x89174	0x180089D74	ascii	\$4A
0x891EA	0x180089DEA	ascii	D$(0
0x89287	0x180089E87	ascii	t$LE
0x892CA	0x180089ECA	ascii	D$HD
0x892D1	0x180089ED1	ascii	D$(0
0x89318	0x180089F18	ascii	L$@A
0x8937F	0x180089F7F	ascii	D$PD
0x89389	0x180089F89	ascii	T$ H
0x893CF	0x180089FCF	ascii	D9mp
0x8943B	0x18008A03B	ascii	XG4E
0x89494	0x18008A094	ascii	t$0D
0x8949A	0x18008A09A	ascii	t$1D
0x894A0	0x18008A0A0	ascii	|$3t1
0x894A6	0x18008A0A6	ascii	D$lA
0x894C1	0x18008A0C1	ascii	D$o@
0x894C6	0x18008A0C6	ascii	t$hfD
0x894CC	0x18008A0CC	ascii	t$iD
0x894D7	0x18008A0D7	ascii	D$`A
0x894F2	0x18008A0F2	ascii	D$c@
0x894F7	0x18008A0F7	ascii	t$dfD
0x894FD	0x18008A0FD	ascii	t$eD
0x8950E	0x18008A10E	ascii	L$lE
0x8951E	0x18008A11E	ascii	D$dH
0x8956B	0x18008A16B	ascii	L$pK
0x895A2	0x18008A1A2	ascii	D$PA
0x895BD	0x18008A1BD	ascii	D$S@
0x895C2	0x18008A1C2	ascii	t$TfD
0x895C8	0x18008A1C8	ascii	t$UD
0x895D3	0x18008A1D3	ascii	D$8A
0x895EE	0x18008A1EE	ascii	D$;@
0x895F3	0x18008A1F3	ascii	t$4fD
0x895F9	0x18008A1F9	ascii	t$5D
0x8960A	0x18008A20A	ascii	L$TE
0x8961A	0x18008A21A	ascii	D$8H
0x896AC	0x18008A2AC	ascii	T$@H
0x896DE	0x18008A2DE	ascii	L$tH
0x89705	0x18008A305	ascii	D;mp
0x89787	0x18008A387	ascii	A_A]A\_[]
0x897A7	0x18008A3A7	ascii	UVWATAUAVAWH
0x8980F	0x18008A40F	ascii	D$xD
0x89814	0x18008A414	ascii	l$PA
0x8983A	0x18008A43A	ascii	D$XE
0x89A54	0x18008A654	ascii	D$pE
0x89B16	0x18008A716	ascii	l$Pt
0x89B8D	0x18008A78D	ascii	D$XA
0x89BBB	0x18008A7BB	ascii	d$xH
0x89BD4	0x18008A7D4	ascii	D$ E3
0x89C05	0x18008A805	ascii	D$\v
0x89D6A	0x18008A96A	ascii	t$HI
0x89D86	0x18008A986	ascii	L$Lv
0x89DB1	0x18008A9B1	ascii	T$HI
0x89DED	0x18008A9ED	ascii	D$0H
0x89DF6	0x18008A9F6	ascii	D$XH
0x89DFB	0x18008A9FB	ascii	\$(M
0x89E03	0x18008AA03	ascii	D$ H
0x89E4D	0x18008AA4D	ascii	A_A^A]A\_^]
0x89EBA	0x18008AABA	ascii	\$0H
0x89ED3	0x18008AAD3	ascii	UVWI
0x89F83	0x18008AB83	ascii	D$pA
0x89F8C	0x18008AB8C	ascii	L$HH
0x89FA1	0x18008ABA1	ascii	L$HH
0x89FDD	0x18008ABDD	ascii	l$TD
0x89FE2	0x18008ABE2	ascii	T$Pu
0x8A008	0x18008AC08	ascii	s/Hc
0x8A03F	0x18008AC3F	ascii	D$DD
0x8A117	0x18008AD17	ascii	D$`A
0x8A290	0x18008AE90	ascii	D$Xt
0x8A2A8	0x18008AEA8	ascii	9\$P
0x8A2B4	0x18008AEB4	ascii	L$`H
0x8A42F	0x18008B02F	ascii	T$AA
0x8A5CC	0x18008B1CC	ascii	9\$Pt
0x8A6B8	0x18008B2B8	ascii	tiH9
0x8A6C1	0x18008B2C1	ascii	t`H;
0x8A6F3	0x18008B2F3	ascii	t.H9
0x8A7C9	0x18008B3C9	ascii	\$TE3
0x8A7D1	0x18008B3D1	ascii	l$PA
0x8A896	0x18008B496	ascii	D$LA;
0x8A93B	0x18008B53B	ascii	D9|$Xu
0x8A94C	0x18008B54C	ascii	\$pH
0x8A95E	0x18008B55E	ascii	|$xH
0x8AA18	0x18008B618	ascii	T$xM
0x8AA33	0x18008B633	ascii	\$pL
0x8AA84	0x18008B684	ascii	\$Cu
0x8AA9E	0x18008B69E	ascii	D8d$DtEA
0x8AACA	0x18008B6CA	ascii	|$@E
0x8AAED	0x18008B6ED	ascii	|$@H
0x8AC15	0x18008B815	ascii	D$HD
0x8AC35	0x18008B835	ascii	D$HE
0x8AD6A	0x18008B96A	ascii	D$Xu
0x8AE80	0x18008BA80	ascii	_L$h
0x8AE99	0x18008BA99	ascii	D$HE
0x8AEA8	0x18008BAA8	ascii	G<D8
0x8AEBC	0x18008BABC	ascii	_D$l
0x8AEC9	0x18008BAC9	ascii	D$lA
0x8AED8	0x18008BAD8	ascii	D$lA
0x8AEF2	0x18008BAF2	ascii	._<z
0x8AF44	0x18008BB44	ascii	G<t A
0x8AF7B	0x18008BB7B	ascii	G4tBA
0x8AF9B	0x18008BB9B	ascii	u$Hc
0x8AFCE	0x18008BBCE	ascii	T$`H
0x8B018	0x18008BC18	ascii	T$`Hc
0x8B02A	0x18008BC2A	ascii	\$BA
0x8B07B	0x18008BC7B	ascii	YG0E3
0x8B0CB	0x18008BCCB	ascii	D8d$L~
0x8B20B	0x18008BE0B	ascii	,G,f
0x8B263	0x18008BE63	ascii	W`D8l$Dt'A
0x8B296	0x18008BE96	ascii	L$AA
0x8B2B2	0x18008BEB2	ascii	L$AA
0x8B2EA	0x18008BEEA	ascii	D8f~A
0x8B340	0x18008BF40	ascii	D$(L
0x8B55B	0x18008C15B	ascii	D$`H
0x8B940	0x18008C540	ascii	|$`Hc
0x8B99D	0x18008C59D	ascii	8\$B
0x8BA7D	0x18008C67D	ascii	L$AH
0x8BA88	0x18008C688	ascii	d$0H
0x8BA91	0x18008C691	ascii	D$(H
0x8BAD1	0x18008C6D1	ascii	z;u9
0x8BB1A	0x18008C71A	ascii	z;u9
0x8BE1B	0x18008CA1B	ascii	D8d$Dt
0x8C082	0x18008CC82	ascii	twH9
0x8C08B	0x18008CC8B	ascii	unD9
0x8C258	0x18008CE58	ascii	\$TD
0x8C383	0x18008CF83	ascii	_(E3
0x8C39C	0x18008CF9C	ascii	XW,H
0x8C5A1	0x18008D1A1	ascii	M(H3
0x8C5F2	0x18008D1F2	ascii	l$0H
0x8C5F7	0x18008D1F7	ascii	|$@H
0x8C60E	0x18008D20E	ascii	t$HL
0x8C6A6	0x18008D2A6	ascii	tTH9
0x8C722	0x18008D322	ascii	t$8H
0x8C890	0x18008D490	ascii	|$@t
0x8C8B9	0x18008D4B9	ascii	t$HH
0x8C9A1	0x18008D5A1	ascii	\$0H
0x8C9C2	0x18008D5C2	ascii	)t$ 
0x8CA2B	0x18008D62B	ascii	(t$ H
0x8CA94	0x18008D694	ascii	t$ff
0x8CB76	0x18008D776	ascii	\$0H
0x8CB83	0x18008D783	ascii	\$0H
0x8CB8E	0x18008D78E	ascii	\$02
0x8CDE6	0x18008D9E6	ascii	.a<z
0x8CE10	0x18008DA10	ascii	@SUVWH
0x8CE84	0x18008DA84	ascii	(_^][
0x8CE97	0x18008DA97	ascii	t$ WH
0x8CEE4	0x18008DAE4	ascii	l$0L
0x8CEE9	0x18008DAE9	ascii	t$8;
0x8D02F	0x18008DC2F	ascii	l$0L
0x8D034	0x18008DC34	ascii	t$8H
0x8D039	0x18008DC39	ascii	\$@H
0x8D03E	0x18008DC3E	ascii	t$HH
0x8D130	0x18008DD30	ascii	L$0I
0x8D140	0x18008DD40	ascii	@SVWAVH
0x8D153	0x18008DD53	ascii	l$`H
0x8D192	0x18008DD92	ascii	l$PM
0x8D1A4	0x18008DDA4	ascii	d$XL
0x8D1B6	0x18008DDB6	ascii	HIcG@L
0x8D23D	0x18008DE3D	ascii	|$ L
0x8D242	0x18008DE42	ascii	d$XH
0x8D255	0x18008DE55	ascii	l$`L
0x8D2CD	0x18008DECD	ascii	l$PH
0x8D2D3	0x18008DED3	ascii	(A^_^[
0x8D2FB	0x18008DEFB	ascii	t$PH
0x8D300	0x18008DF00	ascii	|$(H
0x8D525	0x18008E125	ascii	|$(H
0x8D52A	0x18008E12A	ascii	t$PH
0x8D52F	0x18008E12F	ascii	l$HH
0x8D53E	0x18008E13E	ascii	CHHcK@L
0x8D560	0x18008E160	ascii	JTI;
0x8D610	0x18008E210	ascii	H(L9Qxu
0x8D618	0x18008E218	ascii	L9Ipt(L
0x8D624	0x18008E224	ascii	QxHc
0x8D648	0x18008E248	ascii	\$0H
0x8D6A6	0x18008E2A6	ascii	HcBt
0x8D6C3	0x18008E2C3	ascii	)t$ 
0x8D7A2	0x18008E3A2	ascii	(t$ 
0x8D7B0	0x18008E3B0	ascii	\$@H
0x8D7D2	0x18008E3D2	ascii	D$(Hc
0x8D7F2	0x18008E3F2	ascii	T$ D
0x8D811	0x18008E411	ascii	D$$A3
0x8D83D	0x18008E43D	ascii	L$(H3
0x8D850	0x18008E450	ascii	@SUVWH
0x8D8E3	0x18008E4E3	ascii	(_^][
0x8D9E0	0x18008E5E0	ascii	@SUVWH
0x8DA7B	0x18008E67B	ascii	D$8H
0x8DAA7	0x18008E6A7	ascii	T$0H
0x8DAE1	0x18008E6E1	ascii	D$ M
0x8DB0F	0x18008E70F	ascii	H_^][
0x8DBC0	0x18008E7C0	ascii	@SUVWATAUAVAWH
0x8DCFC	0x18008E8FC	ascii	L$pfA
0x8DD8F	0x18008E98F	ascii	(A_A^A]A\_^][
0x8DDA7	0x18008E9A7	ascii	l$ VH
0x8DE4F	0x18008EA4F	ascii	|$0H
0x8DE61	0x18008EA61	ascii	t$8L
0x8DE84	0x18008EA84	ascii	\$@H
0x8DE89	0x18008EA89	ascii	l$HH
0x8DED5	0x18008EAD5	ascii	|$0H
0x8DEE9	0x18008EAE9	ascii	\$@f
0x8DEFA	0x18008EAFA	ascii	t$8H
0x8DEFF	0x18008EAFF	ascii	l$HH
0x8DF10	0x18008EB10	ascii	@UVWAVH
0x8DF92	0x18008EB92	ascii	\$`H
0x8DF98	0x18008EB98	ascii	8A^_^]
0x8DFF0	0x18008EBF0	ascii	t\Hc
0x8E041	0x18008EC41	ascii	\$`H
0x8E047	0x18008EC47	ascii	8A^_^]
0x8E1A7	0x18008EDA7	ascii	\$ D
0x8E1C4	0x18008EDC4	ascii	\$`H
0x8E1CA	0x18008EDCA	ascii	8A^_^]
0x8E21A	0x18008EE1A	ascii	8A^_^]
0x8E5CE	0x18008F1CE	ascii	)4$E
0x8E648	0x18008F248	ascii	(4$H
0x8E651	0x18008F251	ascii	(4$2
0x8E676	0x18008F276	ascii	@(@t
0x8EC4F	0x18008F84F	ascii	\$0H
0x8F1A0	0x18008FDA0	ascii	@SUVWAVAWH
0x8F1B8	0x18008FDB8	ascii	)|$0H
0x8F2B0	0x18008FEB0	ascii	)D$ u
0x8F2CD	0x18008FECD	ascii	)t$@u
0x8F31F	0x18008FF1F	ascii	D8{p
0x8F3FA	0x18008FFFA	ascii	e4E3
0x8F80A	0x18009040A	ascii	(D$ 
0x8F80F	0x18009040F	ascii	(t$@
0x8F814	0x180090414	ascii	(|$0H
0x8F81B	0x18009041B	ascii	XA_A^_^][
0x8F85B	0x18009045B	ascii	z.u,
0x8F867	0x180090467	ascii	"z""u "
0x8F8A5	0x1800904A5	ascii	D$0H
0x8F8B1	0x1800904B1	ascii	D$8H
0x8F8E0	0x1800904E0	ascii	L$ H
0x8F921	0x180090521	ascii	D$0H
0x8F92D	0x18009052D	ascii	D$8H
0x8F967	0x180090567	ascii	L$ L
0x8F9A2	0x1800905A2	ascii	D$0H
0x8F9AE	0x1800905AE	ascii	D$8H
0x8F9BA	0x1800905BA	ascii	D$@A;
0x8F9E2	0x1800905E2	ascii	L$ H
0x8FAA3	0x1800906A3	ascii	SAUH
0x8FAB6	0x1800906B6	ascii	D$HI
0x8FAFC	0x1800906FC	ascii	t$$E2
0x8FB03	0x180090703	ascii	L$ @2
0x8FB0B	0x18009070B	ascii	"D$""2"
0x8FB12	0x180090712	ascii	|$#E2
0x8FB19	0x180090719	ascii	T$(3
0x8FB20	0x180090720	ascii	L$!E3
0x8FB27	0x180090727	ascii	D$@E3
0x8FB32	0x180090732	ascii	D$09
0x8FBC2	0x1800907C2	ascii	uNKcT
0x8FCB3	0x1800908B3	ascii	t#Ic
0x8FD89	0x180090989	ascii	t6Ic
0x8FDBE	0x1800909BE	ascii	D$(D
0x8FDC4	0x1800909C4	ascii	L$!D
0x8FDE3	0x1800909E3	ascii	T$(A
0x8FEC4	0x180090AC4	ascii	L$!H
0x8FEDD	0x180090ADD	ascii	t$$@
0x8FFAA	0x180090BAA	ascii	t$XI
0x90002	0x180090C02	ascii	D)'E8
0x9000E	0x180090C0E	ascii	|$PL
0x90013	0x180090C13	ascii	d$`H
0x90180	0x180090D80	ascii	L$HH3
0x9018E	0x180090D8E	ascii	hA][
0x904B6	0x1800910B6	ascii	\$0H
0x904BB	0x1800910BB	ascii	t$8H
0x904C6	0x1800910C6	ascii	\$02
0x904CD	0x1800910CD	ascii	t$8H
0x904E0	0x1800910E0	ascii	@SVH
0x904F3	0x1800910F3	ascii	|$ H
0x9054D	0x18009114D	ascii	|$`H
0x9055B	0x18009115B	ascii	d$0H
0x90560	0x180091160	ascii	l$XL
0x906CF	0x1800912CF	ascii	l$XL
0x906D4	0x1800912D4	ascii	t$(L
0x906D9	0x1800912D9	ascii	d$0H
0x906F2	0x1800912F2	ascii	@(L98u
0x907EE	0x1800913EE	ascii	|$ f9
0x90AA5	0x1800916A5	ascii	|$`9
0x90B30	0x180091730	ascii	@SAVH
0x90B44	0x180091744	ascii	t$pH
0x90B6B	0x18009176B	ascii	l$`t/
0x90BA8	0x1800917A8	ascii	l$`t2H
0x90C8C	0x18009188C	ascii	XO4A
0x90CF7	0x1800918F7	ascii	|$@H
0x90D18	0x180091918	ascii	HA^[
0x90D32	0x180091932	ascii	)t$ 
0x90E17	0x180091A17	ascii	T$@A
0x90F2E	0x180091B2E	ascii	T$@A
0x90F93	0x180091B93	ascii	(t$ H
0x90FA3	0x180091BA3	ascii	SUVWH
0x91287	0x180091E87	ascii	(|$pD
0x9128D	0x180091E8D	ascii	(D$`D
0x91293	0x180091E93	ascii	(L$PD
0x91299	0x180091E99	ascii	(T$@H
0x912A4	0x180091EA4	ascii	_^][
0x912B0	0x180091EB0	ascii	@SUVWAVH
0x91546	0x180092146	ascii	 A^_^][
0x91597	0x180092197	ascii	 A^_^][
0x915AC	0x1800921AC	ascii	)|$ 
0x915CB	0x1800921CB	ascii	)t$0
0x916C1	0x1800922C1	ascii	(t$0
0x91705	0x180092305	ascii	(|$ H
0x917D7	0x1800923D7	ascii	)t$ 
0x9185E	0x18009245E	ascii	(t$ H
0x91AE2	0x1800926E2	ascii	\G(H
0x91B28	0x180092728	ascii	\$0H
0x91B2D	0x18009272D	ascii	t$8H
0x91B43	0x180092743	ascii	SUVWH
0x91B6C	0x18009276C	ascii	D$HH
0x91CF4	0x1800928F4	ascii	)T$P
0x91D2F	0x18009292F	ascii	T$8A
0x91DCB	0x1800929CB	ascii	T$@H
0x91E01	0x180092A01	ascii	D8t.
0x91E35	0x180092A35	ascii	(T$PD8t.
0x91E68	0x180092A68	ascii	D8t.
0x91E9B	0x180092A9B	ascii	t$ H
0x91F11	0x180092B11	ascii	t$8H
0x91F6C	0x180092B6C	ascii	L$HH3
0x91F96	0x180092B96	ascii	_^][
0x91FB0	0x180092BB0	ascii	)t$@
0x91FC9	0x180092BC9	ascii	)|$0D
0x91FCF	0x180092BCF	ascii	)D$ 
0x92194	0x180092D94	ascii	(t$@
0x92199	0x180092D99	ascii	(|$0D
0x9219F	0x180092D9F	ascii	(D$ D
0x92476	0x180093076	ascii	(\$0D
0x9247C	0x18009307C	ascii	(D$`A
0x92549	0x180093149	ascii	\B,D
0x925A0	0x1800931A0	ascii	(T$@D
0x925A6	0x1800931A6	ascii	(L$P
0x925AB	0x1800931AB	ascii	(|$p
0x926B0	0x1800932B0	ascii	D$@H
0x92822	0x180093422	ascii	L$ L
0x92832	0x180093432	ascii	L$ A
0x92844	0x180093444	ascii	L$@H3
0x92871	0x180093471	ascii	L$ H
0x928D8	0x1800934D8	ascii	T$@L
0x928EA	0x1800934EA	ascii	T$@A
0x92904	0x180093504	ascii	\$0H
0x92921	0x180093521	ascii	L$ SH
0x9293E	0x18009353E	ascii	L$0H
0x92952	0x180093552	ascii	l$ VWAVH
0x92992	0x180093592	ascii	D$TH
0x92997	0x180093597	ascii	D$(H
0x929A3	0x1800935A3	ascii	D$0H
0x929BC	0x1800935BC	ascii	D$DHc
0x929D6	0x1800935D6	ascii	l$ D
0x929E3	0x1800935E3	ascii	L$@H
0x929FE	0x1800935FE	ascii	D$DH
0x92A49	0x180093649	ascii	L$Pt
0x92AF7	0x1800936F7	ascii	L$0Hk
0x92B3E	0x18009373E	ascii	`A^_^
0x92B79	0x180093779	ascii	\$03
0x92C1B	0x18009381B	ascii	\$0H
0x92C20	0x180093820	ascii	t$8H
0x92C30	0x180093830	ascii	@SUVWAVAWH
0x92C87	0x180093887	ascii	t+Hc
0x92DC5	0x1800939C5	ascii	(A_A^_^][
0x92E23	0x180093A23	ascii	~Afff
0x92E9F	0x180093A9F	ascii	\$0H
0x92EC2	0x180093AC2	ascii	D$8L
0x92EDF	0x180093ADF	ascii	~\Hk
0x92F0E	0x180093B0E	ascii	L$ D
0x92F2C	0x180093B2C	ascii	L$8H3
0x92F4C	0x180093B4C	ascii	L$8H3
0x92F90	0x180093B90	ascii	\$8H
0x92FA4	0x180093BA4	ascii	|$0Hc
0x92FE4	0x180093BE4	ascii	|$0H
0x92FE9	0x180093BE9	ascii	\$8H
0x93028	0x180093C28	ascii	|$0H9
0x93079	0x180093C79	ascii	|$0H
0x930A0	0x180093CA0	ascii	@SUVWH
0x930BD	0x180093CBD	ascii	)t$PH
0x930C5	0x180093CC5	ascii	)|$@H
0x930DA	0x180093CDA	ascii	)D$0
0x930E5	0x180093CE5	ascii	)L$ 
0x93256	0x180093E56	ascii	(t$PH
0x9325E	0x180093E5E	ascii	(|$@D
0x93264	0x180093E64	ascii	(D$0D
0x9326A	0x180093E6A	ascii	(L$ D
0x93277	0x180093E77	ascii	h_^][
0x933CC	0x180093FCC	ascii	)4$I
0x93497	0x180094097	ascii	|$ UH
0x93579	0x180094179	ascii	D$(L
0x93671	0x180094271	ascii	/m'rv
0x9368E	0x18009428E	ascii	/U+rY
0x936CD	0x1800942CD	ascii	M7H3
0x9375C	0x18009435C	ascii	Y5Rm
0x9379C	0x18009439C	ascii	D$(L
0x937B3	0x1800943B3	ascii	D$ H
0x93821	0x180094421	ascii	\$@H
0x9382C	0x18009442C	ascii	t$8H
0x93886	0x180094486	ascii	t$8f
0x9389B	0x18009449B	ascii	\$@H
0x93926	0x180094526	ascii	t$8f
0x9393A	0x18009453A	ascii	\$@H
0x93950	0x180094550	ascii	\$@H
0x93A1A	0x18009461A	ascii	thH9
0x93A45	0x180094645	ascii	\$0H
0x93A86	0x180094686	ascii	\$0H
0x93A95	0x180094695	ascii	VWAVH
0x93B14	0x180094714	ascii	t*H;
0x93B85	0x180094785	ascii	l$HI
0x93C08	0x180094808	ascii	I91t
0x93CE7	0x1800948E7	ascii	\$PH
0x93CED	0x1800948ED	ascii	 A^_^
0x93DAD	0x1800949AD	ascii	l$HH
0x93E0F	0x180094A0F	ascii	\$PH
0x93E15	0x180094A15	ascii	 A^_^
0x93E20	0x180094A20	ascii	@SUVWH
0x93EBD	0x180094ABD	ascii	(_^][
0x93ED0	0x180094AD0	ascii	@SUVWH
0x94064	0x180094C64	ascii	(_^][
0x9417A	0x180094D7A	ascii	)L$`
0x94183	0x180094D83	ascii	)T$PD
0x94189	0x180094D89	ascii	)\$@D
0x9418F	0x180094D8F	ascii	)d$0
0x9419E	0x180094D9E	ascii	)l$ 
0x942B4	0x180094EB4	ascii	(l$ 
0x94304	0x180094F04	ascii	zMuK
0x9430B	0x180094F0B	ascii	zFuD
0x94312	0x180094F12	ascii	z'u%
0x94381	0x180094F81	ascii	(d$0D
0x94387	0x180094F87	ascii	(\$@D
0x9438D	0x180094F8D	ascii	(T$PA;
0x943B2	0x180094FB2	ascii	(L$`
0x943C8	0x180094FC8	ascii	(D$pH
0x943D8	0x180094FD8	ascii	z8u6
0x9441F	0x18009501F	ascii	zrup
0x945D3	0x1800951D3	ascii	|$ w
0x945F0	0x1800951F0	ascii	|$ A
0x94662	0x180095262	ascii	L$$H
0x94779	0x180095379	ascii	T$ I
0x948CC	0x1800954CC	ascii	(t$`
0x948D1	0x1800954D1	ascii	(|$PD
0x948D7	0x1800954D7	ascii	(D$@D
0x948DD	0x1800954DD	ascii	(L$0H
0x949ED	0x1800955ED	ascii	uJE9
0x94A3F	0x18009563F	ascii	tSE9
0x94CDA	0x1800958DA	ascii	\$0H
0x94CF1	0x1800958F1	ascii	\$0H
0x94D2F	0x18009592F	ascii	\$HH
0x94D3E	0x18009593E	ascii	t$@H;
0x94D8E	0x18009598E	ascii	t$@tsD
0x94DEA	0x1800959EA	ascii	\$HH
0x94DFD	0x1800959FD	ascii	\$HH
0x94E1A	0x180095A1A	ascii	\$HH
0x94EC4	0x180095AC4	ascii	)t$`
0x94EC9	0x180095AC9	ascii	)|$PD
0x94ECF	0x180095ACF	ascii	)D$@D
0x94ED5	0x180095AD5	ascii	)L$0
0x94FB2	0x180095BB2	ascii	\L$ 
0x94FC0	0x180095BC0	ascii	\D$$
0x95006	0x180095C06	ascii	(L$0
0x95011	0x180095C11	ascii	(D$@H
0x95026	0x180095C26	ascii	(t$`
0x95045	0x180095C45	ascii	(|$Pw
0x950FC	0x180095CFC	ascii	)t$0
0x95101	0x180095D01	ascii	)|$ 
0x95126	0x180095D26	ascii	Y=<Q
0x951DE	0x180095DDE	ascii	(t$0
0x951E3	0x180095DE3	ascii	(|$ H
0x951F3	0x180095DF3	ascii	SUWAVH
0x9520B	0x180095E0B	ascii	D$pH
0x9525D	0x180095E5D	ascii	D$P@
0x9529B	0x180095E9B	ascii	D$pL;
0x952AA	0x180095EAA	ascii	t$ D
0x9531E	0x180095F1E	ascii	D$LL;
0x95401	0x180096001	ascii	@8hvt
0x95466	0x180096066	ascii	t$$@8
0x95470	0x180096070	ascii	t/@8
0x95479	0x180096079	ascii	t&@8
0x9549E	0x18009609E	ascii	t$$H
0x957ED	0x1800963ED	ascii	t$$D
0x957F3	0x1800963F3	ascii	d$!H
0x95C38	0x180096838	ascii	L$pH3
0x95C4A	0x18009684A	ascii	A^_][
0x95C59	0x180096859	ascii	h VWAWH
0x95CA5	0x1800968A5	ascii	)d$@D8
0x95EF9	0x180096AF9	ascii	)L$pD
0x95EFF	0x180096AFF	ascii	)\$PD
0x95F05	0x180096B05	ascii	)l$0D
0x95F0B	0x180096B0B	ascii	)t$ 
0x95F61	0x180096B61	ascii	D8{vt
0x96391	0x180096F91	ascii	(t$ L
0x963A8	0x180096FA8	ascii	(l$0D
0x963AE	0x180096FAE	ascii	(d$@D
0x963B4	0x180096FB4	ascii	(\$PD
0x963BA	0x180096FBA	ascii	(L$pD
0x96403	0x180097003	ascii	A__^
0x96410	0x180097010	ascii	@SWH
0x9647B	0x18009707B	ascii	t$hL
0x9648A	0x18009708A	ascii	t$PE3
0x96499	0x180097099	ascii	t$TA
0x964A4	0x1800970A4	ascii	|$\H
0x9651E	0x18009711E	ascii	|$0L
0x96523	0x180097123	ascii	t$hH
0x965B7	0x1800971B7	ascii	D$ D
0x967BB	0x1800973BB	ascii	D$TA
0x967CE	0x1800973CE	ascii	D$XH
0x96865	0x180097465	ascii	|$0L
0x9686A	0x18009746A	ascii	t$hH
0x96913	0x180097513	ascii	\$HH
0x9694F	0x18009754F	ascii	\$HH
0x96961	0x180097561	ascii	t$@H
0x96A25	0x180097625	ascii	t$@f
0x96A33	0x180097633	ascii	\$HH
0x96A6F	0x18009766F	ascii	t$@H
0x96A74	0x180097674	ascii	\$HH
0x96A83	0x180097683	ascii	CuE3
0x96A88	0x180097688	ascii	D8Ctu
0x96AB5	0x1800976B5	ascii	D8Ctu
0x96ADA	0x1800976DA	ascii	t$@H
0x96ADF	0x1800976DF	ascii	\$HH
0x96AFA	0x1800976FA	ascii	WAVAWH
0x96B35	0x180097735	ascii	l$Pu
0x96BCA	0x1800977CA	ascii	l$Pu
0x96C85	0x180097885	ascii	\$XH
0x96C8A	0x18009788A	ascii	t$`H
0x96C90	0x180097890	ascii	0A_A^_
0x96CDC	0x1800978DC	ascii	)t$ 
0x96D28	0x180097928	ascii	(t$ 
0x96DBB	0x1800979BB	ascii	(t$ 
0x96E2A	0x180097A2A	ascii	(t$ 
0x97072	0x180097C72	ascii	}:A;
0x970E5	0x180097CE5	ascii	l$0D
0x97147	0x180097D47	ascii	t$8@
0x97153	0x180097D53	ascii	l$0H
0x97158	0x180097D58	ascii	\$@H
0x97173	0x180097D73	ascii	SVWATH
0x97497	0x180098097	ascii	t!E8
0x975AA	0x1800981AA	ascii	)t$@H
0x97724	0x180098324	ascii	\$ f
0x9774F	0x18009834F	ascii	D$(H;
0x97A6A	0x18009866A	ascii	t$XH
0x97BD7	0x1800987D7	ascii	(L$0
0x97BDC	0x1800987DC	ascii	(t$@M
0x97D46	0x180098946	ascii	hA\_^[
0x97D74	0x180098974	ascii	t$p3
0x97D7A	0x18009897A	ascii	)t$@
0x97D7F	0x18009897F	ascii	)|$0H
0x97D85	0x180098985	ascii	\$hH9
0x97E58	0x180098A58	ascii	T$ H
0x97F6B	0x180098B6B	ascii	(|$0
0x97F70	0x180098B70	ascii	(t$@@81t
0x98059	0x180098C59	ascii	L$`I
0x9808D	0x180098C8D	ascii	t$pH
0x98092	0x180098C92	ascii	\$hH
0x98150	0x180098D50	ascii	@SUVWH
0x981D9	0x180098DD9	ascii	(_^][H
0x981EB	0x180098DEB	ascii	(_^][
0x98211	0x180098E11	ascii	L$ H
0x9822D	0x180098E2D	ascii	D$8H
0x98240	0x180098E40	ascii	@SUVWATAUAVAWH
0x98252	0x180098E52	ascii	)t$0I
0x983AC	0x180098FAC	ascii	l$ H
0x98402	0x180099002	ascii	(t$0H
0x98409	0x180099009	ascii	HA_A^A]A\_^][
0x98490	0x180099090	ascii	@SUVWH
0x984BE	0x1800990BE	ascii	D$PH
0x984D9	0x1800990D9	ascii	T$PH
0x98599	0x180099199	ascii	L$PH
0x985C8	0x1800991C8	ascii	D$PL
0x985EE	0x1800991EE	ascii	(_^][
0x98604	0x180099204	ascii	(_^][
0x9866B	0x18009926B	ascii	l$0H
0x98782	0x180099382	ascii	\$8H
0x98832	0x180099432	ascii	\$ H
0x9883F	0x18009943F	ascii	UVWATAUAVAWH
0x9886A	0x18009946A	ascii	D$hE
0x988BF	0x1800994BF	ascii	l$pL
0x98966	0x180099566	ascii	[uwH;
0x98A09	0x180099609	ascii	t$hH
0x98A0E	0x18009960E	ascii	l$pH
0x98A13	0x180099613	ascii	T$`L
0x98A60	0x180099660	ascii	\$xH
0x98A66	0x180099666	ascii	 A_A^A]A\_^]
0x98A80	0x180099680	ascii	@SUVWAVH
0x98B54	0x180099754	ascii	 A^_^][
0x98B60	0x180099760	ascii	@SUVWAVAWH
0x98BCA	0x1800997CA	ascii	Lc?A
0x98C42	0x180099842	ascii	(A_A^_^][
0x98D10	0x180099910	ascii	t7HcP
0x98D76	0x180099976	ascii	D$0I
0x98D88	0x180099988	ascii	L$$H
0x98DA4	0x1800999A4	ascii	L$$f
0x98DB3	0x1800999B3	ascii	L$$H
0x98DBB	0x1800999BB	ascii	D$ H
0x98DD6	0x1800999D6	ascii	L$$f
0x98DE5	0x1800999E5	ascii	D$(H
0x98E0B	0x180099A0B	ascii	D$(H
0x98E2F	0x180099A2F	ascii	L$0H3
0x98E3C	0x180099A3C	ascii	\$PH
0x98F27	0x180099B27	ascii	\$0H
0x98F30	0x180099B30	ascii	@SUVWAVAWH
0x98FC0	0x180099BC0	ascii	t'IcP
0x99017	0x180099C17	ascii	,C(fA
0x9902B	0x180099C2B	ascii	,K<fA
0x991CA	0x180099DCA	ascii	(A_A^_^][
0x991E0	0x180099DE0	ascii	@VWH
0x9922B	0x180099E2B	ascii	\$`3
0x99253	0x180099E53	ascii	t$pA
0x9925E	0x180099E5E	ascii	|$@L
0x99275	0x180099E75	ascii	|$0D
0x9927A	0x180099E7A	ascii	|$(L
0x992CD	0x180099ECD	ascii	|$8H
0x992D9	0x180099ED9	ascii	|$0L
0x992E1	0x180099EE1	ascii	t$(3
0x992FB	0x180099EFB	ascii	|$@L
0x99320	0x180099F20	ascii	l$hH
0x99325	0x180099F25	ascii	\$`H
0x99351	0x180099F51	ascii	D$(A
0x9935F	0x180099F5F	ascii	D$ 3
0x993A0	0x180099FA0	ascii	t$(L
0x993A8	0x180099FA8	ascii	D$ 3
0x993EB	0x180099FEB	ascii	t$HH
0x993F0	0x180099FF0	ascii	\$@H
0x99400	0x18009A000	ascii	@SUVWH
0x9940F	0x18009A00F	ascii	l$(H
0x99414	0x18009A014	ascii	l$ A
0x9945E	0x18009A05E	ascii	|$(H
0x99463	0x18009A063	ascii	\$ A
0x99486	0x18009A086	ascii	l$ E3
0x99524	0x18009A124	ascii	H_^][
0x99532	0x18009A132	ascii	\$ VH
0x99546	0x18009A146	ascii	D$`H
0x99578	0x18009A178	ascii	D$@ 
0x99597	0x18009A197	ascii	L$HH
0x995B6	0x18009A1B6	ascii	D$$@
0x995F2	0x18009A1F2	ascii	L$`H3
0x99621	0x18009A221	ascii	L$ H
0x99640	0x18009A240	ascii	AUAVH
0x99653	0x18009A253	ascii	\$PH
0x99658	0x18009A258	ascii	t$`H
0x99660	0x18009A260	ascii	|$0H
0x99679	0x18009A279	ascii	d$(L
0x9967E	0x18009A27E	ascii	|$ E
0x99703	0x18009A303	ascii	l$XHcC
0x997F3	0x18009A3F3	ascii	l$XD
0x9980C	0x18009A40C	ascii	|$ L
0x99811	0x18009A411	ascii	d$(H
0x99816	0x18009A416	ascii	|$0H
0x9981B	0x18009A41B	ascii	t$`H
0x99820	0x18009A420	ascii	\$Pt I
0x99848	0x18009A448	ascii	8A^A]
0x99853	0x18009A453	ascii	SVWH
0x999C8	0x18009A5C8	ascii	t$ L
0x99A10	0x18009A610	ascii	@SUVWH
0x99A85	0x18009A685	ascii	x7;S
0x99ADF	0x18009A6DF	ascii	(_^][
0x99AE7	0x18009A6E7	ascii	x2D;
0x99B15	0x18009A715	ascii	(_^][
0x99B20	0x18009A720	ascii	(_^][
0x99B32	0x18009A732	ascii	L$ UVATAWH
0x99B66	0x18009A766	ascii	|$xH
0x99B72	0x18009A772	ascii	\$pL
0x99B77	0x18009A777	ascii	t$@A
0x99B9D	0x18009A79D	ascii	D$0D
0x99BA2	0x18009A7A2	ascii	L$6;
0x99BDD	0x18009A7DD	ascii	D$0Hc
0x99C86	0x18009A886	ascii	\$0H
0x99CDC	0x18009A8DC	ascii	l$ L
0x99DD2	0x18009A9D2	ascii	\$pL
0x99DD7	0x18009A9D7	ascii	t$@H
0x99DDC	0x18009A9DC	ascii	|$xH
0x99DE2	0x18009A9E2	ascii	HA_A\^]
0x99F0F	0x18009AB0F	ascii	\$0H
0x9A01B	0x18009AC1B	ascii	\$0H
0x9A020	0x18009AC20	ascii	t$8H
0x9A032	0x18009AC32	ascii	\$ AVH
0x9A040	0x18009AC40	ascii	l$0H
0x9A048	0x18009AC48	ascii	t$8A
0x9A072	0x18009AC72	ascii	t Hi
0x9A09D	0x18009AC9D	ascii	|$@H
0x9A0AF	0x18009ACAF	ascii	t$8H
0x9A0B4	0x18009ACB4	ascii	l$0M
0x9A13B	0x18009AD3B	ascii	\$HH
0x9A180	0x18009AD80	ascii	@SUVWH
0x9A193	0x18009AD93	ascii	~6fff
0x9A25C	0x18009AE5C	ascii	(_^][
0x9A2A7	0x18009AEA7	ascii	t$ WH
0x9A2EF	0x18009AEEF	ascii	t$8H
0x9A3B3	0x18009AFB3	ascii	~7fff
0x9A3F5	0x18009AFF5	ascii	\$@H
0x9A40D	0x18009B00D	ascii	\$0H
0x9A4CB	0x18009B0CB	ascii	|$8L
0x9A4D4	0x18009B0D4	ascii	\$0M
0x9A565	0x18009B165	ascii	t$@H
0x9A5E7	0x18009B1E7	ascii	\$0H
0x9A6F3	0x18009B2F3	ascii	\$@H
0x9A705	0x18009B305	ascii	\$@H
0x9A712	0x18009B312	ascii	\$@H
0x9A838	0x18009B438	ascii	\$8H
0x9A89A	0x18009B49A	ascii	t$0H
0x9A97D	0x18009B57D	ascii	\$8H
0x9A9DA	0x18009B5DA	ascii	t$0H
0x9AABB	0x18009B6BB	ascii	\$8H
0x9ABD3	0x18009B7D3	ascii	\$@H
0x9ABE5	0x18009B7E5	ascii	\$@H
0x9ABF2	0x18009B7F2	ascii	\$@H
0x9AC1E	0x18009B81E	ascii	t$0H
0x9ACD3	0x18009B8D3	ascii	\$8H
0x9ADDB	0x18009B9DB	ascii	\$@H
0x9ADED	0x18009B9ED	ascii	\$@H
0x9ADFA	0x18009B9FA	ascii	\$@H
0x9AE2F	0x18009BA2F	ascii	t$0H
0x9AEE8	0x18009BAE8	ascii	\$8H
0x9AF00	0x18009BB00	ascii	@SUVWAVH
0x9AF98	0x18009BB98	ascii	 A^_^][
0x9B06B	0x18009BC6B	ascii	\$8H
0x9B0F6	0x18009BCF6	ascii	shL;
0x9B108	0x18009BD08	ascii	l$0A
0x9B157	0x18009BD57	ascii	l$0}
0x9B17D	0x18009BD7D	ascii	\$8H
0x9B1AE	0x18009BDAE	ascii	t$0H
0x9B261	0x18009BE61	ascii	\$8H
0x9B30F	0x18009BF0F	ascii	\$0H
0x9B3BF	0x18009BFBF	ascii	\$0H
0x9B4A0	0x18009C0A0	ascii	\$8H
0x9B580	0x18009C180	ascii	\$8H
0x9B5AF	0x18009C1AF	ascii	t$0H
0x9B668	0x18009C268	ascii	\$8H
0x9B69E	0x18009C29E	ascii	t$0H
0x9B753	0x18009C353	ascii	\$8H
0x9B77E	0x18009C37E	ascii	t$0H
0x9B833	0x18009C433	ascii	\$8H
0x9B8C0	0x18009C4C0	ascii	\$0H
0x9B8EF	0x18009C4EF	ascii	t$0H
0x9B9A8	0x18009C5A8	ascii	\$8H
0x9B9C0	0x18009C5C0	ascii	@SUWAVH
0x9B9CB	0x18009C5CB	ascii	\$`E3
0x9BA12	0x18009C612	ascii	)4$f
0x9BB61	0x18009C761	ascii	(4$H
0x9BB66	0x18009C766	ascii	t$@A;
0x9BBE8	0x18009C7E8	ascii	A^_][
0x9BBF2	0x18009C7F2	ascii	L$ H
0x9BBFF	0x18009C7FF	ascii	SATH
0x9BC4B	0x18009C84B	ascii	l$HA
0x9BC53	0x18009C853	ascii	l$`M
0x9BC5C	0x18009C85C	ascii	t$XL
0x9BC66	0x18009C866	ascii	|$PD
0x9BC78	0x18009C878	ascii	D$ B
0x9BC81	0x18009C881	ascii	t$@L
0x9BCB2	0x18009C8B2	ascii	,&E3
0x9BD3E	0x18009C93E	ascii	u!D;
0x9BDA5	0x18009C9A5	ascii	D$ E
0x9BDBC	0x18009C9BC	ascii	l$(M
0x9BDED	0x18009C9ED	ascii	D9d$
0x9BDF8	0x18009C9F8	ascii	D9!|
0x9BED5	0x18009CAD5	ascii	D;t$
0x9BEDF	0x18009CADF	ascii	$u'A;
0x9BF2A	0x18009CB2A	ascii	|$8L
0x9BF2F	0x18009CB2F	ascii	t$@L
0x9BF34	0x18009CB34	ascii	l$HH
0x9BF39	0x18009CB39	ascii	|$PH
0x9BF3E	0x18009CB3E	ascii	t$XH
0x9BF43	0x18009CB43	ascii	l$`L
0x9BF53	0x18009CB53	ascii	hA\[
0x9BF67	0x18009CB67	ascii	hA\[
0x9BF70	0x18009CB70	ascii	@VHcr
0x9C0C0	0x18009CCC0	ascii	w5E;
0x9C100	0x18009CD00	ascii	w9E;
0x9C13E	0x18009CD3E	ascii	uVE;
0x9C260	0x18009CE60	ascii	@SUVWAVH
0x9C2CA	0x18009CECA	ascii	"}""Hc"
0x9C30D	0x18009CF0D	ascii	u*A;
0x9C364	0x18009CF64	ascii	 A^_^][
0x9C3B3	0x18009CFB3	ascii	t$ L
0x9C49B	0x18009D09B	ascii	|$(H
0x9C4B9	0x18009D0B9	ascii	t$ H
0x9C5A7	0x18009D1A7	ascii	l$ VWAVH
0x9C5BE	0x18009D1BE	ascii	D$PI
0x9C5CC	0x18009D1CC	ascii	t$ H
0x9C5D4	0x18009D1D4	ascii	t$0H
0x9C5DC	0x18009D1DC	ascii	L$@A
0x9C5F6	0x18009D1F6	ascii	D$L9D$H}
0x9C616	0x18009D216	ascii	Hct$4
0x9C631	0x18009D231	ascii	t$0L
0x9C652	0x18009D252	ascii	L$<H
0x9C65F	0x18009D25F	ascii	(D$0H
0x9C665	0x18009D265	ascii	T$@A
0x9C671	0x18009D271	ascii	D$@H
0x9C691	0x18009D291	ascii	D$L9D$H}
0x9C6E4	0x18009D2E4	ascii	L$PH3
0x9C6F1	0x18009D2F1	ascii	\$`I
0x9C6FF	0x18009D2FF	ascii	A^_^
0x9C712	0x18009D312	ascii	\$ UVWATAUAVAWH
0x9C8C6	0x18009D4C6	ascii	A_A^A]A\_^]
0x9CB04	0x18009D704	ascii	txHc}
0x9CCF0	0x18009D8F0	ascii	@SUVWATAUAVAWH
0x9CD08	0x18009D908	ascii	i8Lc
0x9CD43	0x18009D943	ascii	A_A^A]A\_^][
0x9CDA1	0x18009D9A1	ascii	A_A^A]A\_^][
0x9CF37	0x18009DB37	ascii	A_A^A]A\_^][
0x9CF6C	0x18009DB6C	ascii	A_A^A]A\_^][
0x9D04B	0x18009DC4B	ascii	A_A^A]A\_^][
0x9D086	0x18009DC86	ascii	A_A^A]A\_^][
0x9D185	0x18009DD85	ascii	L$HH
0x9D18D	0x18009DD8D	ascii	\$@E
0x9D196	0x18009DD96	ascii	T$PMk
0x9D1B1	0x18009DDB1	ascii	L$XfC
0x9D1D5	0x18009DDD5	ascii	D$0fB
0x9D1DF	0x18009DDDF	ascii	D$8fB
0x9D209	0x18009DE09	ascii	D$0Ik
0x9D217	0x18009DE17	ascii	D$8fB
0x9D227	0x18009DE27	ascii	D$PfB
0x9D232	0x18009DE32	ascii	D$XfB
0x9D265	0x18009DE65	ascii	X UVWATAUAVAWH
0x9D2D6	0x18009DED6	ascii	t$xL
0x9D2EA	0x18009DEEA	ascii	D$dH
0x9D361	0x18009DF61	ascii	\$hA
0x9D383	0x18009DF83	ascii	D$P3
0x9D398	0x18009DF98	ascii	l$\H
0x9D4E5	0x18009E0E5	ascii	T$TE3
0x9D4ED	0x18009E0ED	ascii	D$XE3
0x9D508	0x18009E108	ascii	D$pHk
0x9D520	0x18009E120	ascii	L$P9t$\
0x9D533	0x18009E133	ascii	t$HH
0x9D53F	0x18009E13F	ascii	T$8A
0x9D547	0x18009E147	ascii	D$0D
0x9D55D	0x18009E15D	ascii	L$PD
0x9D575	0x18009E175	ascii	D$pH
0x9D57C	0x18009E17C	ascii	T$XHk
0x9D5B0	0x18009E1B0	ascii	D$`3
0x9D5DB	0x18009E1DB	ascii	HcD$dH
0x9D5FA	0x18009E1FA	ascii	D$\D
0x9D60E	0x18009E20E	ascii	t0Ic
0x9D690	0x18009E290	ascii	T$TD
0x9D69D	0x18009E29D	ascii	;t$h
0x9D6BB	0x18009E2BB	ascii	t$HH
0x9D6C7	0x18009E2C7	ascii	T$8A
0x9D6CF	0x18009E2CF	ascii	D$0D
0x9DDA4	0x18009E9A4	ascii	$>Ic
0x9E062	0x18009EC62	ascii	A_A^A]A\_^]
0x9E0C2	0x18009ECC2	ascii	Y$D;
0x9E0EC	0x18009ECEC	ascii	Q D;
0x9E10E	0x18009ED0E	ascii	L$0A;
0x9E11E	0x18009ED1E	ascii	D$8;
0x9E145	0x18009ED45	ascii	D$@E;
0x9E152	0x18009ED52	ascii	T$H;
0x9E15B	0x18009ED5B	ascii	R$D;
0x9E17E	0x18009ED7E	ascii	HcA0Hk
0x9E188	0x18009ED88	ascii	D$0H
0x9E198	0x18009ED98	ascii	D$8f
0x9E1A1	0x18009EDA1	ascii	D$@@
0x9E1B7	0x18009EDB7	ascii	D$Hf
0x9E204	0x18009EE04	ascii	D;I$
0x9E211	0x18009EE11	ascii	I$D;Q
0x9E222	0x18009EE22	ascii	D;I |
0x9E23C	0x18009EE3C	ascii	HcA0H
0x9E242	0x18009EE42	ascii	I(Hk
0x9E2AC	0x18009EEAC	ascii	tYE;C
0x9E2C3	0x18009EEC3	ascii	A;K$
0x9E2D2	0x18009EED2	ascii	K$E;C
0x9E2E5	0x18009EEE5	ascii	A;K |
0x9E307	0x18009EF07	ascii	IcC0I
0x9E30D	0x18009EF0D	ascii	K(Hk
0x9E35F	0x18009EF5F	ascii	tTD;I
0x9E375	0x18009EF75	ascii	A;H$
0x9E384	0x18009EF84	ascii	H$E;H
0x9E397	0x18009EF97	ascii	A;H |
0x9E3B5	0x18009EFB5	ascii	HcA0H
0x9E3BF	0x18009EFBF	ascii	@0Hk
0x9E3E0	0x18009EFE0	ascii	@SUVWAVAWH
0x9E4A3	0x18009F0A3	ascii	t`E;
0x9E51A	0x18009F11A	ascii	XA_A^_^][
0x9E553	0x18009F153	ascii	T$ H
0x9E55C	0x18009F15C	ascii	)D$ 
0x9E56C	0x18009F16C	ascii	D$ I
0x9E57B	0x18009F17B	ascii	)L$0
0x9E580	0x18009F180	ascii	)D$ 
0x9E58F	0x18009F18F	ascii	XA_A^_^][
0x9E5AE	0x18009F1AE	ascii	UVWATAUAVAWH
0x9E6AE	0x18009F2AE	ascii	)T$pf
0x9E6DC	0x18009F2DC	ascii	T$@L
0x9E6E1	0x18009F2E1	ascii	D$PH
0x9E6E6	0x18009F2E6	ascii	D$xL
0x9E723	0x18009F323	ascii	t$xF
0x9E7B3	0x18009F3B3	ascii	T$xD
0x9E815	0x18009F415	ascii	|dHc
0x9E822	0x18009F422	ascii	|WHc
0x9E82F	0x18009F42F	ascii	l$dH
0x9E8C4	0x18009F4C4	ascii	A_A^A]A\_^]
0x9E958	0x18009F558	ascii	,$Hc
0x9E9AB	0x18009F5AB	ascii	L$0H
0x9EA56	0x18009F656	ascii	L$0H
0x9EA9E	0x18009F69E	ascii	L$DL
0x9EB2D	0x18009F72D	ascii	L$0H
0x9EBDD	0x18009F7DD	ascii	L$0H
0x9EC1A	0x18009F81A	ascii	D$HHc
0x9ECDA	0x18009F8DA	ascii	L$0H
0x9ED9F	0x18009F99F	ascii	L$0H
0x9EE0D	0x18009FA0D	ascii	L$DA
0x9EE44	0x18009FA44	ascii	(D$pH
0x9EE79	0x18009FA79	ascii	x#E3
0x9EECE	0x18009FACE	ascii	x$D;
0x9EF05	0x18009FB05	ascii	D$pf
0x9EF26	0x18009FB26	ascii	T$|A
0x9EF2F	0x18009FB2F	ascii	D$H3
0x9EF7D	0x18009FB7D	ascii	)T$pf
0x9EFAF	0x18009FBAF	ascii	D$HfA
0x9EFBE	0x18009FBBE	ascii	T$@L
0x9EFCD	0x18009FBCD	ascii	D$xH
0x9EFE5	0x18009FBE5	ascii	t$xB
0x9F044	0x18009FC44	ascii	XT$`
0x9F0C6	0x18009FCC6	ascii	T$ H
0x9F0E8	0x18009FCE8	ascii	d$`A
0x9F108	0x18009FD08	ascii	XD$H
0x9F116	0x18009FD16	ascii	|$`A
0x9F182	0x18009FD82	ascii	L$0H
0x9F248	0x18009FE48	ascii	T$ H
0x9F26A	0x18009FE6A	ascii	L$DA
0x9F300	0x18009FF00	ascii	T$ H
0x9F369	0x18009FF69	ascii	L$0H
0x9F3BE	0x18009FFBE	ascii	t$xE
0x9F3C7	0x18009FFC7	ascii	T$xH
0x9F3DA	0x18009FFDA	ascii	T$|D
0x9F3E6	0x18009FFE6	ascii	T$@L
0x9F3EB	0x18009FFEB	ascii	D$Pf
0x9F40B	0x1800A000B	ascii	t$xB
0x9F427	0x1800A0027	ascii	t$xB
0x9F448	0x1800A0048	ascii	t$xB
0x9F469	0x1800A0069	ascii	t$xB
0x9F5B0	0x1800A01B0	ascii	@SVWH
0x9F614	0x1800A0214	ascii	l$ H
0x9F63D	0x1800A023D	ascii	t2Hc
0x9F652	0x1800A0252	ascii	D$ H
0x9F65C	0x1800A025C	ascii	D$HH
0x9F6A7	0x1800A02A7	ascii	l$ VWATAVAWH
0x9F6BA	0x1800A02BA	ascii	)|$pD
0x9F6C0	0x1800A02C0	ascii	)D$`H
0x9F71A	0x1800A031A	ascii	\$PL
0x9F73E	0x1800A033E	ascii	E\$8
0x9F743	0x1800A0343	ascii	El$@D
0x9F749	0x1800A0349	ascii	Ed$<
0x9F74E	0x1800A034E	ascii	E\$D
0x9F7EE	0x1800A03EE	ascii	t7fA
0x9F8BC	0x1800A04BC	ascii	L$XH3
0x9F8D8	0x1800A04D8	ascii	(|$pE
0x9F8E4	0x1800A04E4	ascii	A_A^A\_^
0x9F959	0x1800A0559	ascii	)t$ 
0x9F960	0x1800A0560	ascii	t$hv&A
0x9F9C3	0x1800A05C3	ascii	(t$ 
0x9FA3D	0x1800A063D	ascii	(t$ D
0x9FA8A	0x1800A068A	ascii	)t$PE
0x9FAB5	0x1800A06B5	ascii	)l$`D
0x9FABB	0x1800A06BB	ascii	)|$@E
0x9FAE0	0x1800A06E0	ascii	zuusf
0x9FB0F	0x1800A070F	ascii	\$ r3
0x9FB24	0x1800A0724	ascii	t$0H
0x9FDAF	0x1800A09AF	ascii	} Hc
0x9FE95	0x1800A0A95	ascii	L$(M
0x9FEAE	0x1800A0AAE	ascii	D$0A
0x9FEE4	0x1800A0AE4	ascii	t$(M
0x9FF49	0x1800A0B49	ascii	L$(M
0x9FF80	0x1800A0B80	ascii	t$(M
0x9FFAF	0x1800A0BAF	ascii	t$(M
0x9FFDB	0x1800A0BDB	ascii	d$(M
0xA0012	0x1800A0C12	ascii	(|$@L
0xA0029	0x1800A0C29	ascii	(l$`D
0xA002F	0x1800A0C2F	ascii	(d$pD
0xA0060	0x1800A0C60	ascii	(t$PI
0xA00C8	0x1800A0CC8	ascii	|$HH
0xA00EF	0x1800A0CEF	ascii	L$`Ic
0xA0101	0x1800A0D01	ascii	L$@H
0xA011E	0x1800A0D1E	ascii	L$0H
0xA0127	0x1800A0D27	ascii	t$@f
0xA013C	0x1800A0D3C	ascii	A9\$
0xA01F6	0x1800A0DF6	ascii	L$P3
0xA0329	0x1800A0F29	ascii	L$PH
0xA033C	0x1800A0F3C	ascii	|$HH
0xA0346	0x1800A0F46	ascii	T$8L
0xA036C	0x1800A0F6C	ascii	$~`L
0xA0371	0x1800A0F71	ascii	L$8A
0xA03CC	0x1800A0FCC	ascii	|$HH
0xA03D6	0x1800A0FD6	ascii	L$PH
0xA03FB	0x1800A0FFB	ascii	T$0A
0xA0404	0x1800A1004	ascii	T$0E;l$
0xA0520	0x1800A1120	ascii	D$`H
0xA05D2	0x1800A11D2	ascii	t$ W
0xA0769	0x1800A1369	ascii	l$ H
0xA0773	0x1800A1373	ascii	t$(_
0xA0925	0x1800A1525	ascii	\$0H
0xA0935	0x1800A1535	ascii	SWAUAWH
0xA0A3B	0x1800A163B	ascii	t$@E3
0xA0A67	0x1800A1667	ascii	l$xf
0xA0B7E	0x1800A177E	ascii	L$pH
0xA0BA1	0x1800A17A1	ascii	t$@L
0xA0C23	0x1800A1823	ascii	HA_A]_[
0xA0CDF	0x1800A18DF	ascii	)l$P
0xA0D87	0x1800A1987	ascii	|$8A
0xA0D91	0x1800A1991	ascii	t$0A
0xA0DD7	0x1800A19D7	ascii	(d$`D
0xA0DDD	0x1800A19DD	ascii	(\$pD
0xA0E0E	0x1800A1A0E	ascii	(l$PL
0xA0EA6	0x1800A1AA6	ascii	)t$pD
0xA0EBF	0x1800A1ABF	ascii	)|$`
0xA10FC	0x1800A1CFC	ascii	T$8A
0xA1106	0x1800A1D06	ascii	\$0A
0xA128A	0x1800A1E8A	ascii	(t$pL
0xA12C3	0x1800A1EC3	ascii	(|$`I
0xA12D0	0x1800A1ED0	ascii	@SVWAVH
0xA1307	0x1800A1F07	ascii	L$hE3
0xA130E	0x1800A1F0E	ascii	T$pL
0xA1313	0x1800A1F13	ascii	t$xD
0xA1365	0x1800A1F65	ascii	D$hI
0xA13CB	0x1800A1FCB	ascii	T$`f
0xA13EF	0x1800A1FEF	ascii	D$h3
0xA1457	0x1800A2057	ascii	T$XA
0xA1462	0x1800A2062	ascii	T$PH
0xA150B	0x1800A210B	ascii	T$HH
0xA151A	0x1800A211A	ascii	T$@f
0xA1534	0x1800A2134	ascii	\$8A
0xA154A	0x1800A214A	ascii	T$0A
0xA160B	0x1800A220B	ascii	\$pA
0xA1613	0x1800A2213	ascii	D$hI
0xA1659	0x1800A2259	ascii	\$hL
0xA16D9	0x1800A22D9	ascii	D$xH
0xA1752	0x1800A2352	ascii	A^_^[
0xA1770	0x1800A2370	ascii	)t$pI
0xA1785	0x1800A2385	ascii	)|$`M
0xA1807	0x1800A2407	ascii	L$@H
0xA192A	0x1800A252A	ascii	(t$p
0xA192F	0x1800A252F	ascii	(|$`H
0xA1942	0x1800A2542	ascii	\$ UVWAVAWH
0xA1989	0x1800A2589	ascii	d$hL
0xA198E	0x1800A258E	ascii	l$pMc
0xA19A5	0x1800A25A5	ascii	L$ 3
0xA1B93	0x1800A2793	ascii	l$pL
0xA1B98	0x1800A2798	ascii	d$hH
0xA1B9D	0x1800A279D	ascii	L$(H3
0xA1BAA	0x1800A27AA	ascii	\$xH
0xA1BB0	0x1800A27B0	ascii	0A_A^_^]
0xA1BC0	0x1800A27C0	ascii	@SUVWATAVAWH
0xA1BDB	0x1800A27DB	ascii	D$(D
0xA1C0E	0x1800A280E	ascii	l$xM
0xA1C16	0x1800A2816	ascii	L$ 3
0xA1D84	0x1800A2984	ascii	xCff
0xA1E07	0x1800A2A07	ascii	l$xH
0xA1E0C	0x1800A2A0C	ascii	L$(H3
0xA1E1A	0x1800A2A1A	ascii	0A_A^A\_^][
0xA1E33	0x1800A2A33	ascii	SUVWATAUAVAWH
0xA1EE1	0x1800A2AE1	ascii	D$HH
0xA1EE6	0x1800A2AE6	ascii	D$@H
0xA1EEB	0x1800A2AEB	ascii	D$`H
0xA1EF0	0x1800A2AF0	ascii	D$8H
0xA1EF5	0x1800A2AF5	ascii	D$dH
0xA1F50	0x1800A2B50	ascii	D$`H
0xA1F55	0x1800A2B55	ascii	L$pL
0xA201F	0x1800A2C1F	ascii	|$ E
0xA2039	0x1800A2C39	ascii	\$ E
0xA20D3	0x1800A2CD3	ascii	A_A^A]A\_^][
0xA2103	0x1800A2D03	ascii	o<tu
0xA211D	0x1800A2D1D	ascii	U<Ou
0xA223A	0x1800A2E3A	ascii	)<$H
0xA2712	0x1800A3312	ascii	33s?
0xA2A0D	0x1800A360D	ascii	fff?H
0xA2A18	0x1800A3618	ascii	333?
0xA2B53	0x1800A3753	ascii	fff?H
0xA2BD8	0x1800A37D8	ascii	333?
0xA2C32	0x1800A3832	ascii	(<$H
0xA2D84	0x1800A3984	ascii	\$8H
0xA2DB2	0x1800A39B2	ascii	IcPXI
0xA2DC0	0x1800A39C0	ascii	H98t
0xA2E51	0x1800A3A51	ascii	\$0H
0xA2E74	0x1800A3A74	ascii	Q`IcAXM
0xA2E84	0x1800A3A84	ascii	s+I98t
0xA2EC3	0x1800A3AC3	ascii	\$0H
0xA2EC8	0x1800A3AC8	ascii	ZXD;
0xA2F07	0x1800A3B07	ascii	\$0H
0xA2F10	0x1800A3B10	ascii	@SUVWH
0xA305C	0x1800A3C5C	ascii	T$ H
0xA3061	0x1800A3C61	ascii	D$`H
0xA309A	0x1800A3C9A	ascii	x_^][
0xA320B	0x1800A3E0B	ascii	\$0H
0xA3265	0x1800A3E65	ascii	D$DA;
0xA32A1	0x1800A3EA1	ascii	(D$@H
0xA32E0	0x1800A3EE0	ascii	@SUVWAVH
0xA32EA	0x1800A3EEA	ascii	 Lc1H
0xA3308	0x1800A3F08	ascii	H;A`u
0xA3312	0x1800A3F12	ascii	H;AhtRH
0xA331B	0x1800A3F1B	ascii	 A^_^][
0xA3362	0x1800A3F62	ascii	 A^_^][
0xA3375	0x1800A3F75	ascii	 A^_^][
0xA338A	0x1800A3F8A	ascii	WAVAWH
0xA3392	0x1800A3F92	ascii	 Lc9H
0xA33AF	0x1800A3FAF	ascii	FxI9F
0xA33B9	0x1800A3FB9	ascii	FpI9F
0xA3423	0x1800A4023	ascii	l$@H
0xA3428	0x1800A4028	ascii	\$HH
0xA342D	0x1800A402D	ascii	t$PH
0xA3433	0x1800A4033	ascii	 A_A^_
0xA34E9	0x1800A40E9	ascii	)t$P
0xA34F3	0x1800A40F3	ascii	)|$@D
0xA34F9	0x1800A40F9	ascii	)D$0D
0xA34FF	0x1800A40FF	ascii	)L$ 
0xA35D3	0x1800A41D3	ascii	(t$P
0xA35D8	0x1800A41D8	ascii	(|$@D
0xA35DE	0x1800A41DE	ascii	(D$0D
0xA35E4	0x1800A41E4	ascii	(L$ H
0xA3600	0x1800A4200	ascii	@SUVWAVAWH
0xA3629	0x1800A4229	ascii	t6Hc
0xA3670	0x1800A4270	ascii	Lc{ 
0xA36AE	0x1800A42AE	ascii	C(Lc{
0xA36F7	0x1800A42F7	ascii	(A_A^_^][
0xA3736	0x1800A4336	ascii	)t$0
0xA374A	0x1800A434A	ascii	)|$ 
0xA3788	0x1800A4388	ascii	CHfD
0xA37A1	0x1800A43A1	ascii	L$xfD
0xA3835	0x1800A4435	ascii	(t$0
0xA3843	0x1800A4443	ascii	(|$ 
0xA3865	0x1800A4465	ascii	K SVWAVH
0xA3912	0x1800A4512	ascii	)T$pD
0xA3918	0x1800A4518	ascii	)l$@
0xA39E6	0x1800A45E6	ascii	C8E3
0xA3C69	0x1800A4869	ascii	D8T$ 
0xA3E09	0x1800A4A09	ascii	D$0A
0xA3E21	0x1800A4A21	ascii	)\$`
0xA3E3B	0x1800A4A3B	ascii	)d$P
0xA3F70	0x1800A4B70	ascii	CHfD
0xA3F90	0x1800A4B90	ascii	CHfD
0xA3F99	0x1800A4B99	ascii	CHfD
0xA3FA2	0x1800A4BA2	ascii	CHfD
0xA3FB8	0x1800A4BB8	ascii	CHfD
0xA3FC1	0x1800A4BC1	ascii	CHfD
0xA3FCF	0x1800A4BCF	ascii	CHfD
0xA3FD8	0x1800A4BD8	ascii	CHfD
0xA3FE1	0x1800A4BE1	ascii	CHfD
0xA3FF2	0x1800A4BF2	ascii	CHfD
0xA3FFB	0x1800A4BFB	ascii	CHfD
0xA400F	0x1800A4C0F	ascii	CHfD
0xA4036	0x1800A4C36	ascii	(d$PD
0xA403C	0x1800A4C3C	ascii	(\$`D
0xA404A	0x1800A4C4A	ascii	d$(A
0xA40EE	0x1800A4CEE	ascii	C@P;
0xA41E5	0x1800A4DE5	ascii	L$0E
0xA42EE	0x1800A4EEE	ascii	CHfD
0xA42F7	0x1800A4EF7	ascii	CHD8
0xA4301	0x1800A4F01	ascii	t&fD
0xA430A	0x1800A4F0A	ascii	CHfD
0xA4313	0x1800A4F13	ascii	CHfD
0xA435A	0x1800A4F5A	ascii	CHfD
0xA4363	0x1800A4F63	ascii	CHfD
0xA436C	0x1800A4F6C	ascii	CHfD
0xA43A8	0x1800A4FA8	ascii	d$(D8
0xA43BB	0x1800A4FBB	ascii	C8HcT$,H
0xA4435	0x1800A5035	ascii	C@(D;
0xA44BC	0x1800A50BC	ascii	C@<D;
0xA44CA	0x1800A50CA	ascii	L$0H
0xA44D3	0x1800A50D3	ascii	D$$D
0xA44D8	0x1800A50D8	ascii	(l$@D
0xA44DE	0x1800A50DE	ascii	(T$pL
0xA4678	0x1800A5278	ascii	C@Pf
0xA4714	0x1800A5314	ascii	A^_^[
0xA472D	0x1800A532D	ascii	SVWAVH
0xA4798	0x1800A5398	ascii	)t$pA
0xA47A4	0x1800A53A4	ascii	)|$`E
0xA47B2	0x1800A53B2	ascii	)\$ 
0xA4984	0x1800A5584	ascii	}WHc
0xA4A71	0x1800A5671	ascii	C@fE
0xA4B00	0x1800A5700	ascii	C@(fD
0xA4B37	0x1800A5737	ascii	CHfD
0xA4B4E	0x1800A574E	ascii	(\$ D
0xA4B54	0x1800A5754	ascii	(D$P
0xA4B59	0x1800A5759	ascii	(|$`
0xA4B5E	0x1800A575E	ascii	(t$pL
0xA4C20	0x1800A5820	ascii	(L$@D
0xA4C26	0x1800A5826	ascii	(T$0H
0xA4C31	0x1800A5831	ascii	A^_^[
0xA4C40	0x1800A5840	ascii	@SWATAVH
0xA4C57	0x1800A5857	ascii	)t$ L
0xA4C6E	0x1800A586E	ascii	FPD;
0xA4C9F	0x1800A589F	ascii	IcVPI
0xA4CB4	0x1800A58B4	ascii	(t$ H
0xA4CBB	0x1800A58BB	ascii	8A^A\_[
0xA4CCD	0x1800A58CD	ascii	t$hL
0xA4CD2	0x1800A58D2	ascii	l$xL
0xA4D0E	0x1800A590E	ascii	T$pD
0xA4DAE	0x1800A59AE	ascii	T$pL
0xA4DB3	0x1800A59B3	ascii	|$0E
0xA4DBC	0x1800A59BC	ascii	l$xHc
0xA4EA0	0x1800A5AA0	ascii	t$hE
0xA4EFF	0x1800A5AFF	ascii	(t$ H
0xA4F06	0x1800A5B06	ascii	8A^A\_[
0xA4F15	0x1800A5B15	ascii	WAVAWH
0xA4F34	0x1800A5B34	ascii	)D$PD
0xA4F42	0x1800A5B42	ascii	)T$0D
0xA4F7F	0x1800A5B7F	ascii	IcWPI
0xA4FB4	0x1800A5BB4	ascii	)L$@
0xA4FD7	0x1800A5BD7	ascii	)t$p
0xA4FE1	0x1800A5BE1	ascii	)|$`
0xA4FEC	0x1800A5BEC	ascii	)\$ fD
0xA5074	0x1800A5C74	ascii	IcOP
0xA5097	0x1800A5C97	ascii	(\$ 
0xA509C	0x1800A5C9C	ascii	(|$`
0xA50A1	0x1800A5CA1	ascii	(t$pH
0xA50B7	0x1800A5CB7	ascii	(L$@H
0xA50C5	0x1800A5CC5	ascii	(D$PD
0xA50CB	0x1800A5CCB	ascii	(T$0H
0xA50D6	0x1800A5CD6	ascii	A_A^_
0xA50FC	0x1800A5CFC	ascii	\$@H
0xA5104	0x1800A5D04	ascii	ITD;
0xA5146	0x1800A5D46	ascii	\$@H
0xA5150	0x1800A5D50	ascii	D$`F
0xA5180	0x1800A5D80	ascii	@SUWAWH
0xA519A	0x1800A5D9A	ascii	)L$PH
0xA51A7	0x1800A5DA7	ascii	)T$@A
0xA51BA	0x1800A5DBA	ascii	EPD;
0xA51EC	0x1800A5DEC	ascii	HcUPI
0xA5238	0x1800A5E38	ascii	)|$pD
0xA523E	0x1800A5E3E	ascii	)D$`
0xA5428	0x1800A6028	ascii	HcMPH
0xA5449	0x1800A6049	ascii	D$0H
0xA5462	0x1800A6062	ascii	d$ A
0xA54EE	0x1800A60EE	ascii	HcMPH
0xA5514	0x1800A6114	ascii	(|$pD
0xA551A	0x1800A611A	ascii	(D$`D
0xA5520	0x1800A6120	ascii	(L$PD
0xA5526	0x1800A6126	ascii	(T$@H
0xA5531	0x1800A6131	ascii	A__][
0xA55B0	0x1800A61B0	ascii	@SUVWATAVAWH
0xA55D9	0x1800A61D9	ascii	)D$`L
0xA55EF	0x1800A61EF	ascii	)L$P
0xA55FF	0x1800A61FF	ascii	)T$@D
0xA5605	0x1800A6205	ascii	)\$0
0xA5653	0x1800A6253	ascii	)|$p
0xA565E	0x1800A625E	ascii	)d$ fD
0xA5709	0x1800A6309	ascii	IcOP
0xA572C	0x1800A632C	ascii	(d$ 
0xA5731	0x1800A6331	ascii	(|$p
0xA573F	0x1800A633F	ascii	(D$`D
0xA5745	0x1800A6345	ascii	(L$PD
0xA574B	0x1800A634B	ascii	(T$@D
0xA5751	0x1800A6351	ascii	(\$0H
0xA575C	0x1800A635C	ascii	A_A^A\_^][
0xA57FF	0x1800A63FF	ascii	)t$pD
0xA5805	0x1800A6405	ascii	)|$`A
0xA5A65	0x1800A6665	ascii	(t$pL
0xA5A9F	0x1800A669F	ascii	(|$`I
0xA5ACC	0x1800A66CC	ascii	)t$`L
0xA5B97	0x1800A6797	ascii	)|$P
0xA5BB6	0x1800A67B6	ascii	)D$@A
0xA5C0D	0x1800A680D	ascii	T$0H
0xA5C2A	0x1800A682A	ascii	T$0A
0xA5CD7	0x1800A68D7	ascii	(D$@
0xA5E15	0x1800A6A15	ascii	(|$PL
0xA5E1B	0x1800A6A1B	ascii	\$pI
0xA5E27	0x1800A6A27	ascii	(t$`I
0xA5E56	0x1800A6A56	ascii	p AVH
0xA5ECF	0x1800A6ACF	ascii	HcNPH
0xA5F02	0x1800A6B02	ascii	(t$PA;
0xA5F2E	0x1800A6B2E	ascii	HcNP3
0xA5F6F	0x1800A6B6F	ascii	(D$0L
0xA5F75	0x1800A6B75	ascii	\$`I
0xA5F7D	0x1800A6B7D	ascii	(|$@H
0xA5F8F	0x1800A6B8F	ascii	|$xI
0xA6029	0x1800A6C29	ascii	\$0L
0xA6034	0x1800A6C34	ascii	d$4H
0xA6086	0x1800A6C86	ascii	\$PH
0xA609D	0x1800A6C9D	ascii	SUVWH
0xA60DD	0x1800A6CDD	ascii	L$ H
0xA6105	0x1800A6D05	ascii	H_^][
0xA6111	0x1800A6D11	ascii	)t$0A
0xA6208	0x1800A6E08	ascii	(t$0
0xA6220	0x1800A6E20	ascii	H_^][
0xA6230	0x1800A6E30	ascii	@SUVWATAVAWH
0xA6280	0x1800A6E80	ascii	)t$0A
0xA628B	0x1800A6E8B	ascii	)|$ 
0xA63BB	0x1800A6FBB	ascii	(|$ D
0xA63CC	0x1800A6FCC	ascii	(t$0H
0xA63D3	0x1800A6FD3	ascii	@A_A^A\_^][
0xA63E5	0x1800A6FE5	ascii	ATAVAWH
0xA6412	0x1800A7012	ascii	\$PH
0xA644B	0x1800A704B	ascii	HcVPH
0xA6462	0x1800A7062	ascii	NTD;
0xA6490	0x1800A7090	ascii	HcVPH
0xA64A7	0x1800A70A7	ascii	FTA;
0xA64D1	0x1800A70D1	ascii	HcVPH
0xA64E0	0x1800A70E0	ascii	D$xD
0xA64E5	0x1800A70E5	ascii	L$pH
0xA650F	0x1800A710F	ascii	|$XH
0xA6520	0x1800A7120	ascii	t$`H
0xA6526	0x1800A7126	ascii	0A_A^A\
0xA6535	0x1800A7135	ascii	ATAVAWH
0xA6562	0x1800A7162	ascii	\$@H
0xA659B	0x1800A719B	ascii	HcVPH
0xA65B2	0x1800A71B2	ascii	NTD;
0xA65E0	0x1800A71E0	ascii	HcVPH
0xA65F7	0x1800A71F7	ascii	FTA;
0xA6621	0x1800A7221	ascii	HcVPH
0xA662F	0x1800A722F	ascii	L$`H
0xA664B	0x1800A724B	ascii	|$HH
0xA665C	0x1800A725C	ascii	t$PH
0xA6662	0x1800A7262	ascii	 A_A^A\
0xA66AA	0x1800A72AA	ascii	D$ 0
0xA6722	0x1800A7322	ascii	\$@H
0xA6730	0x1800A7330	ascii	@UWAVAWH
0xA67A0	0x1800A73A0	ascii	HcWPH
0xA67AA	0x1800A73AA	ascii	|$PH
0xA67B1	0x1800A73B1	ascii	HcOPH
0xA6848	0x1800A7448	ascii	D$(D
0xA6864	0x1800A7464	ascii	hA_A^_]
0xA6877	0x1800A7477	ascii	t$ ATAVAWH
0xA68AB	0x1800A74AB	ascii	l$`H
0xA68B0	0x1800A74B0	ascii	|$hH9B
0xA68BB	0x1800A74BB	ascii	ApH9
0xA6956	0x1800A7556	ascii	t$(H
0xA696B	0x1800A756B	ascii	l$`tEHc
0xA6980	0x1800A7580	ascii	D$0H
0xA699E	0x1800A759E	ascii	D$0H
0xA69A3	0x1800A75A3	ascii	D$0H
0xA69B7	0x1800A75B7	ascii	|$hH
0xA69BC	0x1800A75BC	ascii	\$pH
0xA69C1	0x1800A75C1	ascii	t$xH
0xA69C7	0x1800A75C7	ascii	@A_A^A\
0xA69D7	0x1800A75D7	ascii	l$ WATAWH
0xA6A1E	0x1800A761E	ascii	t$xH
0xA6A23	0x1800A7623	ascii	t$pH9B
0xA6A2E	0x1800A762E	ascii	ApH9
0xA6AF8	0x1800A76F8	ascii	D$(L
0xA6B0D	0x1800A770D	ascii	t$xtCHc
0xA6B20	0x1800A7720	ascii	l$@H
0xA6B3E	0x1800A773E	ascii	D$@H
0xA6B43	0x1800A7743	ascii	D$@H
0xA6B57	0x1800A7757	ascii	t$pL
0xA6B5C	0x1800A775C	ascii	\$PI
0xA6B6A	0x1800A776A	ascii	A_A\_
0xA6B81	0x1800A7781	ascii	l$0H
0xA6B86	0x1800A7786	ascii	D$(H
0xA6B97	0x1800A7797	ascii	)D$@
0xA6BCB	0x1800A77CB	ascii	\$0f
0xA6C10	0x1800A7810	ascii	\$0H
0xA6C26	0x1800A7826	ascii	l$8H
0xA6C2B	0x1800A782B	ascii	t$@H
0xA6C40	0x1800A7840	ascii	@SUWAVAWH
0xA6CBC	0x1800A78BC	ascii	t$PL
0xA6CC1	0x1800A78C1	ascii	d$hE3
0xA6D51	0x1800A7951	ascii	d$hH
0xA6D56	0x1800A7956	ascii	t$PH
0xA6D5C	0x1800A795C	ascii	 A_A^_][
0xA6D7B	0x1800A797B	ascii	ATAWH
0xA6DC9	0x1800A79C9	ascii	L$(H
0xA6DE8	0x1800A79E8	ascii	L$(u
0xA6E06	0x1800A7A06	ascii	L$(A
0xA6EF6	0x1800A7AF6	ascii	E(Ic
0xA7038	0x1800A7C38	ascii	l$(A
0xA7068	0x1800A7C68	ascii	,HA9w
0xA706E	0x1800A7C6E	ascii	~XHc
0xA70CE	0x1800A7CCE	ascii	t$8H
0xA70D3	0x1800A7CD3	ascii	|$HH
0xA70D8	0x1800A7CD8	ascii	t$PH
0xA70DD	0x1800A7CDD	ascii	\$`I
0xA70E2	0x1800A7CE2	ascii	l$HH
0xA7108	0x1800A7D08	ascii	T$`H
0xA7115	0x1800A7D15	ascii	l$@H
0xA7146	0x1800A7D46	ascii	hA_A\
0xA716E	0x1800A7D6E	ascii	hA_A\
0xA7260	0x1800A7E60	ascii	@SVWH
0xA72B8	0x1800A7EB8	ascii	HcHD
0xA732E	0x1800A7F2E	ascii	 _^[
0xA734D	0x1800A7F4D	ascii	)t$P
0xA7355	0x1800A7F55	ascii	)|$@D
0xA735B	0x1800A7F5B	ascii	)D$0
0xA7372	0x1800A7F72	ascii	)L$ D
0xA73E4	0x1800A7FE4	ascii	Q(Ic
0xA7617	0x1800A8217	ascii	(t$P
0xA761C	0x1800A821C	ascii	(|$@D
0xA7622	0x1800A8222	ascii	(D$0D
0xA7628	0x1800A8228	ascii	(L$ D
0xA76D7	0x1800A82D7	ascii	\$0H
0xA76E2	0x1800A82E2	ascii	\$0H
0xA7700	0x1800A8300	ascii	@SUVWH
0xA7717	0x1800A8317	ascii	_HHcG@H
0xA7946	0x1800A8546	ascii	(_^][
0xA7950	0x1800A8550	ascii	@SUVWAVAWH
0xA795F	0x1800A855F	ascii	qpE3
0xA7964	0x1800A8564	ascii	HcAhH
0xA7996	0x1800A8596	ascii	^(HcF H
0xA79A3	0x1800A85A3	ascii	t>fff
0xA79F3	0x1800A85F3	ascii	HcGxH
0xA7A1D	0x1800A861D	ascii	wpHcGhH
0xA7B5F	0x1800A875F	ascii	(A_A^_^][
0xA7B86	0x1800A8786	ascii	HcAhH
0xA7BBB	0x1800A87BB	ascii	9sh~
0xA7BC2	0x1800A87C2	ascii	KpHc
0xA7BD2	0x1800A87D2	ascii	;{h|
0xA7C90	0x1800A8890	ascii	\$0H
0xA7C95	0x1800A8895	ascii	t$8H
0xA7CA0	0x1800A88A0	ascii	@SUVWATAVAWH
0xA7D1F	0x1800A891F	ascii	OpHcGhH
0xA7F6D	0x1800A8B6D	ascii	LcG@L+
0xA7FCE	0x1800A8BCE	ascii	 A_A^A\_^][
0xA7FEB	0x1800A8BEB	ascii	Y(HcQ4
0xA8330	0x1800A8F30	ascii	@SUVWAUAVAWH
0xA837B	0x1800A8F7B	ascii	K:A;
0xA83B0	0x1800A8FB0	ascii	fA99f
0xA83C6	0x1800A8FC6	ascii	K4E;
0xA83D7	0x1800A8FD7	ascii	[<f+
0xA83DC	0x1800A8FDC	ascii	f9s0f
0xA83E9	0x1800A8FE9	ascii	BC0f9{2
0xA8406	0x1800A9006	ascii	S0fD
0xA8414	0x1800A9014	ascii	K6fD+
0xA8420	0x1800A9020	ascii	S4A;
0xA8450	0x1800A9050	ascii	C@D;
0xA8481	0x1800A9081	ascii	HcK@H
0xA84A3	0x1800A90A3	ascii	 A_A^A]_^][
0xA84B0	0x1800A90B0	ascii	@SUVWATAUAVAWH
0xA84CD	0x1800A90CD	ascii	D$0H
0xA84EE	0x1800A90EE	ascii	D8k5
0xA8504	0x1800A9104	ascii	D$(H
0xA85AC	0x1800A91AC	ascii	LcFhH
0xA863C	0x1800A923C	ascii	~lHcNhH
0xA8658	0x1800A9258	ascii	HcNhH
0xA86B7	0x1800A92B7	ascii	HcFxI
0xA8752	0x1800A9352	ascii	~|HcFx
0xA87BB	0x1800A93BB	ascii	HcNxL
0xA87D4	0x1800A93D4	ascii	M9nxu
0xA87E3	0x1800A93E3	ascii	E D;
0xA880F	0x1800A940F	ascii	HcM H
0xA8826	0x1800A9426	ascii	E8n4u'Ic~0I
0xA8862	0x1800A9462	ascii	fD9/t
0xA8876	0x1800A9476	ascii	fD9(u
0xA88D4	0x1800A94D4	ascii	M E8n5u
0xA88FE	0x1800A94FE	ascii	L$0H3
0xA890C	0x1800A950C	ascii	HA_A^A]A\_^][
0xA8988	0x1800A9588	ascii	(D$P
0xA899D	0x1800A959D	ascii	(D$p
0xA8AAD	0x1800A96AD	ascii	)D$P
0xA8AB2	0x1800A96B2	ascii	)\$@
0xA8ABF	0x1800A96BF	ascii	)L$ 
0xA8AC4	0x1800A96C4	ascii	)T$0
0xA8AC9	0x1800A96C9	ascii	)d$`
0xA8ACE	0x1800A96CE	ascii	)l$p
0xA8AE1	0x1800A96E1	ascii	\$Hv
0xA8AEA	0x1800A96EA	ascii	T$\H
0xA8AEF	0x1800A96EF	ascii	T$ H
0xA8B40	0x1800A9740	ascii	@UWAVH
0xA8B69	0x1800A9769	ascii	\$@L
0xA8B6E	0x1800A976E	ascii	|$PE3
0xA8B9A	0x1800A979A	ascii	H9{hu
0xA8BA2	0x1800A97A2	ascii	{hH9
0xA8C12	0x1800A9812	ascii	H98u
0xA8C32	0x1800A9832	ascii	|$PH
0xA8C37	0x1800A9837	ascii	t$HH
0xA8C3C	0x1800A983C	ascii	\$@H
0xA8C42	0x1800A9842	ascii	 A^_]
0xA8C50	0x1800A9850	ascii	@SUVWH
0xA8C8D	0x1800A988D	ascii	8_^][
0xA8CEA	0x1800A98EA	ascii	L$(H
0xA8CFF	0x1800A98FF	ascii	8_^][
0xA8D2F	0x1800A992F	ascii	\$0H
0xA8E70	0x1800A9A70	ascii	@WAWH
0xA8E8B	0x1800A9A8B	ascii	HcAhH
0xA8E91	0x1800A9A91	ascii	l$HL
0xA8E96	0x1800A9A96	ascii	d$XE3
0xA8E9E	0x1800A9A9E	ascii	t$ L
0xA8EA7	0x1800A9AA7	ascii	\$@H
0xA8EAC	0x1800A9AAC	ascii	t$PI
0xA8EE2	0x1800A9AE2	ascii	^(HcF H
0xA8F61	0x1800A9B61	ascii	d$XL
0xA8F9D	0x1800A9B9D	ascii	wpHcGhI
0xA8FB5	0x1800A9BB5	ascii	X(Hc@ H
0xA9009	0x1800A9C09	ascii	wpHcGhM
0xA9025	0x1800A9C25	ascii	^(HcF H
0xA9062	0x1800A9C62	ascii	t$PH
0xA9067	0x1800A9C67	ascii	\$@H
0xA906C	0x1800A9C6C	ascii	l$HL
0xA9071	0x1800A9C71	ascii	t$ H
0xA9077	0x1800A9C77	ascii	(A__
0xA9080	0x1800A9C80	ascii	ATAWH
0xA9098	0x1800A9C98	ascii	ypHcAhM
0xA90AD	0x1800A9CAD	ascii	\$`H
0xA90B2	0x1800A9CB2	ascii	l$hH
0xA90B7	0x1800A9CB7	ascii	t$pH
0xA90BC	0x1800A9CBC	ascii	|$@L
0xA90C1	0x1800A9CC1	ascii	l$8A
0xA90D0	0x1800A9CD0	ascii	)t$ 
0xA90FF	0x1800A9CFF	ascii	HcH H;
0xA910A	0x1800A9D0A	ascii	H(fD9,Qu
0xA9127	0x1800A9D27	ascii	HcG H;
0xA9132	0x1800A9D32	ascii	G(fD9,Pu
0xA9148	0x1800A9D48	ascii	s(HcC I
0xA9193	0x1800A9D93	ascii	w,HcG 
0xA91A3	0x1800A9DA3	ascii	G(fD9,Pu
0xA91E5	0x1800A9DE5	ascii	(t$ L
0xA91EB	0x1800A9DEB	ascii	t$0L
0xA91F0	0x1800A9DF0	ascii	l$8H
0xA91F5	0x1800A9DF5	ascii	|$@H
0xA91FA	0x1800A9DFA	ascii	t$pH
0xA91FF	0x1800A9DFF	ascii	l$hH
0xA9204	0x1800A9E04	ascii	\$`H
0xA920A	0x1800A9E0A	ascii	HA_A\
0xA9217	0x1800A9E17	ascii	t$ WH
0xA9221	0x1800A9E21	ascii	YpHcAhH
0xA9229	0x1800A9E29	ascii	l$0H
0xA923A	0x1800A9E3A	ascii	t$8E3
0xA926A	0x1800A9E6A	ascii	w H;
0xA9273	0x1800A9E73	ascii	t$8H
0xA927D	0x1800A9E7D	ascii	HcExH
0xA9283	0x1800A9E83	ascii	l$0H
0xA9294	0x1800A9E94	ascii	t_ff
0xA92A9	0x1800A9EA9	ascii	C D;
0xA92DA	0x1800A9EDA	ascii	HcK H
0xA92EE	0x1800A9EEE	ascii	C H;
0xA92F7	0x1800A9EF7	ascii	\$@H
0xA92FC	0x1800A9EFC	ascii	t$HH
0xA9310	0x1800A9F10	ascii	@SUVWATAUAVAWH
0xA93EE	0x1800A9FEE	ascii	L$ I
0xA93FC	0x1800A9FFC	ascii	d$:D
0xA9436	0x1800AA036	ascii	O$Hc
0xA945B	0x1800AA05B	ascii	O$Hc
0xA948B	0x1800AA08B	ascii	\$0L
0xA94C9	0x1800AA0C9	ascii	G$Lc
0xA94D4	0x1800AA0D4	ascii	@yL;
0xA94E0	0x1800AA0E0	ascii	CyI;
0xA9508	0x1800AA108	ascii	oH f
0xA9518	0x1800AA118	ascii	o@0f
0xA953B	0x1800AA13B	ascii	DD$0A
0xA956F	0x1800AA16F	ascii	G$Lc
0xA95FD	0x1800AA1FD	ascii	j$Lc
0xA9608	0x1800AA208	ascii	ByL;
0xA9614	0x1800AA214	ascii	AyH;
0xA9639	0x1800AA239	ascii	oJ f
0xA9648	0x1800AA248	ascii	oB0f
0xA969B	0x1800AA29B	ascii	j$Lc
0xA9744	0x1800AA344	ascii	XA_A^A]A\_^][
0xA9798	0x1800AA398	ascii	D$ M
0xA97CA	0x1800AA3CA	ascii	L$ H
0xA97DE	0x1800AA3DE	ascii	)t$@I
0xA9834	0x1800AA434	ascii	M$Hc
0xA9895	0x1800AA495	ascii	M$Lc
0xA9972	0x1800AA572	ascii	(t$@L
0xA9978	0x1800AA578	ascii	|$PH
0xA997D	0x1800AA57D	ascii	t$hH
0xA998F	0x1800AA58F	ascii	|$$3
0xA9997	0x1800AA597	ascii	"D$""D"
0xA9A45	0x1800AA645	ascii	|$`L
0xA9A4A	0x1800AA64A	ascii	l$XH
0xA9A4F	0x1800AA64F	ascii	L$8H3
0xA9A70	0x1800AA670	ascii	@UWH
0xA9A81	0x1800AA681	ascii	\$hH
0xA9AB8	0x1800AA6B8	ascii	t$0f
0xA9ACA	0x1800AA6CA	ascii	L$.f
0xA9AF4	0x1800AA6F4	ascii	D$0H;
0xA9B16	0x1800AA716	ascii	"D$""& "
0xA9B41	0x1800AA741	ascii	D$&H;
0xA9B56	0x1800AA756	ascii	t$0H
0xA9B5B	0x1800AA75B	ascii	\$hu
0xA9C8E	0x1800AA88E	ascii	\$0H
0xA9CA0	0x1800AA8A0	ascii	@UVWAVH
0xA9CB9	0x1800AA8B9	ascii	L$`H
0xA9CED	0x1800AA8ED	ascii	A^_^]
0xA9DAD	0x1800AA9AD	ascii	hhE3
0xA9E03	0x1800AAA03	ascii	d$@L
0xA9E3A	0x1800AAA3A	ascii	D$hI
0xA9E5F	0x1800AAA5F	ascii	D$0E
0xA9EE6	0x1800AAAE6	ascii	d$@L
0xA9EEF	0x1800AAAEF	ascii	D$0L
0xA9EF4	0x1800AAAF4	ascii	L$PC
0xA9F28	0x1800AAB28	ascii	L$`L
0xA9F3C	0x1800AAB3C	ascii	D$(D
0xA9F53	0x1800AAB53	ascii	D$hL
0xA9F6D	0x1800AAB6D	ascii	A^_^]
0xA9FD3	0x1800AABD3	ascii	L$8H
0xAA008	0x1800AAC08	ascii	L$ E3
0xAA011	0x1800AAC11	ascii	D$$H
0xAA02B	0x1800AAC2B	ascii	.H+K8H
0xAA04D	0x1800AAC4D	ascii	\$`H
0xAA060	0x1800AAC60	ascii	@SUVWATAVAWH
0xAA070	0x1800AAC70	ascii	z  H
0xAA08D	0x1800AAC8D	ascii	P@fA;
0xAA0A0	0x1800AACA0	ascii	HfA;
0xAA0FB	0x1800AACFB	ascii	t0fA;
0xAA140	0x1800AAD40	ascii	D$(L
0xAA145	0x1800AAD45	ascii	L$ E3
0xAA162	0x1800AAD62	ascii	D$ @
0xAA17D	0x1800AAD7D	ascii	PA_A^A\_^][
0xAA193	0x1800AAD93	ascii	SUVWAVAWH
0xAA21B	0x1800AAE1B	ascii	t$pL
0xAA27A	0x1800AAE7A	ascii	D$`A
0xAA33E	0x1800AAF3E	ascii	K(HcC L
0xAA34B	0x1800AAF4B	ascii	t8E3
0xAA38D	0x1800AAF8D	ascii	{(HcC L
0xAA400	0x1800AB000	ascii	A_A^_^][
0xAA410	0x1800AB010	ascii	@SUVWAVL
0xAA468	0x1800AB068	ascii	H9rXuK
0xAA484	0x1800AB084	ascii	z3u1
0xAA4D1	0x1800AB0D1	ascii	H9rXuK
0xAA4ED	0x1800AB0ED	ascii	z3u1
0xAA53A	0x1800AB13A	ascii	H9rXuK
0xAA556	0x1800AB156	ascii	z3u1
0xAA5A3	0x1800AB1A3	ascii	H9rXuK
0xAA5BF	0x1800AB1BF	ascii	z3u1
0xAA62D	0x1800AB22D	ascii	H9rXuK
0xAA649	0x1800AB249	ascii	z3u1
0xAA6C8	0x1800AB2C8	ascii	A^_^][
0xAA6D2	0x1800AB2D2	ascii	A^_^][
0xAA6DC	0x1800AB2DC	ascii	A^_^][
0xAA6F0	0x1800AB2F0	ascii	@SUVWATAUAVAWH
0xAA75A	0x1800AB35A	ascii	{8HcC0Hk
0xAA78B	0x1800AB38B	ascii	t$(IcD$ L
0xAA927	0x1800AB527	ascii	(A_A^A]A\_^][
0xAA963	0x1800AB563	ascii	\$03
0xAA9A8	0x1800AB5A8	ascii	A9HP
0xAA9AE	0x1800AB5AE	ascii	I9pXu
0xAA9D5	0x1800AB5D5	ascii	\$0H
0xAA9DA	0x1800AB5DA	ascii	l$8H
0xAA9DF	0x1800AB5DF	ascii	t$@H
0xAA9F0	0x1800AB5F0	ascii	@SVWAVH
0xAAA7B	0x1800AB67B	ascii	(A^_^[
0xAAA90	0x1800AB690	ascii	@UVWATAUH
0xAAAF9	0x1800AB6F9	ascii	\$PL
0xAAAFE	0x1800AB6FE	ascii	t$XL
0xAAB03	0x1800AB703	ascii	|$`ff
0xAAB29	0x1800AB729	ascii	p`Hc@XM
0xAAB46	0x1800AB746	ascii	~?H9{xu9H
0xAAB50	0x1800AB750	ascii	CpH;
0xAAB55	0x1800AB755	ascii	u0H;
0xAAB62	0x1800AB762	ascii	{xHc
0xAABA7	0x1800AB7A7	ascii	H9(u
0xAABD8	0x1800AB7D8	ascii	|$`L
0xAABDD	0x1800AB7DD	ascii	t$XH
0xAABE2	0x1800AB7E2	ascii	\$PH
0xAABE8	0x1800AB7E8	ascii	 A]A\_^]
0xAAC00	0x1800AB800	ascii	@SUVWATAUAVAWH
0xAAC1D	0x1800AB81D	ascii	D$0L
0xAAC3B	0x1800AB83B	ascii	D$(H
0xAAC93	0x1800AB893	ascii	E@D;
0xAACC4	0x1800AB8C4	ascii	HcM@H
0xAAD6B	0x1800AB96B	ascii	L$0H3
0xAAD79	0x1800AB979	ascii	HA_A^A]A\_^][
0xAAD9E	0x1800AB99E	ascii	SUVWATAUAVAWH
0xAADFB	0x1800AB9FB	ascii	D$0A
0xAAE03	0x1800ABA03	ascii	D$(A
0xAAE0A	0x1800ABA0A	ascii	D$ D
0xAAE30	0x1800ABA30	ascii	|$@H
0xAAE35	0x1800ABA35	ascii	|$HL
0xAAE3D	0x1800ABA3D	ascii	|$TH
0xAAE42	0x1800ABA42	ascii	|$XMc,$D
0xAAE4B	0x1800ABA4B	ascii	l$xE
0xAAE77	0x1800ABA77	ascii	|$TH
0xAAE8B	0x1800ABA8B	ascii	l$PH
0xAAEB8	0x1800ABAB8	ascii	l$@D
0xAAEC9	0x1800ABAC9	ascii	l$DH
0xAAEE1	0x1800ABAE1	ascii	T$HM
0xAAF98	0x1800ABB98	ascii	T$`B
0xAAFB4	0x1800ABBB4	ascii	L$l3
0xAAFE8	0x1800ABBE8	ascii	E$Hc
0xAAFFE	0x1800ABBFE	ascii	G$Hc
0xAB013	0x1800ABC13	ascii	L$l|
0xAB058	0x1800ABC58	ascii	l$H3
0xAB0B3	0x1800ABCB3	ascii	8JcD
0xAB1E8	0x1800ABDE8	ascii	|$XH
0xAB2E5	0x1800ABEE5	ascii	A_A^A]A\_^][
0xAB348	0x1800ABF48	ascii	l$HH
0xAB3D7	0x1800ABFD7	ascii	T$xI
0xAB3E9	0x1800ABFE9	ascii	|$XH
0xAB468	0x1800AC068	ascii	H E;
0xAB52A	0x1800AC12A	ascii	\$0H
0xAB52F	0x1800AC12F	ascii	t$8H
0xAB542	0x1800AC142	ascii	\$ WAVAWH
0xAB5F8	0x1800AC1F8	ascii	d$PE
0xAB74C	0x1800AC34C	ascii	d$PH
0xAB754	0x1800AC354	ascii	t$HH
0xAB759	0x1800AC359	ascii	l$@D
0xAB764	0x1800AC364	ascii	\$XH
0xAB76A	0x1800AC36A	ascii	 A_A^_
0xAB77C	0x1800AC37C	ascii	\$XH
0xAB782	0x1800AC382	ascii	 A_A^_
0xAB797	0x1800AC397	ascii	t$ WAVAWH
0xAB7BD	0x1800AC3BD	ascii	D$DH
0xAB7DB	0x1800AC3DB	ascii	HcGxH
0xAB823	0x1800AC423	ascii	wpHcGhM
0xAB834	0x1800AC434	ascii	l$Hf
0xAB845	0x1800AC445	ascii	^(HcF H
0xAB882	0x1800AC482	ascii	l$HH
0xAB887	0x1800AC487	ascii	\$PH
0xAB88C	0x1800AC48C	ascii	t$XH
0xAB892	0x1800AC492	ascii	 A_A^_
0xAB941	0x1800AC541	ascii	D$0H
0xABA98	0x1800AC698	ascii	\$8H
0xABAB0	0x1800AC6B0	ascii	@SWAWH
0xABAB8	0x1800AC6B8	ascii	 HcAhE3
0xABAC2	0x1800AC6C2	ascii	l$@H
0xABACA	0x1800AC6CA	ascii	t$PL
0xABB02	0x1800AC702	ascii	^(HcF H
0xABB4F	0x1800AC74F	ascii	t$HL
0xABB54	0x1800AC754	ascii	t$PH
0xABB59	0x1800AC759	ascii	l$@L9
0xABC4A	0x1800AC84A	ascii	 A__[
0xABC55	0x1800AC855	ascii	UVAWH
0xABC5F	0x1800AC85F	ascii	i8E3
0xABCC9	0x1800AC8C9	ascii	LcCPH
0xABD96	0x1800AC996	ascii	\$`H
0xABD9C	0x1800AC99C	ascii	0A_^]
0xABE83	0x1800ACA83	ascii	SVWATAUAWH
0xABEA4	0x1800ACAA4	ascii	D$pH
0xABEF6	0x1800ACAF6	ascii	D$$A
0xABF11	0x1800ACB11	ascii	\$XH
0xABF1A	0x1800ACB1A	ascii	t$\D
0xABF3C	0x1800ACB3C	ascii	L$HD
0xABF58	0x1800ACB58	ascii	D$8M
0xAC02A	0x1800ACC2A	ascii	\$lE
0xAC048	0x1800ACC48	ascii	t$hI
0xAC0C6	0x1800ACCC6	ascii	D$$H
0xAC0F9	0x1800ACCF9	ascii	\$ D
0xAC14D	0x1800ACD4D	ascii	O`A;
0xAC17D	0x1800ACD7D	ascii	HcO`H
0xAC187	0x1800ACD87	ascii	T$0f
0xAC1DA	0x1800ACDDA	ascii	H+PxH
0xAC260	0x1800ACE60	ascii	L$pH3
0xAC27A	0x1800ACE7A	ascii	A_A]A\_^[
0xAC2C7	0x1800ACEC7	ascii	A;Xp}:I
0xAC2F9	0x1800ACEF9	ascii	\$0H
0xAC2FE	0x1800ACEFE	ascii	t$8H
0xAC309	0x1800ACF09	ascii	\$03
0xAC310	0x1800ACF10	ascii	t$8H
0xAC381	0x1800ACF81	ascii	|$0A
0xAC42B	0x1800AD02B	ascii	\$@H
0xAC442	0x1800AD042	ascii	\$ UVWATAUAVAWH
0xAC49B	0x1800AD09B	ascii	\$@t
0xAC4AC	0x1800AD0AC	ascii	f;^0u
0xAC4D2	0x1800AD0D2	ascii	HcF D
0xAC4E3	0x1800AD0E3	ascii	D$PL;
0xAC535	0x1800AD135	ascii	L$HM
0xAC549	0x1800AD149	ascii	T$0H
0xAC54E	0x1800AD14E	ascii	L$XH
0xAC58A	0x1800AD18A	ascii	D$XA
0xAC5B3	0x1800AD1B3	ascii	L$XL
0xAC5C7	0x1800AD1C7	ascii	L$0I
0xAC5CF	0x1800AD1CF	ascii	T$(H
0xAC5ED	0x1800AD1ED	ascii	L;t$P
0xAC70A	0x1800AD30A	ascii	A_A^A]A\_^]
0xAC74D	0x1800AD34D	ascii	u%E3
0xAC763	0x1800AD363	ascii	L$(H3
0xAC792	0x1800AD392	ascii	L$(H3
0xAC7A6	0x1800AD3A6	ascii	D$ H
0xAC7AB	0x1800AD3AB	ascii	L$(H3
0xAC879	0x1800AD479	ascii	\$8H
0xAC920	0x1800AD520	ascii	\$8H
0xAC96A	0x1800AD56A	ascii	rQLc[$L
0xACAB9	0x1800AD6B9	ascii	\$0H
0xACACB	0x1800AD6CB	ascii	\$0H
0xACB20	0x1800AD720	ascii	)t$ LcP$L
0xACB99	0x1800AD799	ascii	(t$ 
0xACBDB	0x1800AD7DB	ascii	UVWATAUAVAWH
0xACCA8	0x1800AD8A8	ascii	D$pH
0xACCAD	0x1800AD8AD	ascii	D$HH
0xACCB2	0x1800AD8B2	ascii	D$xH
0xACCB7	0x1800AD8B7	ascii	D$@E
0xACCE0	0x1800AD8E0	ascii	D$0I
0xACD09	0x1800AD909	ascii	T$ E
0xACD2B	0x1800AD92B	ascii	IcE$IcU(B
0xACDE6	0x1800AD9E6	ascii	D$p;
0xACE6F	0x1800ADA6F	ascii	L$pH
0xACE74	0x1800ADA74	ascii	L$HH
0xACE79	0x1800ADA79	ascii	D$xH
0xACE7E	0x1800ADA7E	ascii	D$@I
0xACE8E	0x1800ADA8E	ascii	D$8H
0xACEC1	0x1800ADAC1	ascii	|$|H
0xACEF6	0x1800ADAF6	ascii	\$|D
0xACEFE	0x1800ADAFE	ascii	|$pD
0xACF0D	0x1800ADB0D	ascii	D$hH
0xACF12	0x1800ADB12	ascii	D$xH
0xACF17	0x1800ADB17	ascii	D$`H
0xACF24	0x1800ADB24	ascii	D$XD
0xACF29	0x1800ADB29	ascii	d$PD
0xAD002	0x1800ADC02	ascii	|$(L
0xAD01C	0x1800ADC1C	ascii	X\$x
0xAD0DC	0x1800ADCDC	ascii	A_A^A]A\_^]
0xAD1D0	0x1800ADDD0	ascii	@SUVWAUAVAWH
0xAD1DE	0x1800ADDDE	ascii	 Lcr0M
0xAD241	0x1800ADE41	ascii	HcO0Lk
0xAD2D2	0x1800ADED2	ascii	_4HcG0A
0xAD4E0	0x1800AE0E0	ascii	 A_A^A]_^][
0xAD4F2	0x1800AE0F2	ascii	L$ L
0xAD504	0x1800AE104	ascii	SUVWATAUAVAWH
0xAD567	0x1800AE167	ascii	M$Hc
0xAD630	0x1800AE230	ascii	D$8H
0xAD63D	0x1800AE23D	ascii	D$PA
0xAD650	0x1800AE250	ascii	l$0L
0xAD655	0x1800AE255	ascii	t$@L
0xAD666	0x1800AE266	ascii	D$dH
0xAD678	0x1800AE278	ascii	D$XA
0xAD680	0x1800AE280	ascii	D$`A
0xAD68A	0x1800AE28A	ascii	D$hA
0xAD694	0x1800AE294	ascii	D$lz
0xAD6D3	0x1800AE2D3	ascii	xA_A^A]A\_^][
0xAD6FC	0x1800AE2FC	ascii	HcC H;
0xAD765	0x1800AE365	ascii	UVWH
0xAD78D	0x1800AE38D	ascii	^(HcN H
0xAD7DA	0x1800AE3DA	ascii	\$PH
0xAD7E0	0x1800AE3E0	ascii	 _^]
0xAD7EF	0x1800AE3EF	ascii	 _^]
0xAD80A	0x1800AE40A	ascii	)t$p
0xAD80F	0x1800AE40F	ascii	)|$`H
0xAD875	0x1800AE475	ascii	T$@H
0xAD8AB	0x1800AE4AB	ascii	|$DL
0xAD8D1	0x1800AE4D1	ascii	D$LA3
0xAD944	0x1800AE544	ascii	\$0H
0xAD971	0x1800AE571	ascii	8MPt
0xAD98D	0x1800AE58D	ascii	u*8EPu!
0xAD9EB	0x1800AE5EB	ascii	L$PH3
0xAD9F7	0x1800AE5F7	ascii	(t$p
0xAD9FC	0x1800AE5FC	ascii	(|$`H
0xADA15	0x1800AE615	ascii	SUVWATAUAVAWH
0xADA34	0x1800AE634	ascii	)|$`I
0xADA3D	0x1800AE63D	ascii	)D$PD
0xADA43	0x1800AE643	ascii	)L$@D
0xADA49	0x1800AE649	ascii	)T$0D
0xADA4F	0x1800AE64F	ascii	)\$ 
0xADA54	0x1800AE654	ascii	)t$p
0xADA93	0x1800AE693	ascii	(t$pI;
0xADBF9	0x1800AE7F9	ascii	(|$`D
0xADBFF	0x1800AE7FF	ascii	(D$PD
0xADC05	0x1800AE805	ascii	(L$@D
0xADC0B	0x1800AE80B	ascii	(T$0D
0xADC11	0x1800AE811	ascii	(\$ H
0xADC1C	0x1800AE81C	ascii	A_A^A]A\_^][
0xADC85	0x1800AE885	ascii	)T$@D
0xADC8B	0x1800AE88B	ascii	)\$0H
0xADE03	0x1800AEA03	ascii	t1A;U
0xADE8B	0x1800AEA8B	ascii	(\$0D
0xADE91	0x1800AEA91	ascii	(T$@D
0xADE97	0x1800AEA97	ascii	(L$PD
0xADE9D	0x1800AEA9D	ascii	(D$`
0xADEA2	0x1800AEAA2	ascii	(|$p
0xADF46	0x1800AEB46	ascii	)\$0H
0xAE087	0x1800AEC87	ascii	t0A;
0xAE0FF	0x1800AECFF	ascii	(\$0D
0xAE105	0x1800AED05	ascii	(T$@D
0xAE10B	0x1800AED0B	ascii	(L$PD
0xAE111	0x1800AED11	ascii	(D$`
0xAE116	0x1800AED16	ascii	(|$p
0xAE19E	0x1800AED9E	ascii	HcH H;
0xAE1B9	0x1800AEDB9	ascii	HcK@Hk
0xAE1E0	0x1800AEDE0	ascii	HcC@Hk
0xAE2C5	0x1800AEEC5	ascii	)\$p
0xAE2D1	0x1800AEED1	ascii	)d$`
0xAE2DD	0x1800AEEDD	ascii	)l$P
0xAE405	0x1800AF005	ascii	|$(L
0xAE40A	0x1800AF00A	ascii	L$8H
0xAE40F	0x1800AF00F	ascii	D$ L
0xAE41B	0x1800AF01B	ascii	\$0H
0xAE427	0x1800AF027	ascii	T$4H
0xAE45C	0x1800AF05C	ascii	(d$`D
0xAE462	0x1800AF062	ascii	(\$pD
0xAE47A	0x1800AF07A	ascii	(l$P
0xAE4D5	0x1800AF0D5	ascii	UAUAWH
0xAE576	0x1800AF176	ascii	)t$pD
0xAE57C	0x1800AF17C	ascii	)|$`A
0xAE61A	0x1800AF21A	ascii	t$(L
0xAE623	0x1800AF223	ascii	|$ L
0xAE6B1	0x1800AF2B1	ascii	v/H;
0xAE724	0x1800AF324	ascii	L$HH
0xAE772	0x1800AF372	ascii	D$8H;
0xAE797	0x1800AF397	ascii	L$(H
0xAE7B7	0x1800AF3B7	ascii	L$ A
0xAE82F	0x1800AF42F	ascii	L$4H
0xAE83B	0x1800AF43B	ascii	T$4Hc
0xAE870	0x1800AF470	ascii	IcF 
0xAE8AE	0x1800AF4AE	ascii	IcF@Hk
0xAEA43	0x1800AF643	ascii	ED$8
0xAEACB	0x1800AF6CB	ascii	,$fE
0xAEB29	0x1800AF729	ascii	9D$Dto
0xAEB44	0x1800AF744	ascii	D$L)E )U
0xAEBAB	0x1800AF7AB	ascii	H+E(H
0xAEBC4	0x1800AF7C4	ascii	+T$P
0xAEBE1	0x1800AF7E1	ascii	(t$pD
0xAEC43	0x1800AF843	ascii	(|$`L
0xAEC5C	0x1800AF85C	ascii	A_A]]
0xAEC76	0x1800AF876	ascii	A8fH
0xAEC7E	0x1800AF87E	ascii	)t$`L
0xAEC86	0x1800AF886	ascii	)|$PA
0xAEC8F	0x1800AF88F	ascii	)D$@
0xAEDAE	0x1800AF9AE	ascii	D$0H
0xAEDFF	0x1800AF9FF	ascii	(t$`
0xAEE04	0x1800AFA04	ascii	(|$PD
0xAEE0A	0x1800AFA0A	ascii	(D$@H
0xAEE23	0x1800AFA23	ascii	SUVWH
0xAEE5E	0x1800AFA5E	ascii	)\$@D
0xAEEA5	0x1800AFAA5	ascii	X|$4
0xAEF09	0x1800AFB09	ascii	HcNPH
0xAEF26	0x1800AFB26	ascii	FTA;
0xAEF53	0x1800AFB53	ascii	HcNP
0xAEF7C	0x1800AFB7C	ascii	FTA;
0xAEFA6	0x1800AFBA6	ascii	HcVP3
0xAEFB7	0x1800AFBB7	ascii	\$(H
0xAF009	0x1800AFC09	ascii	_^][
0xAF066	0x1800AFC66	ascii	\$0H
0xAF099	0x1800AFC99	ascii	\$0H
0xAF0D2	0x1800AFCD2	ascii	\$0H
0xAF116	0x1800AFD16	ascii	\$0H
0xAF157	0x1800AFD57	ascii	\$0H
0xAF182	0x1800AFD82	ascii	\$0H
0xAF1D6	0x1800AFDD6	ascii	\$0H
0xAF21A	0x1800AFE1A	ascii	\$0H
0xAF266	0x1800AFE66	ascii	\$0H
0xAF293	0x1800AFE93	ascii	\$0H
0xAF2E0	0x1800AFEE0	ascii	\$0H
0xAF32C	0x1800AFF2C	ascii	\$0H
0xAF363	0x1800AFF63	ascii	\$0H
0xAF3DE	0x1800AFFDE	ascii	\$0H
0xAF451	0x1800B0051	ascii	\$0H
0xAF495	0x1800B0095	ascii	\$0H
0xAF4DE	0x1800B00DE	ascii	\$0H
0xAF513	0x1800B0113	ascii	\$0H
0xAF560	0x1800B0160	ascii	\$0H
0xAF5A9	0x1800B01A9	ascii	\$0H
0xAF5D5	0x1800B01D5	ascii	\$0H
0xAF5E5	0x1800B01E5	ascii	SUVWATH
0xAF68A	0x1800B028A	ascii	l$`H
0xAF69F	0x1800B029F	ascii	t H9=H,
0xAF6F3	0x1800B02F3	ascii	t$XD
0xAF70C	0x1800B030C	ascii	|$hD
0xAF81A	0x1800B041A	ascii	l$`E
0xAF831	0x1800B0431	ascii	|$hL
0xAF836	0x1800B0436	ascii	l$PA
0xAF85E	0x1800B045E	ascii	t$Xu
0xAF868	0x1800B0468	ascii	 A\_^][
0xAF875	0x1800B0475	ascii	 A\_^][
0xAFA73	0x1800B0673	ascii	\$0H
0xAFA78	0x1800B0678	ascii	t$8H
0xAFB93	0x1800B0793	ascii	\$@H
0xAFBA5	0x1800B07A5	ascii	\$@H
0xAFBB2	0x1800B07B2	ascii	\$@H
0xAFC12	0x1800B0812	ascii	|$0D+
0xAFC40	0x1800B0840	ascii	snM;
0xAFCCC	0x1800B08CC	ascii	\$8H
0xAFCD1	0x1800B08D1	ascii	t$@H
0xAFCE0	0x1800B08E0	ascii	@SVWAVH
0xAFE3A	0x1800B0A3A	ascii	(A^_^[
0xAFEFA	0x1800B0AFA	ascii	\$0H
0xAFF2E	0x1800B0B2E	ascii	t$0H
0xAFFE3	0x1800B0BE3	ascii	\$8H
0xAFFF5	0x1800B0BF5	ascii	VWAWH
0xB01B9	0x1800B0DB9	ascii	\$PH
0xB01BF	0x1800B0DBF	ascii	 A__^
0xB0282	0x1800B0E82	ascii	BqfA
0xB028C	0x1800B0E8C	ascii	Bqt%A
0xB02D7	0x1800B0ED7	ascii	D$PI
0xB035A	0x1800B0F5A	ascii	)|$`H
0xB0396	0x1800B0F96	ascii	OlE3
0xB03BB	0x1800B0FBB	ascii	\$ E2
0xB03E2	0x1800B0FE2	ascii	G(Ic
0xB0423	0x1800B1023	ascii	\$ fA
0xB0450	0x1800B1050	ascii	IhA8Igt
0xB04E6	0x1800B10E6	ascii	yZfA
0xB0635	0x1800B1235	ascii	\$0H
0xB0AD7	0x1800B16D7	ascii	L$@A
0xB0AE8	0x1800B16E8	ascii	|$(A
0xB0C4C	0x1800B184C	ascii	)t$p
0xB1117	0x1800B1D17	ascii	(t$pD
0xB1126	0x1800B1D26	ascii	|$(E
0xB116A	0x1800B1D6A	ascii	(|$`D
0xB1341	0x1800B1F41	ascii	Gxf9Gzt?
0xB135D	0x1800B1F5D	ascii	t0;Olt+f
0xB13AF	0x1800B1FAF	ascii	Gzf9GxusD
0xB14F1	0x1800B20F1	ascii	L$PH3
0xB1513	0x1800B2113	ascii	WAVAWH
0xB15DB	0x1800B21DB	ascii	D9wl
0xB15EF	0x1800B21EF	ascii	)L$p
0xB15FE	0x1800B21FE	ascii	)T$`
0xB164B	0x1800B224B	ascii	,hHk
0xB16D8	0x1800B22D8	ascii	D$<A
0xB16E4	0x1800B22E4	ascii	T$DE3
0xB1730	0x1800B2330	ascii	tDfA
0xB17F1	0x1800B23F1	ascii	D;wl
0xB17FD	0x1800B23FD	ascii	(T$`D
0xB1803	0x1800B2403	ascii	(L$pH
0xB1821	0x1800B2421	ascii	L$HH3
0xB184B	0x1800B244B	ascii	A_A^_
0xB1860	0x1800B2460	ascii	@WAWH
0xB18AD	0x1800B24AD	ascii	t$xL
0xB18B2	0x1800B24B2	ascii	d$pL
0xB18B7	0x1800B24B7	ascii	l$hL
0xB18C0	0x1800B24C0	ascii	)t$P
0xB18C5	0x1800B24C5	ascii	)|$@D
0xB18CB	0x1800B24CB	ascii	)D$0D
0xB18D1	0x1800B24D1	ascii	)L$ u
0xB190F	0x1800B250F	ascii	 t>D
0xB1A4B	0x1800B264B	ascii	t&Hk
0xB1D33	0x1800B2933	ascii	Gxf9GzuxH
0xB1DC3	0x1800B29C3	ascii	Gzf9Gxuk
0xB1F4A	0x1800B2B4A	ascii	D$|A
0xB2107	0x1800B2D07	ascii	T$ D
0xB217C	0x1800B2D7C	ascii	D$$D
0xB2185	0x1800B2D85	ascii	t$`L
0xB218A	0x1800B2D8A	ascii	d$pH
0xB2196	0x1800B2D96	ascii	(t$PrH
0xB21FE	0x1800B2DFE	ascii	(L$ D
0xB2204	0x1800B2E04	ascii	(D$0
0xB2209	0x1800B2E09	ascii	(|$@H
0xB220F	0x1800B2E0F	ascii	t$xt
0xB2253	0x1800B2E53	ascii	u6Ic@
0xB22AB	0x1800B2EAB	ascii	t H+
0xB22E2	0x1800B2EE2	ascii	l$hH
0xB2369	0x1800B2F69	ascii	)\$`H
0xB24AD	0x1800B30AD	ascii	t$ H
0xB2616	0x1800B3216	ascii	@tAH
0xB2670	0x1800B3270	ascii	"9Cp~""A"
0xB29A0	0x1800B35A0	ascii	(T$pD
0xB29D1	0x1800B35D1	ascii	D9Cl~(f
0xB29F8	0x1800B35F8	ascii	nD;Cl|
0xB2AAB	0x1800B36AB	ascii	K|D9Cl~5
0xB2AE1	0x1800B36E1	ascii	(D;Cl|
0xB2B7C	0x1800B377C	ascii	(\$`L
0xB2BCE	0x1800B37CE	ascii	 HcAtH
0xB2CC2	0x1800B38C2	ascii	\$0H
0xB2E23	0x1800B3A23	ascii	HcAtHk
0xB2E50	0x1800B3A50	ascii	@SUVWAVAWH
0xB2F0B	0x1800B3B0B	ascii	D9Cl~eIc
0xB2F2D	0x1800B3B2D	ascii	Jbf9
0xB2F6E	0x1800B3B6E	ascii	J`D;Cl|
0xB2FAA	0x1800B3BAA	ascii	(A_A^_^][
0xB2FC0	0x1800B3BC0	ascii	@USVWATAUAVAWH
0xB301F	0x1800B3C1F	ascii	L$0H
0xB302B	0x1800B3C2B	ascii	t$HL
0xB3048	0x1800B3C48	ascii	D$`D
0xB304D	0x1800B3C4D	ascii	d$pL
0xB3083	0x1800B3C83	ascii	|$(f
0xB30EB	0x1800B3CEB	ascii	T$xf
0xB313F	0x1800B3D3F	ascii	\$0E
0xB3147	0x1800B3D47	ascii	D$PD
0xB314C	0x1800B3D4C	ascii	d$$D9cl
0xB31A4	0x1800B3DA4	ascii	D$83
0xB3213	0x1800B3E13	ascii	T$ u6f
0xB32BC	0x1800B3EBC	ascii	T$dL
0xB32C1	0x1800B3EC1	ascii	\$hL
0xB32CC	0x1800B3ECC	ascii	\$lH
0xB333B	0x1800B3F3B	ascii	\$$E
0xB3344	0x1800B3F44	ascii	\$0A
0xB335A	0x1800B3F5A	ascii	;|$8
0xB3367	0x1800B3F67	ascii	|$ fA
0xB3376	0x1800B3F76	ascii	\$$D;[l
0xB338D	0x1800B3F8D	ascii	D$(L
0xB3392	0x1800B3F92	ascii	l$@L
0xB33C5	0x1800B3FC5	ascii	\$PD
0xB347B	0x1800B407B	ascii	D$0A
0xB3547	0x1800B4147	ascii	L$(D+
0xB3570	0x1800B4170	ascii	T$xI
0xB3701	0x1800B4301	ascii	|$ L
0xB3706	0x1800B4306	ascii	D$0A
0xB370D	0x1800B430D	ascii	u5fE
0xB377A	0x1800B437A	ascii	~OE3
0xB3783	0x1800B4383	ascii	tFIc
0xB37D4	0x1800B43D4	ascii	T$HH
0xB3809	0x1800B4409	ascii	A_A^A]A\_^[]
0xB3835	0x1800B4435	ascii	Axf9Azu=
0xB39FC	0x1800B45FC	ascii	)T$P
0xB3AAE	0x1800B46AE	ascii	Cxf9Czu
0xB3AE4	0x1800B46E4	ascii	"@t""D"
0xB3BBA	0x1800B47BA	ascii	(T$PD
0xB3BC0	0x1800B47C0	ascii	(L$`D
0xB3BC6	0x1800B47C6	ascii	(D$p
0xB3C86	0x1800B4886	ascii	X5,f
0xB3CEF	0x1800B48EF	ascii	\$ H
0xB3D54	0x1800B4954	ascii	\$ L
0xB3DFE	0x1800B49FE	ascii	(\$@u
0xB3E47	0x1800B4A47	ascii	|$ AVAW
0xB3E5E	0x1800B4A5E	ascii	~mE3
0xB3E80	0x1800B4A80	ascii	^fE;
0xB3EE3	0x1800B4AE3	ascii	t$ I;
0xB3F25	0x1800B4B25	ascii	^fE;
0xB3F37	0x1800B4B37	ascii	tfF;T
0xB3F74	0x1800B4B74	ascii	A9Sl
0xB3F98	0x1800B4B98	ascii	A;Sl|
0xB3FE9	0x1800B4BE9	ascii	A2Hr
0xB3FF8	0x1800B4BF8	ascii	@^A0HqH
0xB4000	0x1800B4C00	ascii	t$ H
0xB400A	0x1800B4C0A	ascii	\$(fA
0xB4017	0x1800B4C17	ascii	|$0A_A^
0xB4020	0x1800B4C20	ascii	@SVH
0xB4029	0x1800B4C29	ascii	t$PH
0xB4094	0x1800B4C94	ascii	|$ H
0xB41A7	0x1800B4DA7	ascii	t$PtZM
0xB41B3	0x1800B4DB3	ascii	9Sl~N
0xB41EB	0x1800B4DEB	ascii	@^fA
0xB4201	0x1800B4E01	ascii	;Sl|
0xB4247	0x1800B4E47	ascii	EJt;Jl
0xB4307	0x1800B4F07	ascii	t$@H
0xB430C	0x1800B4F0C	ascii	|$Hf
0xB4317	0x1800B4F17	ascii	;Al}
0xB434D	0x1800B4F4D	ascii	D8Ift
0xB4367	0x1800B4F67	ascii	T$ H
0xB43F1	0x1800B4FF1	ascii	9Sl~0ff
0xB4421	0x1800B5021	ascii	;Sl|
0xB444B	0x1800B504B	ascii	D$ H
0xB4569	0x1800B5169	ascii	D.Tf
0xB45C0	0x1800B51C0	ascii	D$ E3
0xB4625	0x1800B5225	ascii	|$HH
0xB462A	0x1800B522A	ascii	t$@H
0xB462F	0x1800B522F	ascii	\$PH
0xB4640	0x1800B5240	ascii	@SVWE
0xB46E4	0x1800B52E4	ascii	@.fA
0xB470D	0x1800B530D	ascii	@>fA
0xB4770	0x1800B5370	ascii	@SUVWAVAWH
0xB479B	0x1800B539B	ascii	Lc7D
0xB47A4	0x1800B53A4	ascii	43A;
0xB47FE	0x1800B53FE	ascii	(A_A^_^][
0xB482A	0x1800B542A	ascii	HcAdH
0xB4830	0x1800B5430	ascii	\$0H
0xB4835	0x1800B5435	ascii	l$83
0xB483C	0x1800B543C	ascii	t$@H
0xB48E9	0x1800B54E9	ascii	@VfA
0xB48F3	0x1800B54F3	ascii	@^fA
0xB48FA	0x1800B54FA	ascii	A2Hq
0xB493A	0x1800B553A	ascii	.@ z
0xB4948	0x1800B5548	ascii	@VA;
0xB4969	0x1800B5569	ascii	A8@gt
0xB497D	0x1800B557D	ascii	D;Ol
0xB4997	0x1800B5597	ascii	l$8H
0xB499C	0x1800B559C	ascii	\$0E
0xB49CA	0x1800B55CA	ascii	t$@H
0xB4A66	0x1800B5666	ascii	t Mi
0xB4AB0	0x1800B56B0	ascii	D$(I
0xB4ACD	0x1800B56CD	ascii	L$$H
0xB4AE5	0x1800B56E5	ascii	L$(H3
0xB4AFE	0x1800B56FE	ascii	T$ H
0xB4B03	0x1800B5703	ascii	\$03
0xB4B23	0x1800B5723	ascii	t%HcS
0xB4B51	0x1800B5751	ascii	D$$E;
0xB4B75	0x1800B5775	ascii	T$$A
0xB4B82	0x1800B5782	ascii	\$0H
0xB4B87	0x1800B5787	ascii	L$(H3
0xB4BA0	0x1800B57A0	ascii	@USVH
0xB4C32	0x1800B5832	ascii	|$pHc}
0xB4C7C	0x1800B587C	ascii	u!Hc]
0xB4CC1	0x1800B58C1	ascii	u6HcE
0xB4D13	0x1800B5913	ascii	u1HcE
0xB4D60	0x1800B5960	ascii	u;HcE
0xB4DB7	0x1800B59B7	ascii	u%HcE
0xB4DEB	0x1800B59EB	ascii	D$ L
0xB4E2B	0x1800B5A2B	ascii	t$xH
0xB4E3D	0x1800B5A3D	ascii	P^[]
0xB4E5B	0x1800B5A5B	ascii	SWAWH
0xB4E9F	0x1800B5A9F	ascii	)t$@
0xB4EDB	0x1800B5ADB	ascii	l$0A
0xB4F44	0x1800B5B44	ascii	fA;G
0xB5185	0x1800B5D85	ascii	(t$@L
0xB518B	0x1800B5D8B	ascii	t$PL
0xB5190	0x1800B5D90	ascii	l$XL
0xB5195	0x1800B5D95	ascii	d$`H
0xB519A	0x1800B5D9A	ascii	t$hH
0xB51A8	0x1800B5DA8	ascii	pA__[
0xB51B0	0x1800B5DB0	ascii	@SUVWATAUAVAWH
0xB51F0	0x1800B5DF0	ascii	t4Mc
0xB5233	0x1800B5E33	ascii	|$ 3
0xB5257	0x1800B5E57	ascii	\$$H
0xB52C7	0x1800B5EC7	ascii	t$ G
0xB539F	0x1800B5F9F	ascii	8A_A^A]A\_^][
0xB5408	0x1800B6008	ascii	HhHc
0xB5656	0x1800B6256	ascii	D$pI
0xB5867	0x1800B6467	ascii	D$XA
0xB5897	0x1800B6497	ascii	8D$Xt7H
0xB5914	0x1800B6514	ascii	D$Tf
0xB5927	0x1800B6527	ascii	D$<A
0xB5947	0x1800B6547	ascii	D$4D
0xB5951	0x1800B6551	ascii	\$ H
0xB599A	0x1800B659A	ascii	u3E3
0xB59A3	0x1800B65A3	ascii	~*fff
0xB59B2	0x1800B65B2	ascii	KhIc
0xB5A1E	0x1800B661E	ascii	\Q(H
0xB5B8A	0x1800B678A	ascii	L$pH3
0xB5BA6	0x1800B67A6	ascii	L$pH3
0xB5BC3	0x1800B67C3	ascii	USATAVI
0xB5BE0	0x1800B67E0	ascii	D$XL
0xB5CC3	0x1800B68C3	ascii	)t$pE3
0xB5CDC	0x1800B68DC	ascii	)|$`
0xB5CF9	0x1800B68F9	ascii	|$4E8
0xB5D66	0x1800B6966	ascii	u$E3
0xB5D6F	0x1800B696F	ascii	t$ L
0xB5D77	0x1800B6977	ascii	L$8H
0xB5D89	0x1800B6989	ascii	t$@H
0xB5DAD	0x1800B69AD	ascii	|$4L
0xB5DDA	0x1800B69DA	ascii	X%lH
0xB5E51	0x1800B6A51	ascii	t$ H
0xB5E59	0x1800B6A59	ascii	L$HH
0xB5E70	0x1800B6A70	ascii	L$0E3
0xB5EA1	0x1800B6AA1	ascii	|$4H;
0xB5EE2	0x1800B6AE2	ascii	u$E3
0xB5EEB	0x1800B6AEB	ascii	t$ L
0xB5EF3	0x1800B6AF3	ascii	L$HH
0xB5F05	0x1800B6B05	ascii	t$@H
0xB5F5C	0x1800B6B5C	ascii	(|$`D
0xB5F62	0x1800B6B62	ascii	(t$p
0xB5FCE	0x1800B6BCE	ascii	D$Hv9
0xB6024	0x1800B6C24	ascii	T$PH
0xB60A0	0x1800B6CA0	ascii	|$ L
0xB60A8	0x1800B6CA8	ascii	L$@H
0xB60BF	0x1800B6CBF	ascii	X\$@A
0xB60CC	0x1800B6CCC	ascii	Xt$D
0xB6151	0x1800B6D51	ascii	D$Hv9
0xB61A3	0x1800B6DA3	ascii	T$PH
0xB6225	0x1800B6E25	ascii	L$XH3
0xB6237	0x1800B6E37	ascii	A^A\[]
0xB6292	0x1800B6E92	ascii	T$ A
0xB62BD	0x1800B6EBD	ascii	H SUVWH
0xB633C	0x1800B6F3C	ascii	T$ L
0xB634E	0x1800B6F4E	ascii	T$ D
0xB63C9	0x1800B6FC9	ascii	X_^][
0xB63E1	0x1800B6FE1	ascii	H SVWH
0xB645B	0x1800B705B	ascii	T$ L
0xB646D	0x1800B706D	ascii	T$ A
0xB648D	0x1800B708D	ascii	P_^[
0xB657D	0x1800B717D	ascii	T$ L
0xB658F	0x1800B718F	ascii	T$ A
0xB65AB	0x1800B71AB	ascii	t$0@
0xB65B3	0x1800B71B3	ascii	t$@H
0xB65B8	0x1800B71B8	ascii	l$Ht@I
0xB6621	0x1800B7221	ascii	L$ H
0xB6658	0x1800B7258	ascii	D$XH
0xB6691	0x1800B7291	ascii	T$@M
0xB66C9	0x1800B72C9	ascii	t$@E
0xB6705	0x1800B7305	ascii	t$8H
0xB670A	0x1800B730A	ascii	t$0H
0xB67CE	0x1800B73CE	ascii	(L$p
0xB6822	0x1800B7422	ascii	D$Hv7
0xB6876	0x1800B7476	ascii	T$PH
0xB699A	0x1800B759A	ascii	(T$`H
0xB69A0	0x1800B75A0	ascii	L$XH3
0xB69C2	0x1800B75C2	ascii	L$ L
0xB69CF	0x1800B75CF	ascii	SUVWATAUAVAWH
0xB69F9	0x1800B75F9	ascii	)t$0H
0xB6BFF	0x1800B77FF	ascii	T$ A
0xB6D3C	0x1800B793C	ascii	`t8I
0xB6D81	0x1800B7981	ascii	sZHc
0xB6DE7	0x1800B79E7	ascii	y<E;
0xB6F23	0x1800B7B23	ascii	u,D8
0xB70F6	0x1800B7CF6	ascii	T$ A8
0xB7139	0x1800B7D39	ascii	@tm@8
0xB7246	0x1800B7E46	ascii	(t$0A
0xB7251	0x1800B7E51	ascii	HA_A^A]A\_^][
0xB7267	0x1800B7E67	ascii	UVWATAUAVAWI
0xB7363	0x1800B7F63	ascii	L$0I
0xB746C	0x1800B806C	ascii	d$ L
0xB7570	0x1800B8170	ascii	D$(H
0xB75C1	0x1800B81C1	ascii	A_A^A]A\_^]
0xB75D0	0x1800B81D0	ascii	@SVWAVH
0xB75E6	0x1800B81E6	ascii	D$PH
0xB768F	0x1800B828F	ascii	XT$0
0xB76BA	0x1800B82BA	ascii	L$@E3
0xB7704	0x1800B8304	ascii	L$PH3
0xB7712	0x1800B8312	ascii	hA^_^[
0xB7729	0x1800B8329	ascii	p UWATAVAWH
0xB79D5	0x1800B85D5	ascii	A_A^A\_]
0xB79E3	0x1800B85E3	ascii	USVWAVAWH
0xB7A05	0x1800B8605	ascii	)T$pH
0xB7BB9	0x1800B87B9	ascii	D$ H
0xB7D11	0x1800B8911	ascii	A_A^_^[]
0xB7D83	0x1800B8983	ascii	\$0H
0xB7D88	0x1800B8988	ascii	t$8H
0xB7DBB	0x1800B89BB	ascii	D$XH
0xB7EF8	0x1800B8AF8	ascii	D$TA
0xB7F33	0x1800B8B33	ascii	T$0D
0xB7F64	0x1800B8B64	ascii	L$(H
0xB7F81	0x1800B8B81	ascii	*D$@
0xB7F90	0x1800B8B90	ascii	L$XH3
0xB7F9D	0x1800B8B9D	ascii	\$xH
0xB7FB3	0x1800B8BB3	ascii	USAUAVH
0xB7FE1	0x1800B8BE1	ascii	D$xH
0xB7FF0	0x1800B8BF0	ascii	L$HL
0xB7FF8	0x1800B8BF8	ascii	D$@H
0xB80A6	0x1800B8CA6	ascii	T$`L
0xB80BA	0x1800B8CBA	ascii	d$lL
0xB8112	0x1800B8D12	ascii	D$df
0xB817F	0x1800B8D7F	ascii	\$XI
0xB8189	0x1800B8D89	ascii	d$\H;
0xB81F6	0x1800B8DF6	ascii	D$qA
0xB8208	0x1800B8E08	ascii	T$HL+
0xB8244	0x1800B8E44	ascii	\$pA
0xB84EC	0x1800B90EC	ascii	8L$q
0xB8527	0x1800B9127	ascii	t$0M
0xB8535	0x1800B9135	ascii	L$(I
0xB855C	0x1800B915C	ascii	L$hu5
0xB8563	0x1800B9163	ascii	\L$`
0xB8585	0x1800B9185	ascii	XL$`
0xB859E	0x1800B919E	ascii	\T$d
0xB85B4	0x1800B91B4	ascii	XT$d
0xB85D3	0x1800B91D3	ascii	D$8H
0xB8600	0x1800B9200	ascii	D$pD
0xB862A	0x1800B922A	ascii	L$xH3
0xB864F	0x1800B924F	ascii	A^A][]
0xB8663	0x1800B9263	ascii	USVWATAUAVAWH
0xB87B8	0x1800B93B8	ascii	T$@L
0xB87C5	0x1800B93C5	ascii	L$0H
0xB87F5	0x1800B93F5	ascii	D$Df
0xB8861	0x1800B9461	ascii	d$ A
0xB89B0	0x1800B95B0	ascii	D$(L
0xB89E9	0x1800B95E9	ascii	D$HA
0xB89F2	0x1800B95F2	ascii	D$(L
0xB89F7	0x1800B95F7	ascii	L$@H
0xB8A4F	0x1800B964F	ascii	L$DH
0xB8A79	0x1800B9679	ascii	D$Hf
0xB8AC2	0x1800B96C2	ascii	D$@D
0xB8ACC	0x1800B96CC	ascii	L$ H
0xB8BDB	0x1800B97DB	ascii	A_A^A]A\_^[]
0xB8D05	0x1800B9905	ascii	\$@H
0xB8D23	0x1800B9923	ascii	D$0H
0xB8D58	0x1800B9958	ascii	)t$p
0xB8D5D	0x1800B995D	ascii	)|$`D
0xB8D63	0x1800B9963	ascii	)D$P
0xB8D72	0x1800B9972	ascii	)L$@A
0xB8E08	0x1800B9A08	ascii	(t$p
0xB8E0E	0x1800B9A0E	ascii	D$ v8
0xB8E5F	0x1800B9A5F	ascii	T$(H
0xB8E79	0x1800B9A79	ascii	(D$P
0xB8E7E	0x1800B9A7E	ascii	(|$`D
0xB8E84	0x1800B9A84	ascii	(L$@H
0xB8E8A	0x1800B9A8A	ascii	L$0H3
0xB8F13	0x1800B9B13	ascii	UWAWI
0xB90E2	0x1800B9CE2	ascii	\$(H
0xB92BF	0x1800B9EBF	ascii	\$(H
0xB942C	0x1800BA02C	ascii	t$ H
0xB94E0	0x1800BA0E0	ascii	(T$pH
0xB9500	0x1800BA100	ascii	A__]
0xB9513	0x1800BA113	ascii	USWAVAWH
0xB9551	0x1800BA151	ascii	)|$pH
0xB9561	0x1800BA161	ascii	D$hH
0xB957E	0x1800BA17E	ascii	D$ D
0xB95C8	0x1800BA1C8	ascii	D$XD
0xB95ED	0x1800BA1ED	ascii	XT$\
0xB9633	0x1800BA233	ascii	\L$\
0xB965F	0x1800BA25F	ascii	L$HE3
0xB96AB	0x1800BA2AB	ascii	d$TA
0xB96B4	0x1800BA2B4	ascii	XD$L
0xB96FB	0x1800BA2FB	ascii	\L$X
0xB971C	0x1800BA31C	ascii	XD$X
0xB9794	0x1800BA394	ascii	D$@D
0xB979D	0x1800BA39D	ascii	L$@H
0xB97DA	0x1800BA3DA	ascii	D$HD
0xB97E4	0x1800BA3E4	ascii	L$HH
0xB9846	0x1800BA446	ascii	D$XH
0xB984B	0x1800BA44B	ascii	D$0L
0xB9850	0x1800BA450	ascii	D$HL
0xB9855	0x1800BA455	ascii	|$(H
0xB985A	0x1800BA45A	ascii	T$`A
0xB986C	0x1800BA46C	ascii	d$LL
0xB989F	0x1800BA49F	ascii	D$HD
0xB98A9	0x1800BA4A9	ascii	L$HH
0xB98ED	0x1800BA4ED	ascii	L$hH3
0xB9928	0x1800BA528	ascii	(|$pI
0xB992F	0x1800BA52F	ascii	A_A^_[]
0xB99CB	0x1800BA5CB	ascii	)t$`H
0xB99D9	0x1800BA5D9	ascii	)|$P
0xB9A0A	0x1800BA60A	ascii	)D$@H
0xB9A13	0x1800BA613	ascii	)L$0D
0xB9A19	0x1800BA619	ascii	)T$ H
0xB9B7B	0x1800BA77B	ascii	}1Ic
0xB9C77	0x1800BA877	ascii	}/Ic
0xB9DA0	0x1800BA9A0	ascii	v<Hc
0xB9DE0	0x1800BA9E0	ascii	(L$0D
0xB9DE6	0x1800BA9E6	ascii	(D$@D
0xB9DEC	0x1800BA9EC	ascii	(T$ H
0xB9DF9	0x1800BA9F9	ascii	(t$`
0xB9DFE	0x1800BA9FE	ascii	(|$PH
0xB9E27	0x1800BAA27	ascii	UVWATAUAVAWH
0xB9E6E	0x1800BAA6E	ascii	L$XH
0xB9E9A	0x1800BAA9A	ascii	D$PA
0xB9F1D	0x1800BAB1D	ascii	T$XA
0xB9F47	0x1800BAB47	ascii	|$ E3
0xB9F69	0x1800BAB69	ascii	D$Ht
0xBA1FD	0x1800BADFD	ascii	D$@A
0xBA209	0x1800BAE09	ascii	D$DD
0xBA21F	0x1800BAE1F	ascii	D$@I
0xBA22F	0x1800BAE2F	ascii	T$(D
0xBA2E0	0x1800BAEE0	ascii	T$@D
0xBA2E5	0x1800BAEE5	ascii	T$(D
0xBA3D0	0x1800BAFD0	ascii	D$ H
0xBA4AC	0x1800BB0AC	ascii	L$0H
0xBA4B1	0x1800BB0B1	ascii	D$(H
0xBA4B6	0x1800BB0B6	ascii	L$ H
0xBA4CE	0x1800BB0CE	ascii	L$HH
0xBA52A	0x1800BB12A	ascii	D$PH
0xBA56F	0x1800BB16F	ascii	A_A^A]A\_^]
0xBA585	0x1800BB185	ascii	[ VWAWH
0xBA59E	0x1800BB19E	ascii	D$XH
0xBA701	0x1800BB301	ascii	L$HL
0xBA706	0x1800BB306	ascii	D$IA
0xBA773	0x1800BB373	ascii	t<fff
0xBA7FB	0x1800BB3FB	ascii	D$ D
0xBA809	0x1800BB409	ascii	T$8D
0xBA81A	0x1800BB41A	ascii	)T$pD
0xBA820	0x1800BB420	ascii	)\$`L
0xBA836	0x1800BB436	ascii	D$ H
0xBA848	0x1800BB448	ascii	D$8H
0xBA85F	0x1800BB45F	ascii	L$8@
0xBA98D	0x1800BB58D	ascii	(\$`D
0xBA993	0x1800BB593	ascii	(T$pD
0xBA9F7	0x1800BB5F7	ascii	L$HA
0xBAA48	0x1800BB648	ascii	L$XH3
0xBAA62	0x1800BB662	ascii	A__^
0xBAA70	0x1800BB670	ascii	@VWH
0xBAA83	0x1800BB683	ascii	D$@A
0xBAACC	0x1800BB6CC	ascii	\$xI
0xBAAE8	0x1800BB6E8	ascii	l$PI
0xBAB45	0x1800BB745	ascii	l$PL
0xBAB50	0x1800BB750	ascii	T$ I
0xBAB70	0x1800BB770	ascii	L$@H3
0xBAB99	0x1800BB799	ascii	s UWATAVAWI
0xBACAB	0x1800BB8AB	ascii	L$0H
0xBAD31	0x1800BB931	ascii	D$Tv
0xBADE5	0x1800BB9E5	ascii	t*D8
0xBAE06	0x1800BBA06	ascii	u'D8
0xBAE24	0x1800BBA24	ascii	u%D8
0xBAEDA	0x1800BBADA	ascii	tJD8
0xBAFC8	0x1800BBBC8	ascii	L$HI
0xBAFD8	0x1800BBBD8	ascii	D$0L
0xBAFDD	0x1800BBBDD	ascii	D$(M
0xBB064	0x1800BBC64	ascii	T$PA
0xBB110	0x1800BBD10	ascii	L$ I
0xBB1C7	0x1800BBDC7	ascii	D$(L
0xBB1D0	0x1800BBDD0	ascii	T$PH
0xBB1F7	0x1800BBDF7	ascii	L$PA
0xBB200	0x1800BBE00	ascii	D$LE3
0xBB25C	0x1800BBE5C	ascii	A_A^A\_]
0xBB29D	0x1800BBE9D	ascii	t(,a<
0xBB2D0	0x1800BBED0	ascii	@SUVWATAUAVAWH
0xBB338	0x1800BBF38	ascii	?%uIH
0xBB347	0x1800BBF47	ascii	tCH+
0xBB380	0x1800BBF80	ascii	|$hu
0xBB391	0x1800BBF91	ascii	L$HL
0xBB3EA	0x1800BBFEA	ascii	D$HH;
0xBB3F7	0x1800BBFF7	ascii	L$HL+
0xBB43A	0x1800BC03A	ascii	D$HH
0xBB483	0x1800BC083	ascii	d$8L
0xBB49C	0x1800BC09C	ascii	L$DH
0xBB4C6	0x1800BC0C6	ascii	L$HL
0xBB4CE	0x1800BC0CE	ascii	d$ M
0xBB588	0x1800BC188	ascii	A_A^A]A\_^][
0xBB5A0	0x1800BC1A0	ascii	@SWATH
0xBB5FE	0x1800BC1FE	ascii	L$PH
0xBB647	0x1800BC247	ascii	d$@H
0xBB64C	0x1800BC24C	ascii	l$8H
0xBB651	0x1800BC251	ascii	D$@H
0xBB656	0x1800BC256	ascii	l$0L
0xBB675	0x1800BC275	ascii	D$ 3
0xBB68C	0x1800BC28C	ascii	l$ L
0xBB71D	0x1800BC31D	ascii	D$P3
0xBB72D	0x1800BC32D	ascii	l$8H
0xBB765	0x1800BC365	ascii	D$@H
0xBB77B	0x1800BC37B	ascii	l$ L
0xBB824	0x1800BC424	ascii	t$@E3
0xBB82D	0x1800BC42D	ascii	t$DH
0xBB8B1	0x1800BC4B1	ascii	t$@E3
0xBB8BA	0x1800BC4BA	ascii	t$DH
0xBBA80	0x1800BC680	ascii	A\_[
0xBBAB0	0x1800BC6B0	ascii	I Hc
0xBBABA	0x1800BC6BA	ascii	\$8H
0xBBAEB	0x1800BC6EB	ascii	L$@M
0xBBAFC	0x1800BC6FC	ascii	L$0L
0xBBB0C	0x1800BC70C	ascii	T$0H
0xBBBD3	0x1800BC7D3	ascii	I Hc
0xBBBF5	0x1800BC7F5	ascii	+_ xKf
0xBBC50	0x1800BC850	ascii	\$0H
0xBBC60	0x1800BC860	ascii	@SUWAVAWH
0xBBC6B	0x1800BC86B	ascii	0Lcq
0xBBCA7	0x1800BC8A7	ascii	d$(L
0xBBCB3	0x1800BC8B3	ascii	l$ L
0xBBCD9	0x1800BC8D9	ascii	M Hc
0xBBD1C	0x1800BC91C	ascii	L$`L
0xBBDD6	0x1800BC9D6	ascii	L$pH
0xBBDEF	0x1800BC9EF	ascii	t$xA;
0xBBDF7	0x1800BC9F7	ascii	d$(L
0xBBDFC	0x1800BC9FC	ascii	l$ A
0xBBE08	0x1800BCA08	ascii	0A_A^_][
0xBBE3D	0x1800BCA3D	ascii	t$@H
0xBBE50	0x1800BCA50	ascii	\$8;
0xBBE68	0x1800BCA68	ascii	L$0H
0xBBE8C	0x1800BCA8C	ascii	u+HcO
0xBBEA7	0x1800BCAA7	ascii	L$0H
0xBBEC7	0x1800BCAC7	ascii	\$8H
0xBBED0	0x1800BCAD0	ascii	@UVH
0xBBEF9	0x1800BCAF9	ascii	\$`H
0xBBEFE	0x1800BCAFE	ascii	|$pL
0xBBF03	0x1800BCB03	ascii	d$xL
0xBBF08	0x1800BCB08	ascii	l$@L
0xBBF0D	0x1800BCB0D	ascii	t$8L
0xBBF24	0x1800BCB24	ascii	D$hL
0xBBF47	0x1800BCB47	ascii	D$hLcn
0xBBFCE	0x1800BCBCE	ascii	D$hH;
0xBC01A	0x1800BCC1A	ascii	t$8L
0xBC01F	0x1800BCC1F	ascii	l$@L
0xBC024	0x1800BCC24	ascii	d$xH
0xBC029	0x1800BCC29	ascii	|$pH
0xBC02E	0x1800BCC2E	ascii	\$`L
0xBC033	0x1800BCC33	ascii	|$0H
0xBC050	0x1800BCC50	ascii	@SUWH
0xBC06D	0x1800BCC6D	ascii	0_][
0xBC07F	0x1800BCC7F	ascii	t$XL
0xBC084	0x1800BCC84	ascii	t$`L
0xBC0B9	0x1800BCCB9	ascii	4*H;
0xBC0F0	0x1800BCCF0	ascii	+_ I;
0xBC122	0x1800BCD22	ascii	O Hc
0xBC12D	0x1800BCD2D	ascii	t!HcG
0xBC159	0x1800BCD59	ascii	t$XL
0xBC15E	0x1800BCD5E	ascii	|$hH
0xBC164	0x1800BCD64	ascii	0_][
0xBC170	0x1800BCD70	ascii	@SUVWATAUAVAWH
0xBC1AC	0x1800BCDAC	ascii	~ZLc
0xBC219	0x1800BCE19	ascii	;E(~`E
0xBC28A	0x1800BCE8A	ascii	4(E;
0xBC2CB	0x1800BCECB	ascii	(A_A^A]A\_^][
0xBC2E7	0x1800BCEE7	ascii	UVWATAUAVAWH
0xBC31F	0x1800BCF1F	ascii	)T$`D
0xBC37B	0x1800BCF7B	ascii	D$@H
0xBC380	0x1800BCF80	ascii	L$8H
0xBC385	0x1800BCF85	ascii	L$0H
0xBC42D	0x1800BD02D	ascii	A_A^A]A\_^]
0xBC48E	0x1800BD08E	ascii	F Hc
0xBC4F3	0x1800BD0F3	ascii	wZIcN
0xBC5C4	0x1800BD1C4	ascii	)t$`H
0xBC5D9	0x1800BD1D9	ascii	I LcA
0xBC64A	0x1800BD24A	ascii	(t$`
0xBC684	0x1800BD284	ascii	)t$`H
0xBC699	0x1800BD299	ascii	I LcA
0xBC717	0x1800BD317	ascii	(t$`
0xBC740	0x1800BD340	ascii	@UWATAVAWH
0xBC775	0x1800BD375	ascii	D$`H
0xBC795	0x1800BD395	ascii	D$@M
0xBC7B5	0x1800BD3B5	ascii	D$8L
0xBC7BA	0x1800BD3BA	ascii	D$0L
0xBC807	0x1800BD407	ascii	A_A^A\_]
0xBC83C	0x1800BD43C	ascii	D$@H
0xBC86B	0x1800BD46B	ascii	L$0H
0xBC870	0x1800BD470	ascii	L$`L
0xBC89D	0x1800BD49D	ascii	)|$pL
0xBC908	0x1800BD508	ascii	L$dD
0xBC966	0x1800BD566	ascii	D$@H
0xBC96B	0x1800BD56B	ascii	L$8H
0xBC970	0x1800BD570	ascii	L$0H
0xBC975	0x1800BD575	ascii	L$`H
0xBC980	0x1800BD580	ascii	D$ L
0xBC9A9	0x1800BD5A9	ascii	L$dE
0xBC9FE	0x1800BD5FE	ascii	G Ic
0xBCAB9	0x1800BD6B9	ascii	(|$pH
0xBCAC4	0x1800BD6C4	ascii	A_A^A\_]
0xBCAD0	0x1800BD6D0	ascii	@SVWAVH
0xBCB01	0x1800BD701	ascii	~pE3
0xBCB9E	0x1800BD79E	ascii	(A^_^[
0xBCBB0	0x1800BD7B0	ascii	@SUVWH
0xBCCB6	0x1800BD8B6	ascii	(_^][
0xBCCC1	0x1800BD8C1	ascii	(_^][
0xBCCD0	0x1800BD8D0	ascii	@SUWAVH
0xBCCFC	0x1800BD8FC	ascii	t$Ptt
0xBCD07	0x1800BD907	ascii	ulHc2;q
0xBCE12	0x1800BDA12	ascii	t$PH
0xBCE18	0x1800BDA18	ascii	(A^_][
0xBCE23	0x1800BDA23	ascii	USVWH
0xBCF19	0x1800BDB19	ascii	t$`A
0xBD232	0x1800BDE32	ascii	t@I;
0xBD23B	0x1800BDE3B	ascii	N0Hc
0xBD24A	0x1800BDE4A	ascii	t(I;
0xBD268	0x1800BDE68	ascii	D+~ A
0xBD274	0x1800BDE74	ascii	D+v A
0xBD38F	0x1800BDF8F	ascii	V Hc
0xBD3ED	0x1800BDFED	ascii	"t""A;"
0xBD47A	0x1800BE07A	ascii	D$`D
0xBD4E1	0x1800BE0E1	ascii	^ HcN
0xBD50A	0x1800BE10A	ascii	D$pL
0xBD50F	0x1800BE10F	ascii	D$@H
0xBD514	0x1800BE114	ascii	L$8H
0xBD519	0x1800BE119	ascii	L$0H
0xBD51E	0x1800BE11E	ascii	L$xH
0xBD523	0x1800BE123	ascii	D$pI
0xBD53C	0x1800BE13C	ascii	|$pD
0xBD541	0x1800BE141	ascii	EXD+
0xBD566	0x1800BE166	ascii	L$dL
0xBD56B	0x1800BE16B	ascii	F Ic
0xBD57D	0x1800BE17D	ascii	T$df
0xBD5DB	0x1800BE1DB	ascii	L$hH
0xBD60F	0x1800BE20F	ascii	t$`D
0xBD66D	0x1800BE26D	ascii	t$`D;uP
0xBD6AA	0x1800BE2AA	ascii	"t""A;"
0xBD75F	0x1800BE35F	ascii	D$pH
0xBD76B	0x1800BE36B	ascii	^ HcN
0xBD795	0x1800BE395	ascii	D$@H
0xBD79A	0x1800BE39A	ascii	L$8H
0xBD79F	0x1800BE39F	ascii	L$0H
0xBD7A4	0x1800BE3A4	ascii	L$xH
0xBD7A9	0x1800BE3A9	ascii	D$pIc
0xBD7C4	0x1800BE3C4	ascii	|$pD+
0xBD7E6	0x1800BE3E6	ascii	L$dL
0xBD7EB	0x1800BE3EB	ascii	F Ic
0xBD7F2	0x1800BE3F2	ascii	F Ic
0xBD800	0x1800BE400	ascii	T$df
0xBD85E	0x1800BE45E	ascii	L$hH
0xBD961	0x1800BE561	ascii	MX;MP
0xBDAEE	0x1800BE6EE	ascii	tdA;
0xBDB6E	0x1800BE76E	ascii	N Ic
0xBDB8B	0x1800BE78B	ascii	u&H;
0xBDB98	0x1800BE798	ascii	+^ H
0xBDCD1	0x1800BE8D1	ascii	t@I;
0xBDCDA	0x1800BE8DA	ascii	N0Ic
0xBDCE9	0x1800BE8E9	ascii	t(I;
0xBDD07	0x1800BE907	ascii	D+~ A
0xBDD24	0x1800BE924	ascii	V ff
0xBDD4B	0x1800BE94B	ascii	"u""H;"
0xBDE32	0x1800BEA32	ascii	_^[]
0xBDEE1	0x1800BEAE1	ascii	|$0Hcy
0xBDF43	0x1800BEB43	ascii	|$0f
0xBDF75	0x1800BEB75	ascii	VAVAWH
0xBDFE5	0x1800BEBE5	ascii	|$H3
0xBE003	0x1800BEC03	ascii	|\Hc{
0xBE095	0x1800BEC95	ascii	|$HH
0xBE0ED	0x1800BECED	ascii	l$@H
0xBE0F2	0x1800BECF2	ascii	\$PH
0xBE0F8	0x1800BECF8	ascii	 A_A^^
0xBE100	0x1800BED00	ascii	@UATH
0xBE12C	0x1800BED2C	ascii	t$XH
0xBE131	0x1800BED31	ascii	|$`L
0xBE136	0x1800BED36	ascii	l$0Hc|
0xBE145	0x1800BED45	ascii	t$(Lct
0xBE156	0x1800BED56	ascii	|$ D
0xBE1D6	0x1800BEDD6	ascii	|uIc
0xBE223	0x1800BEE23	ascii	b}'ff
0xBE364	0x1800BEF64	ascii	\$PL
0xBE369	0x1800BEF69	ascii	l$0H
0xBE36E	0x1800BEF6E	ascii	|$`H
0xBE373	0x1800BEF73	ascii	t$XL
0xBE378	0x1800BEF78	ascii	t$(L
0xBE37D	0x1800BEF7D	ascii	|$ H
0xBE383	0x1800BEF83	ascii	8A\]
0xBE390	0x1800BEF90	ascii	@SAVH
0xBE3BF	0x1800BEFBF	ascii	l$@H
0xBE3C4	0x1800BEFC4	ascii	t$HH
0xBE3C9	0x1800BEFC9	ascii	|$PI
0xBE3DE	0x1800BEFDE	ascii	d$XLcd
0xBE3E8	0x1800BEFE8	ascii	|$ Lc|
0xBE433	0x1800BF033	ascii	E9J$~5
0xBE468	0x1800BF068	ascii	E;J$|
0xBE476	0x1800BF076	ascii	K0A+
0xBE4C6	0x1800BF0C6	ascii	|$PH
0xBE4CB	0x1800BF0CB	ascii	t$HH
0xBE4D0	0x1800BF0D0	ascii	l$@A
0xBE4E9	0x1800BF0E9	ascii	(A^[
0xBE507	0x1800BF107	ascii	L$PH
0xBE50C	0x1800BF10C	ascii	J Ic
0xBE557	0x1800BF157	ascii	s'M;
0xBE59E	0x1800BF19E	ascii	l$0H
0xBE5A3	0x1800BF1A3	ascii	\$8H
0xBE5A8	0x1800BF1A8	ascii	t$@H
0xBE5C0	0x1800BF1C0	ascii	@SUVWH
0xBE5CE	0x1800BF1CE	ascii	L$ D
0xBE62D	0x1800BF22D	ascii	8_^][
0xBE895	0x1800BF495	ascii	\$0H
0xBE8B9	0x1800BF4B9	ascii	\$0H
0xBE8E9	0x1800BF4E9	ascii	"{ *v""H"
0xBE928	0x1800BF528	ascii	HcC@Lk
0xBEA08	0x1800BF608	ascii	I+H8H
0xBEB10	0x1800BF710	ascii	@SVWH
0xBEB24	0x1800BF724	ascii	D$`D
0xBEB41	0x1800BF741	ascii	 sKA
0xBEC16	0x1800BF816	ascii	v#D;
0xBEC48	0x1800BF848	ascii	v&D;
0xBECE8	0x1800BF8E8	ascii	L$ H
0xBECED	0x1800BF8ED	ascii	D$ H
0xBECF5	0x1800BF8F5	ascii	t$:H
0xBECFA	0x1800BF8FA	ascii	t$BH
0xBECFF	0x1800BF8FF	ascii	t$JH
0xBED08	0x1800BF908	ascii	t$Zf
0xBED1B	0x1800BF91B	ascii	L$8D
0xBED20	0x1800BF920	ascii	D$,H
0xBED30	0x1800BF930	ascii	L$8f
0xBED6C	0x1800BF96C	ascii	L$`H3
0xBED7A	0x1800BF97A	ascii	p_^[
0xBED82	0x1800BF982	ascii	\$ VH
0xBED8C	0x1800BF98C	ascii	T$PH
0xBEDC5	0x1800BF9C5	ascii	l$0H
0xBEDCA	0x1800BF9CA	ascii	|$8A
0xBEDD3	0x1800BF9D3	ascii	t$@E
0xBEE3B	0x1800BFA3B	ascii	r/Lc
0xBEE88	0x1800BFA88	ascii	|$8H
0xBEE8D	0x1800BFA8D	ascii	l$0L
0xBEE92	0x1800BFA92	ascii	t$@H
0xBEE97	0x1800BFA97	ascii	\$HH
0xBEEAE	0x1800BFAAE	ascii	\$0H
0xBEED8	0x1800BFAD8	ascii	|$ H
0xBEF10	0x1800BFB10	ascii	|$ H
0xBEF6E	0x1800BFB6E	ascii	t$8H
0xBEF73	0x1800BFB73	ascii	|$ H
0xBEF78	0x1800BFB78	ascii	\$0H
0xBEF85	0x1800BFB85	ascii	UVATAVAWH
0xBEF9C	0x1800BFB9C	ascii	|$pM
0xBEFA4	0x1800BFBA4	ascii	l$xM
0xBEFD1	0x1800BFBD1	ascii	)t$0
0xBF070	0x1800BFC70	ascii	(t$0
0xBF190	0x1800BFD90	ascii	l$xH
0xBF24F	0x1800BFE4F	ascii	@A_A^A\^]
0xBF263	0x1800BFE63	ascii	USVWATAUAVAWH
0xBF322	0x1800BFF22	ascii	\$pt
0xBF3D3	0x1800BFFD3	ascii	l$8H
0xBF3D8	0x1800BFFD8	ascii	L$0L
0xBF3E4	0x1800BFFE4	ascii	l$ A
0xBF7EE	0x1800C03EE	ascii	A_A^A]A\_^[]
0xBF93B	0x1800C053B	ascii	L$xA
0xBF945	0x1800C0545	ascii	D$tA
0xBF95E	0x1800C055E	ascii	tfE8
0xBF9DA	0x1800C05DA	ascii	t$E9
0xBFA20	0x1800C0620	ascii	uSIc
0xBFA72	0x1800C0672	ascii	\$p@2
0xBFA7F	0x1800C067F	ascii	toIc
0xBFACA	0x1800C06CA	ascii	\$pu!A
0xBFB1B	0x1800C071B	ascii	t$cH
0xBFB59	0x1800C0759	ascii	@8t$bu
0xBFB62	0x1800C0762	ascii	t$fE
0xBFB96	0x1800C0796	ascii	t$ M
0xBFC86	0x1800C0886	ascii	_8Lc
0xBFCA9	0x1800C08A9	ascii	"D93u""H"
0xBFD39	0x1800C0939	ascii	D$xA
0xBFD5B	0x1800C095B	ascii	L$8L
0xBFD60	0x1800C0960	ascii	L$0H
0xBFD6C	0x1800C096C	ascii	l$ A
0xBFDA7	0x1800C09A7	ascii	D$xE3
0xBFDD6	0x1800C09D6	ascii	T$pE
0xBFE39	0x1800C0A39	ascii	D$l8T$bt
0xBFE55	0x1800C0A55	ascii	D$lE
0xBFE6C	0x1800C0A6C	ascii	D$lA
0xBFE80	0x1800C0A80	ascii	\$eD
0xBFE86	0x1800C0A86	ascii	t$cE
0xBFE98	0x1800C0A98	ascii	t$fE9
0xC007B	0x1800C0C7B	ascii	G E9
0xC00D9	0x1800C0CD9	ascii	\$lH
0xC012B	0x1800C0D2B	ascii	l$aE
0xC0135	0x1800C0D35	ascii	l$aD
0xC0182	0x1800C0D82	ascii	"t""D9w"
0xC047C	0x1800C107C	ascii	D$x 
0xC04F5	0x1800C10F5	ascii	D$xH
0xC054B	0x1800C114B	ascii	L$tA
0xC0591	0x1800C1191	ascii	8L$b
0xC059F	0x1800C119F	ascii	l$xHc
0xC0623	0x1800C1223	ascii	l$aA
0xC0674	0x1800C1274	ascii	8T$g
0xC06CB	0x1800C12CB	ascii	D$lI
0xC06DC	0x1800C12DC	ascii	tcE2
0xC06E3	0x1800C12E3	ascii	L$cE2
0xC06EB	0x1800C12EB	ascii	D$dD
0xC06F0	0x1800C12F0	ascii	l$aI
0xC0705	0x1800C1305	ascii	L$bD8
0xC0729	0x1800C1329	ascii	L$bD
0xC072E	0x1800C132E	ascii	l$aD
0xC0733	0x1800C1333	ascii	D$dD
0xC0738	0x1800C1338	ascii	L$cH
0xC0745	0x1800C1345	ascii	D$bI
0xC083D	0x1800C143D	ascii	l$tD
0xC0842	0x1800C1442	ascii	d$pE
0xC0848	0x1800C1448	ascii	u(D9m
0xC086A	0x1800C146A	ascii	d$pD
0xC0F22	0x1800C1B22	ascii	T$lH
0xC0FF6	0x1800C1BF6	ascii	T$lH
0xC107B	0x1800C1C7B	ascii	T$lH
0xC11C9	0x1800C1DC9	ascii	D8l$bt
0xC121C	0x1800C1E1C	ascii	u@8T$bt
0xC129E	0x1800C1E9E	ascii	G0D80t
0xC12C6	0x1800C1EC6	ascii	T$gE2
0xC12EE	0x1800C1EEE	ascii	8D$ft/H
0xC13CC	0x1800C1FCC	ascii	D$xH
0xC16CF	0x1800C22CF	ascii	T$(D
0xC1761	0x1800C2361	ascii	D$aD
0xC1767	0x1800C2367	ascii	L$`H
0xC1786	0x1800C2386	ascii	D$aD
0xC17A8	0x1800C23A8	ascii	D9d$t
0xC17CC	0x1800C23CC	ascii	l$ D
0xC18B0	0x1800C24B0	ascii	sGE3
0xC1AA4	0x1800C26A4	ascii	D$ L
0xC1ACF	0x1800C26CF	ascii	T$tH
0xC1B04	0x1800C2704	ascii	T$tE9
0xC1C75	0x1800C2875	ascii	d$pE
0xC1CD7	0x1800C28D7	ascii	D$ A
0xC1E0E	0x1800C2A0E	ascii	D$hD:
0xC1F69	0x1800C2B69	ascii	8D$at
0xC1F97	0x1800C2B97	ascii	d$ M
0xC1FC1	0x1800C2BC1	ascii	L$lfE
0xC2046	0x1800C2C46	ascii	t#D9
0xC20AC	0x1800C2CAC	ascii	D$8L
0xC20B1	0x1800C2CB1	ascii	\$0H
0xC20C5	0x1800C2CC5	ascii	D$ A
0xC22A5	0x1800C2EA5	ascii	D$`A
0xC2500	0x1800C3100	ascii	D$0H
0xC25A9	0x1800C31A9	ascii	t$0L
0xC2685	0x1800C3285	ascii	|$ D
0xC26AF	0x1800C32AF	ascii	\$lD;
0xC272C	0x1800C332C	ascii	D$8H
0xC2731	0x1800C3331	ascii	D$0L
0xC284A	0x1800C344A	ascii	E,Hc
0xC2862	0x1800C3462	ascii	D$@L
0xC2867	0x1800C3467	ascii	L$8H
0xC286C	0x1800C346C	ascii	D$0H
0xC2875	0x1800C3475	ascii	D$(D
0xC287A	0x1800C347A	ascii	\$ L
0xC29DF	0x1800C35DF	ascii	L$ L
0xC29F7	0x1800C35F7	ascii	u]E9
0xC2A00	0x1800C3600	ascii	uTfA
0xC2A5D	0x1800C365D	ascii	d$hE
0xC2ACB	0x1800C36CB	ascii	tJHc
0xC2C95	0x1800C3895	ascii	t$ L
0xC2D77	0x1800C3977	ascii	D$x@
0xC2D97	0x1800C3997	ascii	t$ WH
0xC2DA3	0x1800C39A3	ascii	)t$`H
0xC2DAF	0x1800C39AF	ascii	)|$PH
0xC2E54	0x1800C3A54	ascii	)D$@fD
0xC2FA7	0x1800C3BA7	ascii	(D$@
0xC2FCC	0x1800C3BCC	ascii	HcAt
0xC307B	0x1800C3C7B	ascii	(t$`L
0xC3081	0x1800C3C81	ascii	\$pI
0xC308D	0x1800C3C8D	ascii	(|$PI
0xC30AD	0x1800C3CAD	ascii	\$0H
0xC3119	0x1800C3D19	ascii	t$8I
0xC3253	0x1800C3E53	ascii	t$8I
0xC325F	0x1800C3E5F	ascii	|$ H
0xC3297	0x1800C3E97	ascii	UVWATAUAVAWI
0xC32E2	0x1800C3EE2	ascii	L$pD
0xC3368	0x1800C3F68	ascii	D$ E3
0xC33E6	0x1800C3FE6	ascii	l$dt
0xC3582	0x1800C4182	ascii	D$@D
0xC35FC	0x1800C41FC	ascii	D$Ht
0xC36A5	0x1800C42A5	ascii	|$BE
0xC36F0	0x1800C42F0	ascii	u)A9
0xC3722	0x1800C4322	ascii	"M99t""E"
0xC372E	0x1800C432E	ascii	B^8B]u
0xC3787	0x1800C4387	ascii	L$ L
0xC37A3	0x1800C43A3	ascii	D$AH
0xC37B4	0x1800C43B4	ascii	t$AE2
0xC38AE	0x1800C44AE	ascii	D:|$Bt
0xC38E7	0x1800C44E7	ascii	L$ L
0xC397F	0x1800C457F	ascii	L$xL
0xC3997	0x1800C4597	ascii	L$TA
0xC39DE	0x1800C45DE	ascii	D$hD
0xC39F5	0x1800C45F5	ascii	d$ H
0xC3A67	0x1800C4667	ascii	D$pH
0xC3A70	0x1800C4670	ascii	L$0H
0xC3A7C	0x1800C467C	ascii	D$(H
0xC3A95	0x1800C4695	ascii	\$TE3
0xC3A9D	0x1800C469D	ascii	D$ H
0xC3B88	0x1800C4788	ascii	A_A^A]A\_^]
0xC3BB8	0x1800C47B8	ascii	)t$ 
0xC3C87	0x1800C4887	ascii	Y-Kh
0xC3DAE	0x1800C49AE	ascii	Y5$g
0xC3E21	0x1800C4A21	ascii	(t$ 
0xC3E43	0x1800C4A43	ascii	USVAUAWI
0xC3F90	0x1800C4B90	ascii	T$ H
0xC4035	0x1800C4C35	ascii	\5yb
0xC403D	0x1800C4C3D	ascii	\=qb
0xC40A0	0x1800C4CA0	ascii	(T$`A
0xC40AD	0x1800C4CAD	ascii	(L$pA
0xC417A	0x1800C4D7A	ascii	A_A]^[]
0xC4197	0x1800C4D97	ascii	l$ VH
0xC41C0	0x1800C4DC0	ascii	|$PL
0xC41C5	0x1800C4DC5	ascii	t$XL
0xC41DD	0x1800C4DDD	ascii	@t*D
0xC4239	0x1800C4E39	ascii	L$0H
0xC4245	0x1800C4E45	ascii	L$(L
0xC4261	0x1800C4E61	ascii	t$XH
0xC4266	0x1800C4E66	ascii	|$PH
0xC426B	0x1800C4E6B	ascii	\$`H
0xC4270	0x1800C4E70	ascii	l$hH
0xC4350	0x1800C4F50	ascii	@SUVWAVH
0xC4378	0x1800C4F78	ascii	s(9C0t
0xC4390	0x1800C4F90	ascii	L$ H
0xC4437	0x1800C5037	ascii	D8sYu#
0xC4511	0x1800C5111	ascii	/L$ 
0xC451C	0x1800C511C	ascii	/T$$
0xC46F4	0x1800C52F4	ascii	u D8
0xC47DB	0x1800C53DB	ascii	0A^_^][
0xC47ED	0x1800C53ED	ascii	0A^_^][
0xC480E	0x1800C540E	ascii	SVWAVAWH
0xC4842	0x1800C5442	ascii	D$8I
0xC485D	0x1800C545D	ascii	D$2t
0xC4875	0x1800C5475	ascii	D$2A
0xC4894	0x1800C5494	ascii	l$XA
0xC489D	0x1800C549D	ascii	d$PD
0xC48C0	0x1800C54C0	ascii	D$1E2
0xC4900	0x1800C5500	ascii	D$4D
0xC4A6B	0x1800C566B	ascii	|$ M
0xC4AA0	0x1800C56A0	ascii	tsE3
0xC4CAA	0x1800C58AA	ascii	L$0L
0xC4D3F	0x1800C593F	ascii	d$PH
0xC4D44	0x1800C5944	ascii	l$XL9~
0xC4D5F	0x1800C595F	ascii	l$Hu
0xC4D71	0x1800C5971	ascii	L9~ u
0xC4D98	0x1800C5998	ascii	`A_A^_^[
0xC4E14	0x1800C5A14	ascii	D$&f
0xC4E40	0x1800C5A40	ascii	@SVWAVH
0xC4E64	0x1800C5A64	ascii	~<M;
0xC4E86	0x1800C5A86	ascii	CHH9B
0xC4E9B	0x1800C5A9B	ascii	HA^_^[
0xC4EAB	0x1800C5AAB	ascii	l$pI
0xC4F0A	0x1800C5B0A	ascii	D$&f
0xC4F17	0x1800C5B17	ascii	l$pH
0xC4F23	0x1800C5B23	ascii	HA^_^[
0xC4F4E	0x1800C5B4E	ascii	fD9I
0xC4F5E	0x1800C5B5E	ascii	fD9Q
0xC4F70	0x1800C5B70	ascii	,L$(fA9H
0xC503B	0x1800C5C3B	ascii	)t$0
0xC5040	0x1800C5C40	ascii	)|$ 
0xC521C	0x1800C5E1C	ascii	(t$0
0xC5229	0x1800C5E29	ascii	(|$ 
0xC5251	0x1800C5E51	ascii	\$PH
0xC52F0	0x1800C5EF0	ascii	@SUVWAVH
0xC530A	0x1800C5F0A	ascii	D$XH
0xC5319	0x1800C5F19	ascii	\$0I
0xC5351	0x1800C5F51	ascii	L$PL
0xC5377	0x1800C5F77	ascii	)T$p
0xC5386	0x1800C5F86	ascii	)\$`
0xC540D	0x1800C600D	ascii	\$0I
0xC54C9	0x1800C60C9	ascii	t$8A
0xC5557	0x1800C6157	ascii	t E3
0xC555F	0x1800C615F	ascii	|$ E3
0xC5567	0x1800C6167	ascii	L$8H
0xC55F8	0x1800C61F8	ascii	D$8H
0xC57E1	0x1800C63E1	ascii	Y=5K
0xC5829	0x1800C6429	ascii	(\$`D
0xC582F	0x1800C642F	ascii	(T$pD
0xC594B	0x1800C654B	ascii	L$XH3
0xC595D	0x1800C655D	ascii	A^_^][
0xC59C3	0x1800C65C3	ascii	USVWATAUAVAWH
0xC5A20	0x1800C6620	ascii	\I4L
0xC5A38	0x1800C6638	ascii	D$ E3
0xC5A6C	0x1800C666C	ascii	C09D
0xC5B43	0x1800C6743	ascii	9C(u
0xC5B4F	0x1800C674F	ascii	9C u
0xC5B5B	0x1800C675B	ascii	9C$u
0xC5BB8	0x1800C67B8	ascii	t$Hc
0xC5D1C	0x1800C691C	ascii	D$XD
0xC5D4E	0x1800C694E	ascii	Cx;C D
0xC5D89	0x1800C6989	ascii	L$<A
0xC5D9C	0x1800C699C	ascii	T$@;
0xC5EBD	0x1800C6ABD	ascii	T$03
0xC5EC4	0x1800C6AC4	ascii	D$(A
0xC5F0F	0x1800C6B0F	ascii	;C E
0xC5F1C	0x1800C6B1C	ascii	D$(E
0xC5F2F	0x1800C6B2F	ascii	HcG 
0xC611B	0x1800C6D1B	ascii	D8l$ t
0xC620F	0x1800C6E0F	ascii	wSIc
0xC6280	0x1800C6E80	ascii	wTIcD
0xC62F2	0x1800C6EF2	ascii	wTIcD
0xC6363	0x1800C6F63	ascii	wQHcD
0xC63E5	0x1800C6FE5	ascii	wPHc
0xC64C2	0x1800C70C2	ascii	CPD9u
0xC65EA	0x1800C71EA	ascii	D8t$(u
0xC6607	0x1800C7207	ascii	D9s$u
0xC660F	0x1800C720F	ascii	D$0H
0xC6655	0x1800C7255	ascii	,G9,
0xC668C	0x1800C728C	ascii	\[4I
0xC6814	0x1800C7414	ascii	tPD8
0xC683F	0x1800C743F	ascii	s%H9
0xC69B5	0x1800C75B5	ascii	SdA;G
0xC69DE	0x1800C75DE	ascii	YW@v
0xC6AB6	0x1800C76B6	ascii	A_A^A]A\_^[]
0xC6AD3	0x1800C76D3	ascii	SUVWAVAWH
0xC6B57	0x1800C7757	ascii	)\$pD
0xC6B5D	0x1800C775D	ascii	)d$`D
0xC6B63	0x1800C7763	ascii	)l$PD
0xC6B69	0x1800C7769	ascii	)t$@
0xC6E2A	0x1800C7A2A	ascii	(l$PL
0xC6E64	0x1800C7A64	ascii	(t$@
0xC6E7A	0x1800C7A7A	ascii	A_A^_^][
0xC6EE0	0x1800C7AE0	ascii	@SUVWAVAWH
0xC6F07	0x1800C7B07	ascii	I8E3
0xC6F0D	0x1800C7B0D	ascii	)t$p
0xC6F2D	0x1800C7B2D	ascii	)|$`
0xC6F37	0x1800C7B37	ascii	)D$P
0xC6F4F	0x1800C7B4F	ascii	)L$@
0xC6F67	0x1800C7B67	ascii	XY4D
0xC70B2	0x1800C7CB2	ascii	uBHcG 
0xC70DA	0x1800C7CDA	ascii	9F L
0xC7110	0x1800C7D10	ascii	(t$pH
0xC7118	0x1800C7D18	ascii	(|$`
0xC7127	0x1800C7D27	ascii	(D$P
0xC7136	0x1800C7D36	ascii	(L$@H
0xC7141	0x1800C7D41	ascii	A_A^_^][
0xC7157	0x1800C7D57	ascii	t$ WH
0xC718A	0x1800C7D8A	ascii	D$ H
0xC718F	0x1800C7D8F	ascii	L$0A
0xC71B3	0x1800C7DB3	ascii	X\$0
0xC71B9	0x1800C7DB9	ascii	XT$4
0xC720C	0x1800C7E0C	ascii	L$8H3
0xC7219	0x1800C7E19	ascii	\$`H
0xC721E	0x1800C7E1E	ascii	t$hH
0xC7255	0x1800C7E55	ascii	)t$@
0xC725A	0x1800C7E5A	ascii	)|$0
0xC7276	0x1800C7E76	ascii	z,u*@
0xC7363	0x1800C7F63	ascii	)D$ D
0xC73F5	0x1800C7FF5	ascii	_=U/
0xC7405	0x1800C8005	ascii	(D$ 
0xC740E	0x1800C800E	ascii	(|$0@
0xC74BF	0x1800C80BF	ascii	t$A;
0xC74F0	0x1800C80F0	ascii	\$`H
0xC74F9	0x1800C80F9	ascii	(t$@H
0xC75E0	0x1800C81E0	ascii	\$8H
0xC760F	0x1800C820F	ascii	t$0H
0xC76C8	0x1800C82C8	ascii	\$8H
0xC76F6	0x1800C82F6	ascii	D$hH
0xC773D	0x1800C833D	ascii	D$(H
0xC7782	0x1800C8382	ascii	D$XH
0xC778B	0x1800C838B	ascii	D$`H
0xC77F0	0x1800C83F0	ascii	D$0H
0xC77FC	0x1800C83FC	ascii	D$8H
0xC7808	0x1800C8408	ascii	D$@H
0xC7814	0x1800C8414	ascii	D$HH
0xC7892	0x1800C8492	ascii	L$hH3
0xC78B0	0x1800C84B0	ascii	@SUVWH
0xC7986	0x1800C8586	ascii	(_^][H
0xC7BFF	0x1800C87FF	ascii	)D$pD
0xC7C05	0x1800C8805	ascii	)L$`D
0xC7C0B	0x1800C880B	ascii	)T$P8
0xC80B7	0x1800C8CB7	ascii	(T$P
0xC80F8	0x1800C8CF8	ascii	(L$`
0xC8122	0x1800C8D22	ascii	(D$p
0xC817B	0x1800C8D7B	ascii	D$HH
0xC81A0	0x1800C8DA0	ascii	D$ H
0xC81B1	0x1800C8DB1	ascii	D$(H
0xC81B6	0x1800C8DB6	ascii	L$@+D$ H
0xC81CB	0x1800C8DCB	ascii	D$,+D$$
0xC829F	0x1800C8E9F	ascii	nT$<H
0xC82A8	0x1800C8EA8	ascii	nL$8
0xC83ED	0x1800C8FED	ascii	9W(t
0xC8407	0x1800C9007	ascii	L$HH3
0xC8414	0x1800C9014	ascii	\$`H
0xC8419	0x1800C9019	ascii	t$hH
0xC86F8	0x1800C92F8	ascii	Jw`H
0xC891A	0x1800C951A	ascii	lllll
0xC8921	0x1800C9521	ascii	llllll
0xC8928	0x1800C9528	ascii	llll
0xC8946	0x1800C9546	ascii	lllllll
0xC8951	0x1800C9551	ascii	" !""#$%&'()*+,-./012345678ll9:;<=>?@ABCDlEFGHIJKLMNOPQRSTUVWXYZ[\]^_llllllll`allllllllllllllbcdefghilllllllllllllllllllljlk"
0xC8A50	0x1800C9650	ascii	@USVWATAUAVAWH
0xC8C5A	0x1800C985A	ascii	u @8
0xC9032	0x1800C9C32	ascii	d$(E
0xC903A	0x1800C9C3A	ascii	D$ A
0xC9486	0x1800CA086	ascii	A_A^A]A\_^[]
0xC967C	0x1800CA27C	ascii	L$ SVWH
0xC968B	0x1800CA28B	ascii	t$`H
0xC969B	0x1800CA29B	ascii	t$ L
0xC96B0	0x1800CA2B0	ascii	0_^[
0xC9721	0x1800CA321	ascii	\$0H
0xC972D	0x1800CA32D	ascii	t$8H
0xC97A3	0x1800CA3A3	ascii	|$ H
0xC97A8	0x1800CA3A8	ascii	t$8H
0xC97AD	0x1800CA3AD	ascii	\$0H
0xC9862	0x1800CA462	ascii	D$@H
0xC9877	0x1800CA477	ascii	L$@H3
0xC9894	0x1800CA494	ascii	l$hH
0xC9899	0x1800CA499	ascii	|$pL
0xC98AA	0x1800CA4AA	ascii	D$(H
0xC9918	0x1800CA518	ascii	|$4H
0xC993A	0x1800CA53A	ascii	u#9L$4u
0xC9944	0x1800CA544	ascii	L$4H
0xC994C	0x1800CA54C	ascii	D$0H
0xC9A07	0x1800CA607	ascii	t$xH
0xC9ABE	0x1800CA6BE	ascii	;|$8|
0xC9ACD	0x1800CA6CD	ascii	\$`H
0xC9AD2	0x1800CA6D2	ascii	L$@H3
0xC9AF0	0x1800CA6F0	ascii	@SUVWATAVAWH
0xC9B0B	0x1800CA70B	ascii	D$(E3
0xC9B45	0x1800CA745	ascii	D9cHt
0xC9B65	0x1800CA765	ascii	D9cLt
0xC9BC4	0x1800CA7C4	ascii	D$ H
0xC9BE2	0x1800CA7E2	ascii	D8cWu
0xC9D1B	0x1800CA91B	ascii	L$(H3
0xC9D29	0x1800CA929	ascii	0A_A^A\_^][
0xC9D40	0x1800CA940	ascii	@SUVWAVAWH
0xC9E6B	0x1800CAA6B	ascii	Xn(@
0xC9EE8	0x1800CAAE8	ascii	)D$`
0xC9F26	0x1800CAB26	ascii	L$@E3
0xC9F88	0x1800CAB88	ascii	K<E3
0xC9FB0	0x1800CABB0	ascii	K@E3
0xCA01E	0x1800CAC1E	ascii	A_A^_^][
0xCA033	0x1800CAC33	ascii	USAWI
0xCA074	0x1800CAC74	ascii	YA,M
0xCA0FE	0x1800CACFE	ascii	\$8H
0xCA13C	0x1800CAD3C	ascii	E8nat
0xCA156	0x1800CAD56	ascii	l$XH
0xCA179	0x1800CAD79	ascii	E8n`t
0xCA268	0x1800CAE68	ascii	D$5E8n%u
0xCA290	0x1800CAE90	ascii	l$0H
0xCA295	0x1800CAE95	ascii	T$PD
0xCA2AA	0x1800CAEAA	ascii	L$PE
0xCA2E7	0x1800CAEE7	ascii	l$@H
0xCA2EC	0x1800CAEEC	ascii	D$HL;
0xCA304	0x1800CAF04	ascii	HcF Hc~
0xCA31C	0x1800CAF1C	ascii	tlI9^P}
0xCA32C	0x1800CAF2C	ascii	^PE3
0xCA33F	0x1800CAF3F	ascii	I9~X}
0xCA34D	0x1800CAF4D	ascii	~XE3
0xCA3F1	0x1800CAFF1	ascii	L$PE
0xCA4EC	0x1800CB0EC	ascii	l$@I
0xCA4F5	0x1800CB0F5	ascii	l$@L;l$H
0xCA50A	0x1800CB10A	ascii	t$2H
0xCA51E	0x1800CB11E	ascii	L$TD
0xCA57D	0x1800CB17D	ascii	T$X3
0xCA5BB	0x1800CB1BB	ascii	L$tD
0xCA710	0x1800CB310	ascii	A_[]
0xCA765	0x1800CB365	ascii	t$xH
0xCA77F	0x1800CB37F	ascii	T$P3
0xCA81A	0x1800CB41A	ascii	|$@A
0xCA842	0x1800CB442	ascii	D$TH
0xCA885	0x1800CB485	ascii	{HHcC@H
0xCA8E1	0x1800CB4E1	ascii	T$(3
0xCA94C	0x1800CB54C	ascii	@8sWu
0xCA963	0x1800CB563	ascii	t$xH
0xCA968	0x1800CB568	ascii	L$XH3
0xCA987	0x1800CB587	ascii	l$ VWAVH
0xCA99E	0x1800CB59E	ascii	D$8H
0xCA9C3	0x1800CB5C3	ascii	t$4D
0xCA9C8	0x1800CB5C8	ascii	t$0L
0xCA9ED	0x1800CB5ED	ascii	D8t$4u!
0xCAA24	0x1800CB624	ascii	t$ I
0xCAA5F	0x1800CB65F	ascii	t$ L
0xCAB10	0x1800CB710	ascii	L$8H3
0xCAB1D	0x1800CB71D	ascii	\$pH
0xCAB22	0x1800CB722	ascii	l$xH
0xCAB28	0x1800CB728	ascii	@A^_^
0xCAB3A	0x1800CB73A	ascii	VWAVH
0xCAB70	0x1800CB770	ascii	t$4D
0xCAB75	0x1800CB775	ascii	t$0L
0xCAB9A	0x1800CB79A	ascii	D8t$4u%
0xCABD5	0x1800CB7D5	ascii	t$ I
0xCAC10	0x1800CB810	ascii	t$ L
0xCACC1	0x1800CB8C1	ascii	L$8H3
0xCACCE	0x1800CB8CE	ascii	\$hH
0xCACD3	0x1800CB8D3	ascii	l$pH
0xCACD9	0x1800CB8D9	ascii	@A^_^
0xCACFB	0x1800CB8FB	ascii	D$XH
0xCAD60	0x1800CB960	ascii	T$0H
0xCAD84	0x1800CB984	ascii	D$ H
0xCAD94	0x1800CB994	ascii	D$ =
0xCAE45	0x1800CBA45	ascii	l$HH
0xCAFB4	0x1800CBBB4	ascii	|$pH
0xCAFB9	0x1800CBBB9	ascii	L$XH3
0xCAFC6	0x1800CBBC6	ascii	\$xH
0xCAFE2	0x1800CBBE2	ascii	t$ WAVAWH
0xCB013	0x1800CBC13	ascii	t$XL
0xCB018	0x1800CBC18	ascii	|$`H
0xCB091	0x1800CBC91	ascii	l$xH
0xCB0B8	0x1800CBCB8	ascii	T$ H
0xCB0D9	0x1800CBCD9	ascii	\$(H;
0xCB101	0x1800CBD01	ascii	l$x3
0xCB12A	0x1800CBD2A	ascii	T$ H
0xCB150	0x1800CBD50	ascii	t$8H
0xCB155	0x1800CBD55	ascii	t$ H
0xCB194	0x1800CBD94	ascii	u@I;
0xCB245	0x1800CBE45	ascii	A_A^_
0xCB2E0	0x1800CBEE0	ascii	D$PA
0xCB30C	0x1800CBF0C	ascii	L$PH3
0xCB320	0x1800CBF20	ascii	L$PH3
0xCB330	0x1800CBF30	ascii	@SUAVH
0xCB35A	0x1800CBF5A	ascii	T$ E
0xCB435	0x1800CC035	ascii	T$ H
0xCB47A	0x1800CC07A	ascii	A^][
0xCB4F0	0x1800CC0F0	ascii	@SVWATAUAWH
0xCB50A	0x1800CC10A	ascii	D$@E3
0xCB571	0x1800CC171	ascii	9D$,uy
0xCB57D	0x1800CC17D	ascii	9D$(tmH
0xCB653	0x1800CC253	ascii	H9+t~A
0xCB663	0x1800CC263	ascii	t$Pff
0xCB6E2	0x1800CC2E2	ascii	L$@H3
0xCB6F0	0x1800CC2F0	ascii	XA_A]A\_^[
0xCB732	0x1800CC332	ascii	L$ Hk
0xCB797	0x1800CC397	ascii	D$ L
0xCB79C	0x1800CC39C	ascii	L$ H
0xCB7C8	0x1800CC3C8	ascii	L$(H3
0xCB7D5	0x1800CC3D5	ascii	\$HH
0xCB7DA	0x1800CC3DA	ascii	t$PH
0xCB83C	0x1800CC43C	ascii	|$PA
0xCB862	0x1800CC462	ascii	t$XA;
0xCB8A1	0x1800CC4A1	ascii	t$ M
0xCB8AB	0x1800CC4AB	ascii	l$@3
0xCB8F8	0x1800CC4F8	ascii	t$HH
0xCB90F	0x1800CC50F	ascii	l$@L
0xCB91B	0x1800CC51B	ascii	|$PH
0xCB930	0x1800CC530	ascii	@SUVWAVH
0xCB947	0x1800CC547	ascii	D$X3
0xCB9D5	0x1800CC5D5	ascii	8J;<
0xCBA11	0x1800CC611	ascii	L$ H
0xCBA16	0x1800CC616	ascii	|$ H
0xCBA1B	0x1800CC61B	ascii	l$(H
0xCBAF8	0x1800CC6F8	ascii	D$ 3
0xCBAFE	0x1800CC6FE	ascii	T$@A
0xCBB10	0x1800CC710	ascii	L$0I
0xCBB18	0x1800CC718	ascii	D$8I
0xCBB3B	0x1800CC73B	ascii	D$HI
0xCBB44	0x1800CC744	ascii	D$PI
0xCBBAF	0x1800CC7AF	ascii	L$XH3
0xCBBBD	0x1800CC7BD	ascii	`A^_^][
0xCBBD7	0x1800CC7D7	ascii	t$ WH
0xCBC55	0x1800CC855	ascii	8J;<
0xCBCAB	0x1800CC8AB	ascii	l$@3
0xCBD1D	0x1800CC91D	ascii	t$H3
0xCBD31	0x1800CC931	ascii	t$XH
0xCBD49	0x1800CC949	ascii	{ UATAUAVAWI
0xCBE75	0x1800CCA75	ascii	u!HcE
0xCBF24	0x1800CCB24	ascii	utI;
0xCBFCB	0x1800CCBCB	ascii	T0(A
0xCBFD7	0x1800CCBD7	ascii	\00E
0xCC122	0x1800CCD22	ascii	M'H3
0xCC13F	0x1800CCD3F	ascii	A_A^A]A\]
0xCC15B	0x1800CCD5B	ascii	\$XL
0xCC163	0x1800CCD63	ascii	|$ H
0xCC186	0x1800CCD86	ascii	<$E2
0xCC18F	0x1800CCD8F	ascii	t$PI
0xCC22D	0x1800CCE2D	ascii	l$0H
0xCC242	0x1800CCE42	ascii	<@u_A
0xCC26C	0x1800CCE6C	ascii	t$PA
0xCC2A1	0x1800CCEA1	ascii	<@thE
0xCC31D	0x1800CCF1D	ascii	P!<$u
0xCC32F	0x1800CCF2F	ascii	t$P@
0xCC349	0x1800CCF49	ascii	t$P@2
0xCC3A8	0x1800CCFA8	ascii	D$HE
0xCC44A	0x1800CD04A	ascii	 tgA
0xCC4DA	0x1800CD0DA	ascii	$8< 
0xCC4E8	0x1800CD0E8	ascii	$8<(
0xCC4FE	0x1800CD0FE	ascii	$8< 
0xCC555	0x1800CD155	ascii	tk@8)t
0xCC5B4	0x1800CD1B4	ascii	$8<(v
0xCC604	0x1800CD204	ascii	L$Hu>A
0xCC619	0x1800CD219	ascii	L$HA
0xCC64B	0x1800CD24B	ascii	t?A:
0xCC6B5	0x1800CD2B5	ascii	|$@L
0xCC6D4	0x1800CD2D4	ascii	|$@L
0xCC6E8	0x1800CD2E8	ascii	H!@A
0xCC6F5	0x1800CD2F5	ascii	|$@L
0xCC71E	0x1800CD31E	ascii	t$(H
0xCC723	0x1800CD323	ascii	l$0@
0xCC75D	0x1800CD35D	ascii	H! I
0xCC7E3	0x1800CD3E3	ascii	|$ E*
0xCC7EF	0x1800CD3EF	ascii	\$XE
0xCC987	0x1800CD587	ascii	t!eH
0xCCA88	0x1800CD688	ascii	L$PH
0xCCA8D	0x1800CD68D	ascii	\$0H
0xCCA92	0x1800CD692	ascii	l$8H
0xCCA97	0x1800CD697	ascii	t$@H
0xCCBC3	0x1800CD7C3	ascii	uxHc
0xCCBE7	0x1800CD7E7	ascii	uTL+
0xCCE53	0x1800CDA53	ascii	SVWAVH
0xCCE7F	0x1800CDA7F	ascii	\$pH
0xCCE8C	0x1800CDA8C	ascii	|$`H
0xCCEA8	0x1800CDAA8	ascii	8A^_^[
0xCCEBA	0x1800CDABA	ascii	WAVAWH
0xCCED3	0x1800CDAD3	ascii	\$8H;
0xCCEE0	0x1800CDAE0	ascii	|$`H
0xCCEF8	0x1800CDAF8	ascii	\$hH
0xCCEFD	0x1800CDAFD	ascii	t$pH
0xCCF03	0x1800CDB03	ascii	@A_A^_
0xCCF1F	0x1800CDB1F	ascii	WAVAWH
0xCCF56	0x1800CDB56	ascii	|$PH
0xCCF6A	0x1800CDB6A	ascii	\$`H
0xCCF6F	0x1800CDB6F	ascii	t$hH
0xCCF75	0x1800CDB75	ascii	0A_A^_
0xCCFE0	0x1800CDBE0	ascii	|$ AVH
0xCD006	0x1800CDC06	ascii	D$@@
0xCD0CA	0x1800CDCCA	ascii	\$0H
0xCD0CF	0x1800CDCCF	ascii	t$8H
0xCD0D4	0x1800CDCD4	ascii	|$HH
0xCD107	0x1800CDD07	ascii	\$@H
0xCD182	0x1800CDD82	ascii	VWAVH
0xCD28C	0x1800CDE8C	ascii	\$xH
0xCD292	0x1800CDE92	ascii	@A^_^
0xCD2C3	0x1800CDEC3	ascii	\$0H
0xCD2C8	0x1800CDEC8	ascii	t$8H
0xCD328	0x1800CDF28	ascii	t$ WH
0xCD338	0x1800CDF38	ascii	ntel
0xCD33E	0x1800CDF3E	ascii	ineI
0xCD34D	0x1800CDF4D	ascii	Genu
0xCD37C	0x1800CDF7C	ascii	t(=`
0xCD383	0x1800CDF83	ascii	t!=p
0xCD393	0x1800CDF93	ascii	 w$H
0xCD486	0x1800CE086	ascii	D$ $
0xCD4E8	0x1800CE0E8	ascii	"D$ """
0xCD538	0x1800CE138	ascii	"D$ """
0xCD58D	0x1800CE18D	ascii	D$ H
0xCD5A2	0x1800CE1A2	ascii	\$(3
0xCD5A9	0x1800CE1A9	ascii	l$0H
0xCD5AE	0x1800CE1AE	ascii	t$8H
0xCD645	0x1800CE245	ascii	 H3E
0xCD678	0x1800CE278	ascii	\$PH
0xCD6FF	0x1800CE2FF	ascii	\$0H
0xCD73B	0x1800CE33B	ascii	\$0H
0xCD8A3	0x1800CE4A3	ascii	t!fff
0xCD8B0	0x1800CE4B0	ascii	@89I
0xCD9E0	0x1800CE5E0	ascii	@SUWAVAWH
0xCD9ED	0x1800CE5ED	ascii	)t$@H
0xCD9FD	0x1800CE5FD	ascii	D$0L
0xCDA15	0x1800CE615	ascii	L$ L
0xCDA2E	0x1800CE62E	ascii	ot$ I;
0xCDA66	0x1800CE666	ascii	L$ H
0xCDA73	0x1800CE673	ascii	oD$ 
0xCDA9C	0x1800CE69C	ascii	t$XH
0xCDAB9	0x1800CE6B9	ascii	ot$ I;
0xCDB2C	0x1800CE72C	ascii	L$ H
0xCDB39	0x1800CE739	ascii	oL$ E
0xCDB88	0x1800CE788	ascii	t$XH
0xCDB8D	0x1800CE78D	ascii	L$0H3
0xCDB99	0x1800CE799	ascii	(t$@H
0xCDBA0	0x1800CE7A0	ascii	`A_A^_][
0xCDF4E	0x1800CEB4E	ascii	\$pI
0xCDF5A	0x1800CEB5A	ascii	(t$`
0xCDF5F	0x1800CEB5F	ascii	(|$PE
0xCDFA2	0x1800CEBA2	ascii	)t$@H+
0xCDFAA	0x1800CEBAA	ascii	)|$0H
0xCDFB4	0x1800CEBB4	ascii	)D$ H;
0xCE0CA	0x1800CECCA	ascii	(t$@I
0xCE0D2	0x1800CECD2	ascii	(|$0D
0xCE0D8	0x1800CECD8	ascii	(D$ D
0xCE220	0x1800CEE20	ascii	@SWAVH
0xCE235	0x1800CEE35	ascii	D$0I
0xCE267	0x1800CEE67	ascii	l$XI
0xCE276	0x1800CEE76	ascii	)t$@H;
0xCE2AB	0x1800CEEAB	ascii	L$ +
0xCE2BD	0x1800CEEBD	ascii	ot$ M
0xCE301	0x1800CEF01	ascii	L$ H
0xCE30E	0x1800CEF0E	ascii	oD$ 
0xCE31C	0x1800CEF1C	ascii	swHc
0xCE39A	0x1800CEF9A	ascii	t$PH
0xCE3A3	0x1800CEFA3	ascii	(t$@H
0xCE3A9	0x1800CEFA9	ascii	L$0H3
0xCE3B7	0x1800CEFB7	ascii	`A^_[
0xCE440	0x1800CF040	ascii	"t""M;"
0xCE51D	0x1800CF11D	ascii	x ATAVAWH
0xCE593	0x1800CF193	ascii	t$0M
0xCE5BD	0x1800CF1BD	ascii	t0Hc
0xCE5D3	0x1800CF1D3	ascii	t$0M
0xCE5F1	0x1800CF1F1	ascii	\$`H
0xCE5F9	0x1800CF1F9	ascii	|$xH
0xCE5FE	0x1800CF1FE	ascii	l$hH
0xCE603	0x1800CF203	ascii	t$pH
0xCE609	0x1800CF209	ascii	@A_A^A\
0xCE6AD	0x1800CF2AD	ascii	p WH
0xCE6E4	0x1800CF2E4	ascii	D$`H
0xCE704	0x1800CF304	ascii	L$`H
0xCE75A	0x1800CF35A	ascii	\$PH
0xCE75F	0x1800CF35F	ascii	l$XH
0xCE764	0x1800CF364	ascii	t$hH
0xCE7A9	0x1800CF3A9	ascii	D$(L
0xCE7AE	0x1800CF3AE	ascii	L$ E
0xCE7E0	0x1800CF3E0	ascii	D$0H
0xCE929	0x1800CF529	ascii	x AVH
0xCE97E	0x1800CF57E	ascii	\$0H
0xCE983	0x1800CF583	ascii	l$8H
0xCE988	0x1800CF588	ascii	t$@H
0xCE98D	0x1800CF58D	ascii	|$HH
0xCF25D	0x1800CFE5D	ascii	SUWH
0xCF2CF	0x1800CFECF	ascii	0_][
0xD2080	0x1800D2C80	ascii	@SUH
0xD209E	0x1800D2C9E	ascii	8csm
0xD215F	0x1800D2D5F	ascii	T$ L
0xD22E8	0x1800D2EE8	ascii	|$0H
0xD232A	0x1800D2F2A	ascii	|$0H+
0xD3482	0x1800D4A82	ascii	}1$_=C
0xD34E8	0x1800D4AE8	ascii	bad allocation
0xD5BA0	0x1800D71A0	utf-16le	!x-sys-default-locale
0xD5BD0	0x1800D71D0	ascii	Unknown exception
0xD5BE8	0x1800D71E8	ascii	bad array new length
0xD5C00	0x1800D7200	ascii	string too long
0xD5C1C	0x1800D721C	ascii	 JVM
0xD5C28	0x1800D7228	ascii	Bip01_Head
0xD5C38	0x1800D7238	ascii	Bip01_Neck
0xD5C48	0x1800D7248	ascii	Bip01_Spine1
0xD5C58	0x1800D7258	ascii	Bip01_Spine
0xD5C68	0x1800D7268	ascii	Bip01_Pelvis
0xD5C78	0x1800D7278	ascii	Bip01_L_Clavicle
0xD5C90	0x1800D7290	ascii	Bip01_L_UpperArm
0xD5CA8	0x1800D72A8	ascii	Bip01_L_Forearm
0xD5CB8	0x1800D72B8	ascii	Bip01_L_Hand
0xD5CC8	0x1800D72C8	ascii	Bip01_R_Clavicle
0xD5CE0	0x1800D72E0	ascii	Bip01_R_UpperArm
0xD5CF8	0x1800D72F8	ascii	Bip01_R_Forearm
0xD5D08	0x1800D7308	ascii	Bip01_R_Hand
0xD5D18	0x1800D7318	ascii	Bip01_L_Thigh
0xD5D28	0x1800D7328	ascii	Bip01_L_Calf
0xD5D38	0x1800D7338	ascii	Bip01_L_Foot
0xD5D48	0x1800D7348	ascii	Bip01_R_Thigh
0xD5D58	0x1800D7358	ascii	Bip01_R_Calf
0xD5D68	0x1800D7368	ascii	Bip01_R_Foot
0xD5D7E	0x1800D737E	ascii	 JNI 
0xD5D90	0x1800D7390	utf-16le	jvm.dll
0xD5DA0	0x1800D73A0	ascii	JNI_GetCreatedJavaVMs
0xD5DB8	0x1800D73B8	ascii	java/lang/ClassLoader
0xD5DD9	0x1800D73D9	ascii	 ClassLoader
0xD5DE8	0x1800D73E8	ascii	()Ljava/lang/ClassLoader;
0xD5E08	0x1800D7408	ascii	getSystemClassLoader
0xD5E20	0x1800D7420	ascii	(Ljava/lang/String;)Ljava/lang/Class;
0xD5E48	0x1800D7448	ascii	loadClass
0xD5E58	0x1800D7458	ascii	JVM system class loader
0xD5E70	0x1800D7470	ascii	zombie/network/GameClient
0xD5E90	0x1800D7490	ascii	zombie/network/GameServer
0xD5EB0	0x1800D74B0	ascii	zombie/characters/IsoPlayer
0xD5ED0	0x1800D74D0	ascii	zombie/characters/animals/IsoAnimal
0xD5EF8	0x1800D74F8	ascii	zombie/vehicles/BaseVehicle
0xD5F18	0x1800D7518	ascii	zombie/inventory/ItemContainer
0xD5F38	0x1800D7538	ascii	zombie/iso/IsoWorld
0xD5F50	0x1800D7550	ascii	zombie/iso/IsoCell
0xD5F68	0x1800D7568	ascii	java/util/ArrayList
0xD5F80	0x1800D7580	ascii	java/util/Set
0xD5F90	0x1800D7590	ascii	java/util/Iterator
0xD5FA8	0x1800D75A8	ascii	zombie/iso/IsoMovingObject
0xD5FC8	0x1800D75C8	ascii	zombie/iso/IsoUtils
0xD5FE0	0x1800D75E0	ascii	zombie/core/Core
0xD5FF8	0x1800D75F8	ascii	zombie/core/skinnedmodel/animation/AnimationPlayer
0xD6030	0x1800D7630	ascii	org/lwjgl/util/vector/Matrix4f
0xD6050	0x1800D7650	ascii	zombie/core/skinnedmodel/model/SkinningData
0xD6080	0x1800D7680	ascii	zombie/core/skinnedmodel/model/SkinningBone
0xD60B0	0x1800D76B0	ascii	org/lwjgl/util/vector/Vector3f
0xD60D0	0x1800D76D0	ascii	zombie/core/skinnedmodel/model/SkeletonBone
0xD6100	0x1800D7700	ascii	zombie/characters/IsoGameCharacter
0xD6128	0x1800D7728	ascii	zombie/characters/Safety
0xD6148	0x1800D7748	ascii	zombie/CombatManager
0xD6160	0x1800D7760	ascii	zombie/iso/LosUtil
0xD6178	0x1800D7778	ascii	zombie/iso/LosUtil$TestResults
0xD6198	0x1800D7798	ascii	java/lang/System
0xD61B3	0x1800D77B3	ascii	 GameClient
0xD61C3	0x1800D77C3	ascii	 GameServer
0xD61D3	0x1800D77D3	ascii	 IsoPlayer
0xD61E3	0x1800D77E3	ascii	 IsoAnimal
0xD61F3	0x1800D77F3	ascii	 BaseVehicle
0xD6203	0x1800D7803	ascii	 IsoWorld
0xD6213	0x1800D7813	ascii	 IsoCell
0xD6223	0x1800D7823	ascii	 Safety
0xD6233	0x1800D7833	ascii	 CombatManager
0xD624B	0x1800D784B	ascii	 ArrayList
0xD625B	0x1800D785B	ascii	 IsoMovingObject
0xD6273	0x1800D7873	ascii	 IsoUtils
0xD6283	0x1800D7883	ascii	 Core
0xD6290	0x1800D7890	ascii	client
0xD6298	0x1800D7898	ascii	server
0xD62A0	0x1800D78A0	ascii	Lzombie/iso/IsoWorld;
0xD62B8	0x1800D78B8	ascii	instance
0xD62C8	0x1800D78C8	ascii	()Lzombie/characters/IsoPlayer;
0xD62E8	0x1800D78E8	ascii	getInstance
0xD62F8	0x1800D78F8	ascii	()Lzombie/iso/IsoCell;
0xD6310	0x1800D7910	ascii	getCell
0xD6318	0x1800D7918	ascii	()Ljava/util/ArrayList;
0xD6330	0x1800D7930	ascii	getZombieList
0xD6340	0x1800D7940	ascii	()Ljava/util/Set;
0xD6358	0x1800D7958	ascii	getObjectList
0xD6368	0x1800D7968	ascii	getVehicles
0xD6378	0x1800D7978	ascii	size
0xD6380	0x1800D7980	ascii	(I)Ljava/lang/Object;
0xD63A0	0x1800D79A0	ascii	()Ljava/util/Iterator;
0xD63B8	0x1800D79B8	ascii	iterator
0xD63C8	0x1800D79C8	ascii	hasNext
0xD63D0	0x1800D79D0	ascii	()Ljava/lang/Object;
0xD63E8	0x1800D79E8	ascii	next
0xD63F4	0x1800D79F4	ascii	getX
0xD63FC	0x1800D79FC	ascii	getY
0xD6404	0x1800D7A04	ascii	getZ
0xD640C	0x1800D7A0C	ascii	getID
0xD6418	0x1800D7A18	ascii	(Ljava/lang/Object;)I
0xD6430	0x1800D7A30	ascii	identityHashCode
0xD6448	0x1800D7A48	ascii	getHealth
0xD6458	0x1800D7A58	ascii	isAlive
0xD6460	0x1800D7A60	ascii	()Lzombie/core/skinnedmodel/animation/AnimationPlayer;
0xD6498	0x1800D7A98	ascii	getAnimationPlayer
0xD64B0	0x1800D7AB0	ascii	getForwardDirectionX
0xD64C8	0x1800D7AC8	ascii	getForwardDirectionY
0xD64E0	0x1800D7AE0	ascii	isFallOnFront
0xD64F0	0x1800D7AF0	ascii	isFalling
0xD6500	0x1800D7B00	ascii	isKnockedDown
0xD6510	0x1800D7B10	ascii	(F)V
0xD6518	0x1800D7B18	ascii	setAlphaAndTarget
0xD6530	0x1800D7B30	ascii	getOnlineID
0xD6540	0x1800D7B40	ascii	()Ljava/lang/String;
0xD6558	0x1800D7B58	ascii	getUsername
0xD6568	0x1800D7B68	ascii	()Lzombie/characters/Safety;
0xD6588	0x1800D7B88	ascii	getSafety
0xD6598	0x1800D7B98	ascii	isEnabled
0xD65A8	0x1800D7BA8	ascii	(Lzombie/iso/IsoMovingObject;Lzombie/iso/IsoMovingObject;Z)Z
0xD65E8	0x1800D7BE8	ascii	checkPVP
0xD65F8	0x1800D7BF8	ascii	getCustomName
0xD6608	0x1800D7C08	ascii	getFullName
0xD6618	0x1800D7C18	ascii	getAnimalType
0xD6628	0x1800D7C28	ascii	getAnimalSize
0xD6638	0x1800D7C38	ascii	isBaby
0xD6640	0x1800D7C40	ascii	getId
0xD6648	0x1800D7C48	ascii	getScriptName
0xD6658	0x1800D7C58	ascii	getEngineCondition
0xD6670	0x1800D7C70	ascii	isEngineRunning
0xD6680	0x1800D7C80	ascii	areAllDoorsLocked
0xD6698	0x1800D7C98	ascii	isAnyDoorLocked
0xD66A8	0x1800D7CA8	ascii	isHotwired
0xD66B8	0x1800D7CB8	ascii	isHotwiredBroken
0xD66D0	0x1800D7CD0	ascii	isKeysInIgnition
0xD66E8	0x1800D7CE8	ascii	getKeyId
0xD66F8	0x1800D7CF8	ascii	()Lzombie/inventory/ItemContainer;
0xD6720	0x1800D7D20	ascii	getInventory
0xD6730	0x1800D7D30	ascii	(I)Lzombie/inventory/InventoryItem;
0xD6758	0x1800D7D58	ascii	haveThisKeyId
0xD6768	0x1800D7D68	ascii	zombie/characters/IsoZombie
0xD6788	0x1800D7D88	ascii	isCrawling
0xD6798	0x1800D7D98	ascii	isProne
0xD67A0	0x1800D7DA0	ascii	(FFFI)F
0xD67A8	0x1800D7DA8	ascii	XToScreenExact
0xD67B8	0x1800D7DB8	ascii	YToScreenExact
0xD67C8	0x1800D7DC8	ascii	()Lzombie/core/Core;
0xD67E0	0x1800D7DE0	ascii	(I)F
0xD67E8	0x1800D7DE8	ascii	getZoom
0xD67F0	0x1800D7DF0	ascii	(Lzombie/iso/IsoCell;IIIIIIZ)Lzombie/iso/LosUtil$TestResults;
0xD6830	0x1800D7E30	ascii	lineClear
0xD6840	0x1800D7E40	ascii	Lzombie/iso/LosUtil$TestResults;
0xD6868	0x1800D7E68	ascii	Blocked
0xD6870	0x1800D7E70	ascii	ClearThroughClosedDoor
0xD6888	0x1800D7E88	ascii	isReady
0xD6890	0x1800D7E90	ascii	(Ljava/lang/String;I)I
0xD68A8	0x1800D7EA8	ascii	getSkinningBoneIndex
0xD68C0	0x1800D7EC0	ascii	(ILorg/lwjgl/util/vector/Matrix4f;)Lorg/lwjgl/util/vector/Matrix4f;
0xD6908	0x1800D7F08	ascii	getBoneModelTransform
0xD6920	0x1800D7F20	ascii	(I)Lorg/lwjgl/util/vector/Matrix4f;
0xD6948	0x1800D7F48	ascii	getModelTransformAt
0xD6960	0x1800D7F60	ascii	()Lzombie/core/skinnedmodel/model/SkinningData;
0xD6990	0x1800D7F90	ascii	getSkinningData
0xD69A0	0x1800D7FA0	ascii	(Ljava/lang/String;)Lzombie/core/skinnedmodel/model/SkinningBone;
0xD69E8	0x1800D7FE8	ascii	getBone
0xD69F0	0x1800D7FF0	ascii	(Lzombie/core/skinnedmodel/model/SkeletonBone;Lorg/lwjgl/util/vector/Vector3f;)Lorg/lwjgl/util/vector/Vector3f;
0xD6A60	0x1800D8060	ascii	getBoneWorldPosition
0xD6A7C	0x1800D807C	ascii	<init>
0xD6A98	0x1800D8098	ascii	Lzombie/core/skinnedmodel/model/SkeletonBone;
0xD6AE6	0x1800D80E6	ascii	 GameClient.client
0xD6B06	0x1800D8106	ascii	 GameServer.server
0xD6B26	0x1800D8126	ascii	 IsoWorld.instance
0xD6B46	0x1800D8146	ascii	 IsoPlayer.getInstance
0xD6B66	0x1800D8166	ascii	 IsoWorld.getCell
0xD6B7E	0x1800D817E	ascii	 IsoCell.getZombieList
0xD6B9E	0x1800D819E	ascii	 ArrayList.size
0xD6BB6	0x1800D81B6	ascii	 ArrayList.get
0xD6BCE	0x1800D81CE	ascii	 IsoMovingObject.getX
0xD6BEE	0x1800D81EE	ascii	 IsoMovingObject.getY
0xD6C0E	0x1800D820E	ascii	 IsoMovingObject.getZ
0xD6C2E	0x1800D822E	ascii	 IsoGameCharacter.getID
0xD6C4E	0x1800D824E	ascii	 IsoZombie.getOnlineID
0xD6C6E	0x1800D826E	ascii	 IsoZombie.getHealth
0xD6C8E	0x1800D828E	ascii	 System.identityHashCode
0xD6CAE	0x1800D82AE	ascii	 IsoZombie.isCrawling
0xD6CCE	0x1800D82CE	ascii	 IsoZombie.isProne
0xD6CEE	0x1800D82EE	ascii	 IsoGameCharacter.isFalling
0xD6D16	0x1800D8316	ascii	 IsoGameCharacter.isKnockedDown
0xD6D3E	0x1800D833E	ascii	 IsoUtils.XToScreenExact
0xD6D5E	0x1800D835E	ascii	 IsoUtils.YToScreenExact
0xD6D7E	0x1800D837E	ascii	 Core.getInstance
0xD6D96	0x1800D8396	ascii	 Core.getZoom
0xD6DB7	0x1800D83B7	ascii	 JVM 
0xD6DBF	0x1800D83BF	ascii	 OpenGL 
0xD6DD0	0x1800D83D0	ascii	Build 42.20 JNI 
0xD6E56	0x1800D8456	ascii	 ESP 
0xD6EC8	0x1800D84C8	ascii	vector too long
0xD6ED8	0x1800D84D8	ascii	unordered_map/set too long
0xD6EF8	0x1800D84F8	ascii	invalid hash bucket count
0xD7A57	0x1800D9057	ascii	>333?
0xD7DAE	0x1800D93AE	ascii	k?)\
0xD80BC	0x1800D96BC	ascii	')uB
0xD8182	0x1800D9782	ascii	lEd/
0xD81F5	0x1800D97F5	ascii	6 PQ
0xD81FA	0x1800D97FA	ascii	pCRF
0xD82D3	0x1800D98D3	ascii	Yg:a
0xD82DD	0x1800D98DD	ascii	JZJ{.
0xD8365	0x1800D9965	ascii	#FLR
0xD836B	0x1800D996B	ascii	_QS}
0xD891C	0x1800D9F1C	ascii	@OS/2
0xD892B	0x1800D9F2B	ascii	,Ncmap
0xD893B	0x1800D9F3B	ascii	$Rcvt 
0xD894C	0x1800D9F4C	ascii	glyf
0xD895C	0x1800D9F5C	ascii	head
0xD897A	0x1800D9F7A	ascii	;$hmtx
0xD898C	0x1800D9F8C	ascii	loca
0xD899C	0x1800D9F9C	ascii	maxp
0xD89AA	0x1800D9FAA	ascii	, name%Y
0xD89BC	0x1800D9FBC	ascii	post
0xD89CC	0x1800D9FCC	ascii	prepi
0xD8A65	0x1800DA065	ascii	+Alts
0xD8C79	0x1800DA279	ascii	$J$h$
0xD8CA6	0x1800DA2A6	ascii	*6*`*`+
0xD8CAE	0x1800DA2AE	ascii	+*+^+
0xD8CB6	0x1800DA2B6	ascii	, ,4,
0xD8CBC	0x1800DA2BC	ascii	-(-\-x-
0xD8CEC	0x1800DA2EC	ascii	6&6r6
0xD8D28	0x1800DA328	ascii	B@BzB
0xD8D67	0x1800DA367	utf-16le	#'+/37;?CGKOSW[_cgkosw{
0xD8E00	0x1800DA400	ascii	Y 3A
0xD9110	0x1800DA710	ascii	Jo%H
0xD9159	0x1800DA759	ascii	A[$E
0xD9163	0x1800DA763	ascii	Ab5 
0xD916C	0x1800DA76C	ascii	B+6F
0xD9378	0x1800DA978	ascii	A{&D
0xD93DC	0x1800DA9DC	ascii	BK L
0xD9423	0x1800DAA23	ascii	N/(AO
0xD947B	0x1800DAA7B	ascii	IOCDw
0xD9483	0x1800DAA83	ascii	 3ZK
0xD94DB	0x1800DAADB	ascii	PK/G
0xD9509	0x1800DAB09	ascii	@ 3P
0xD952E	0x1800DAB2E	ascii	CK0U
0xD9536	0x1800DAB36	ascii	% GW
0xD9550	0x1800DAB50	ascii	Mn1Y?
0xD9556	0x1800DAB56	ascii	P[#c? F
0xD9565	0x1800DAB65	ascii	An$ 
0xD956A	0x1800DAB6A	ascii	Ac/_
0xD957E	0x1800DAB7E	ascii	Ar2!
0xD95A3	0x1800DABA3	ascii	cO: 
0xD95CE	0x1800DABCE	ascii	B|$HA
0xD95D6	0x1800DABD6	ascii	G7+B
0xD95F8	0x1800DABF8	ascii	B{  
0xD9664	0x1800DAC64	ascii	A#4A
0xD9734	0x1800DAD34	ascii	 /JK
0xD9753	0x1800DAD53	ascii	Ag3l
0xD976B	0x1800DAD6B	ascii	Ai1B
0xD97AE	0x1800DADAE	ascii	~Aa% 
0xD97E1	0x1800DADE1	ascii	D|&C
0xD97F4	0x1800DADF4	ascii	"?""!53Gy"
0xD98DA	0x1800DAEDA	ascii	HO#Cq
0xD98E6	0x1800DAEE6	ascii	.AY4I
0xD99D3	0x1800DAFD3	ascii	AO*AG
0xD9A07	0x1800DB007	ascii	GG)\U
0xD9A6A	0x1800DB06A	ascii	A+(A
0xD9AF3	0x1800DB0F3	ascii	"C?$"";"
0xD9B6C	0x1800DB16C	ascii	Q{. 
0xD9BE8	0x1800DB1E8	ascii	aI1 
0xD9BF7	0x1800DB1F7	ascii	"CW4"""
0xD9C48	0x1800DB248	ascii	-B($B;
0xD9C6A	0x1800DB26A	ascii	B;6'
0xD9CEA	0x1800DB2EA	ascii	@/;!
0xD9E50	0x1800DB450	ascii	E;'m
0xD9E69	0x1800DB469	ascii	I+([
0xDA086	0x1800DB686	ascii	Mc'_A$Cm
0xDA0F2	0x1800DB6F2	ascii	 #jw
0xDA177	0x1800DB777	ascii	Xo1 WB
0xDA280	0x1800DB880	ascii	 !p?
0xDA2E1	0x1800DB8E1	ascii	#!53
0xDA2F4	0x1800DB8F4	ascii	P{6L
0xDA350	0x1800DB950	ascii	FG%D
0xDA3C7	0x1800DB9C7	ascii	XK+G
0xDA3FF	0x1800DB9FF	ascii	C>$rs
0xDA41C	0x1800DBA1C	ascii	"A3"" 7OK"
0xDA4FD	0x1800DBAFD	ascii	Io%a
0xDA52E	0x1800DBB2E	ascii	E?! 
0xDA53B	0x1800DBB3B	ascii	$153
0xDA595	0x1800DBB95	ascii	Ot1T
0xDA65D	0x1800DBC5D	ascii	]M$D
0xDA66C	0x1800DBC6C	ascii	B3%_
0xDA702	0x1800DBD02	ascii	Bs'Kk
0xDA72C	0x1800DBD2C	ascii	CG,T
0xDA751	0x1800DBD51	ascii	t/2 Wjc
0xDA775	0x1800DBD75	ascii	t1:!
0xDA780	0x1800DBD80	ascii	JC&F
0xDA79E	0x1800DBD9E	ascii	Rw8N
0xDA7E9	0x1800DBDE9	ascii	v[/E
0xDA84D	0x1800DBE4D	ascii	I37mM
0xDA8D0	0x1800DBED0	ascii	BC%N
0xDA8E9	0x1800DBEE9	ascii	&|/1_
0xDA8FD	0x1800DBEFD	ascii	Gb(!
0xDA927	0x1800DBF27	ascii	' Kj3
0xDA978	0x1800DBF78	ascii	X/0B5
0xDA9AE	0x1800DBFAE	ascii	BK!qg
0xDA9D9	0x1800DBFD9	ascii	c.X;+
0xDA9FB	0x1800DBFFB	ascii	^/,L3
0xDAAB7	0x1800DC0B7	ascii	5by Tristan GrimmerRegularTTX ProggyCleanTT2004/
0xDAAEB	0x1800DC0EB	utf-16le	5by Trista
0xDABD1	0x1800DC1D1	utf-16le	"!""#$%&'()*+,-./0123456789:;<=>?@A"
0xDAC18	0x1800DC218	utf-16le	DEFGHIJKLMNOPQRSTUVWXYZ[\]^_`
0xDAD16	0x1800DC316	utf-16le	jikmln
0xDAD24	0x1800DC324	utf-16le	oqprsutvw
0xDAD38	0x1800DC338	utf-16le	xzy{}|
0xDAD56	0x1800DC356	ascii	unicode#0x0001
0xDADDD	0x1800DC3DD	ascii	delete
0xDADE4	0x1800DC3E4	ascii	Euro
0xDAF80	0x1800DC580	ascii	..-         -XXXXXXX-    X    -           X           -XXXXXXX          -          XXXXXXX-     XX          - XX       XX ..-         -X.....X-   X.X   -          X.X          -X.....X          -          X.....X-    X..X         -X..X     X..X---         -XXX.XXX-  X...X  -         X...X         -X....X           -           X....X-    X..X         -X...X   X...XX           -  X.X  - X.....X -        X.....X        -X...X            -            X...X-    X..X         - X...X X...X XX          -  X.X  -X.......X-       X.......X       -X..X.X           -           X.X..X-    X..X         -  X...X...X  X.X         -  X.X  -XXXX.XXXX-       XXXX.XXXX       -X.X X.X          -          X.X X.X-    X..XXX       -   X.....X   X..X        -  X.X  -   X.X   -          X.X          -XX   X.X         -         X.X   XX-    X..X..XXX    -    X...X    X...X       -  X.X  -   X.X   -    XX    X.X    XX    -      X.X        -        X.X      -    X..X..X..XX  -     X.X     X....X      -  X.X  -   X.X   -   X.X    X.X    X.X   -       X.X       -       X.X       -    X..X..X..X.X -    X...X    X.....X     -  X.X  -   X.X   -  X..X    X.X    X..X  -        X.X      -      X.X        -XXX X..X..X..X..X-   X.....X   X......X    -  X.X  -   X.X   - X...XXXXXX.XXXXXX...X -         X.X   XX-XX   X.X         -X..XX........X..X-  X...X...X  X.......X   -  X.X  -   X.X   -X.....................X-          X.X X.X-X.X X.X          -X...X...........X- X...X X...X X........X  -  X.X  -   X.X   - X...XXXXXX.XXXXXX...X -           X.X..X-X..X.X           - X..............X-X...X   X...XX.........X -XXX.XXX-   X.X   -  X..X    X.X    X..X  -            X...X-X...X            -  X.............X-X..X     X..XX..........X-X.....X-   X.X   -   X.X    X.X    X.X   -           X....X-X....X           -  X.............X- XX       XX X......XXXXX-XXXXXXX-   X.X   -    XX    X.X    XX    -          X.....X-X.....X          -   X............X--------------X...X..X    ---------   X.X   -          X.X          -          XXXXXXX-XXXXXXX          -   X...........X -             X..X X..X   -       -XXXX.XXXX-       XXXX.XXXX       -------------------------------------    X..........X -             X.X  X..X   -       -X.......X-       X.......X       -    XX           XX    -           -    X..........X -             XX    X..X  -       - X.....X -        X.....X        -   X.X           X.X   -           -     X........X  -                   X..X  -       -  X...X  -         X...X         -  X..X           X..X  -           -     X........X  -                    XX   -       -   X.X   -          X.X          - X...XXXXXXXXXXXXX...X -           -     XXXXXXXXXX  -             -------------       -    X    -           X           -X.....................X-           -------------------                                 ----------------------------------- X...XXXXXXXXXXXXX...X -                                                                                                 -  X..X           X..X  -                                                                                                 -   X.X           X.X   -                                                                                                 -    XX           XX    -                                           
0xDBFD8	0x1800DD5D8	ascii	Fitness
0xDBFF0	0x1800DD5F0	ascii	Strength
0xDC008	0x1800DD608	ascii	Sprinting
0xDC028	0x1800DD628	ascii	Lightfoot
0xDC040	0x1800DD640	ascii	Nimble
0xDC054	0x1800DD654	ascii	Sneak
0xDC080	0x1800DD680	ascii	Blunt
0xDC098	0x1800DD698	ascii	SmallBlunt
0xDC0B8	0x1800DD6B8	ascii	Spear
0xDC0D0	0x1800DD6D0	ascii	LongBlade
0xDC0E8	0x1800DD6E8	ascii	SmallBlade
0xDC100	0x1800DD700	ascii	Maintenance
0xDC114	0x1800DD714	ascii	Aiming
0xDC130	0x1800DD730	ascii	Reloading
0xDC148	0x1800DD748	ascii	Woodwork
0xDC168	0x1800DD768	ascii	Cooking
0xDC180	0x1800DD780	ascii	Farming
0xDC194	0x1800DD794	ascii	Doctor
0xDC1A8	0x1800DD7A8	ascii	Electricity
0xDC1C0	0x1800DD7C0	ascii	MetalWelding
0xDC1E8	0x1800DD7E8	ascii	Mechanics
0xDC200	0x1800DD800	ascii	Tailoring
0xDC218	0x1800DD818	ascii	Blacksmith
0xDC230	0x1800DD830	ascii	FlintKnapping
0xDC258	0x1800DD858	ascii	Masonry
0xDC270	0x1800DD870	ascii	Pottery
0xDC288	0x1800DD888	ascii	Carving
0xDC2A0	0x1800DD8A0	ascii	Glassmaking
0xDC2C8	0x1800DD8C8	ascii	Butchering
0xDC2E8	0x1800DD8E8	ascii	Husbandry
0xDC300	0x1800DD900	ascii	Fishing
0xDC318	0x1800DD918	ascii	Trapping
0xDC330	0x1800DD930	ascii	PlantScavenging
0xDC350	0x1800DD950	ascii	Tracking
0xDC380	0x1800DD980	ascii	zombie/characters/IsoGameCharacter$XP
0xDC3A8	0x1800DD9A8	ascii	zombie/characters/skills/PerkFactory$Perks
0xDC3D8	0x1800DD9D8	ascii	zombie/characters/skills/PerkFactory$Perk
0xDC408	0x1800DDA08	ascii	zombie/radio/ZomboidRadio
0xDC428	0x1800DDA28	ascii	zombie/radio/devices/WaveSignalDevice
0xDC450	0x1800DDA50	ascii	zombie/radio/devices/DeviceData
0xDC470	0x1800DDA70	ascii	zombie/Lua/LuaManager
0xDC488	0x1800DDA88	ascii	se/krka/kahlua/vm/KahluaTable
0xDC4A8	0x1800DDAA8	ascii	se/krka/kahlua/integration/LuaCaller
0xDC4D0	0x1800DDAD0	ascii	se/krka/kahlua/integration/LuaReturn
0xDC4F8	0x1800DDAF8	ascii	java/lang/Object
0xDC510	0x1800DDB10	ascii	java/lang/Number
0xDC528	0x1800DDB28	ascii	()Lzombie/iso/IsoGridSquare;
0xDC548	0x1800DDB48	ascii	getCurrentSquare
0xDC560	0x1800DDB60	ascii	()Lzombie/characters/IsoGameCharacter$XP;
0xDC58C	0x1800DDB8C	ascii	getXp
0xDC598	0x1800DDB98	ascii	(Lzombie/characters/skills/PerkFactory$Perk;)I
0xDC5C8	0x1800DDBC8	ascii	getPerkLevel
0xDC5D8	0x1800DDBD8	ascii	(Lzombie/characters/skills/PerkFactory$Perk;)F
0xDC608	0x1800DDC08	ascii	getXP
0xDC610	0x1800DDC10	ascii	getMultiplier
0xDC620	0x1800DDC20	ascii	(Lzombie/characters/skills/PerkFactory$Perk;F)V
0xDC650	0x1800DDC50	ascii	AddXP
0xDC658	0x1800DDC58	ascii	getTotalXpForLevel
0xDC670	0x1800DDC70	ascii	()Lzombie/radio/ZomboidRadio;
0xDC690	0x1800DDC90	ascii	getDevices
0xDC6A0	0x1800DDCA0	ascii	()Lzombie/radio/devices/DeviceData;
0xDC6C8	0x1800DDCC8	ascii	getDeviceData
0xDC6D8	0x1800DDCD8	ascii	getIsTurnedOn
0xDC6E8	0x1800DDCE8	ascii	getChannel
0xDC6F8	0x1800DDCF8	ascii	getIsTelevision
0xDC708	0x1800DDD08	ascii	getDeviceVolume
0xDC718	0x1800DDD18	ascii	isPlayingMedia
0xDC728	0x1800DDD28	ascii	isNoTransmit
0xDC740	0x1800DDD40	ascii	(IIILjava/lang/String;Ljava/lang/String;Ljava/lang/String;FFFIZ)V
0xDC788	0x1800DDD88	ascii	sendIsoWaveSignal
0xDC7A0	0x1800DDDA0	ascii	(Ljava/lang/String;)Ljava/lang/Object;
0xDC7C8	0x1800DDDC8	ascii	getTableObject
0xDC7D8	0x1800DDDD8	ascii	getFunctionObject
0xDC7F0	0x1800DDDF0	ascii	(Ljava/lang/Object;)Ljava/lang/Object;
0xDC818	0x1800DDE18	ascii	rawget
0xDC820	0x1800DDE20	ascii	Lse/krka/kahlua/integration/LuaCaller;
0xDC848	0x1800DDE48	ascii	caller
0xDC850	0x1800DDE50	ascii	Lse/krka/kahlua/vm/KahluaThread;
0xDC874	0x1800DDE74	ascii	thread
0xDC880	0x1800DDE80	ascii	isSuccess
0xDC890	0x1800DDE90	ascii	getFirst
0xDC8A0	0x1800DDEA0	ascii	intValue
0xDC8D8	0x1800DDED8	ascii	Lzombie/characters/skills/PerkFactory$Perk;
0xDC948	0x1800DDF48	ascii	SandboxVars
0xDC958	0x1800DDF58	ascii	LevelForMediaXPCutoff
0xDCA48	0x1800DE048	ascii	%s+%.3f
0xDCA66	0x1800DE066	ascii	 JVM
0xDCD50	0x1800DE350	ascii	zombie/inventory/types/HandWeapon
0xDCD78	0x1800DE378	ascii	zombie/iso/IsoGridSquare
0xDCD98	0x1800DE398	ascii	()Lzombie/inventory/InventoryItem;
0xDCDC0	0x1800DE3C0	ascii	getPrimaryHandItem
0xDCDD8	0x1800DE3D8	ascii	isAttacking
0xDCDE8	0x1800DE3E8	ascii	()Lzombie/iso/IsoObject;
0xDCE08	0x1800DE408	ascii	getFloor
0xDCE20	0x1800DE420	ascii	(Lzombie/characters/IsoGameCharacter;Lzombie/iso/IsoObject;Lzombie/inventory/types/HandWeapon;FZFZLjava/util/List;ZZZZ)V
0xDCEA0	0x1800DE4A0	ascii	sendPlayerHit
0xDCFE8	0x1800DE5E8	ascii	zombie/scripting/ScriptManager
0xDD008	0x1800DE608	ascii	zombie/scripting/objects/Item
0xDD028	0x1800DE628	ascii	zombie/core/textures/Texture
0xDD048	0x1800DE648	ascii	zombie/inventory/InventoryItemFactory
0xDD070	0x1800DE670	ascii	zombie/network/packets/ItemTransactionPacket
0xDD0A0	0x1800DE6A0	ascii	zombie/core/TransactionManager
0xDD0C0	0x1800DE6C0	ascii	zombie/iso/IsoDirections
0xDD0E0	0x1800DE6E0	ascii	zombie/inventory/InventoryItem
0xDD100	0x1800DE700	ascii	zombie/inventory/types/InventoryContainer
0xDD130	0x1800DE730	ascii	zombie/inventory/types/Food
0xDD150	0x1800DE750	ascii	zombie/inventory/types/WeaponPart
0xDD178	0x1800DE778	ascii	zombie/scripting/objects/AmmoType
0xDD1A0	0x1800DE7A0	ascii	zombie/network/PacketTypes$PacketType
0xDD1C8	0x1800DE7C8	ascii	Lzombie/network/PacketTypes$PacketType;
0xDD1F0	0x1800DE7F0	ascii	ItemTransaction
0xDD200	0x1800DE800	ascii	Lzombie/iso/IsoDirections;
0xDD220	0x1800DE820	ascii	Lzombie/scripting/ScriptManager;
0xDD248	0x1800DE848	ascii	getAllItems
0xDD258	0x1800DE858	ascii	isHidden
0xDD268	0x1800DE868	ascii	getObsolete
0xDD278	0x1800DE878	ascii	getDisplayName
0xDD288	0x1800DE888	ascii	getDisplayCategory
0xDD2A0	0x1800DE8A0	ascii	()Lzombie/core/textures/Texture;
0xDD2C8	0x1800DE8C8	ascii	getNormalTexture
0xDD2E0	0x1800DE8E0	ascii	(Ljava/lang/String;)Lzombie/inventory/InventoryItem;
0xDD318	0x1800DE918	ascii	CreateItem
0xDD328	0x1800DE928	ascii	()Lzombie/core/skinnedmodel/visual/ItemVisual;
0xDD358	0x1800DE958	ascii	getVisual
0xDD368	0x1800DE968	ascii	isFavorite
0xDD378	0x1800DE978	ascii	getFullType
0xDD388	0x1800DE988	ascii	(Lzombie/inventory/InventoryItem;)Z
0xDD3B0	0x1800DE9B0	ascii	isEquipped
0xDD3C0	0x1800DE9C0	ascii	(Lzombie/core/Transaction;)V
0xDD3E4	0x1800DE9E4	ascii	(Z)V
0xDD3F0	0x1800DE9F0	ascii	setDrawDirty
0xDD400	0x1800DEA00	ascii	getXStart
0xDD410	0x1800DEA10	ascii	getYStart
0xDD420	0x1800DEA20	ascii	getXEnd
0xDD428	0x1800DEA28	ascii	getYEnd
0xDD430	0x1800DEA30	ascii	getWidth
0xDD440	0x1800DEA40	ascii	getHeight
0xDD450	0x1800DEA50	ascii	getBaseHunger
0xDD460	0x1800DEA60	ascii	()Lzombie/scripting/objects/AmmoType;
0xDD488	0x1800DEA88	ascii	getAmmoType
0xDD498	0x1800DEA98	ascii	getItemKey
0xDD4A8	0x1800DEAA8	ascii	getMagazineType
0xDD4B8	0x1800DEAB8	ascii	usesExternalMagazine
0xDD4D0	0x1800DEAD0	ascii	()Ljava/util/List;
0xDD4E8	0x1800DEAE8	ascii	getMountOn
0xDD4F8	0x1800DEAF8	ascii	getExplosionRange
0xDD510	0x1800DEB10	ascii	getExplosionPower
0xDD528	0x1800DEB28	ascii	getFireRange
0xDD538	0x1800DEB38	ascii	getFireStartingEnergy
0xDD550	0x1800DEB50	ascii	getFireStartingChance
0xDD568	0x1800DEB68	ascii	getSmokeRange
0xDD578	0x1800DEB78	ascii	getNoiseRange
0xDD588	0x1800DEB88	ascii	getSensorRange
0xDD598	0x1800DEB98	ascii	sendToServer
0xDD5CE	0x1800DEBCE	ascii	 ItemVisual
0xDD5F8	0x1800DEBF8	ascii	getItems
0xDD65A	0x1800DEC5A	ascii	 ItemVisual 
0xDD900	0x1800DEF00	ascii	SpawnWorldInventoryItem
0xDD918	0x1800DEF18	ascii	getContainer
0xDD928	0x1800DEF28	ascii	getWorldItem
0xDD938	0x1800DEF38	ascii	getSquare
0xDD948	0x1800DEF48	ascii	DoRemoveItem
0xDD958	0x1800DEF58	ascii	transmitRemoveItemFromSquare
0xDD978	0x1800DEF78	ascii	removeWorldObject
0xDD990	0x1800DEF90	ascii	setWorldItem
0xDD9A0	0x1800DEFA0	ascii	AddItem
0xDDEC8	0x1800DF4C8	ascii	invalid string position
0xDDEE0	0x1800DF4E0	ascii	java/util/List
0xDDEF0	0x1800DF4F0	ascii	zombie/network/packets/SyncHandWeaponFieldsPacket
0xDDF28	0x1800DF528	ascii	zombie/network/packets/NetTimedActionPacket
0xDDF58	0x1800DF558	ascii	SyncHandWeaponFields
0xDDF70	0x1800DF570	ascii	getItemContainer
0xDDF88	0x1800DF588	ascii	getCurrentAmmoCount
0xDDF9C	0x1800DF59C	ascii	(I)V
0xDDFA8	0x1800DF5A8	ascii	setCurrentAmmoCount
0xDDFC0	0x1800DF5C0	ascii	isContainsClip
0xDDFD0	0x1800DF5D0	ascii	setData
0xDDFD8	0x1800DF5D8	ascii	ISUnloadBulletsFromFirearm
0xDDFF8	0x1800DF5F8	ascii	createNewAndSend
0xDE278	0x1800DF878	ascii	setContainsClip
0xDE288	0x1800DF888	ascii	ISEjectMagazine
0xDE518	0x1800DFB18	ascii	zombie/iso/objects/IsoTrap
0xDE538	0x1800DFB38	ascii	zombie/network/packets/AddExplosiveTrapPacket
0xDE568	0x1800DFB68	ascii	zombie/network/packets/SyncItemFieldsPacket
0xDE598	0x1800DFB98	ascii	AddExplosiveTrap
0xDE5B0	0x1800DFBB0	ascii	SyncItemFields
0xDE5C0	0x1800DFBC0	ascii	setRemoteControlID
0xDE5D8	0x1800DFBD8	ascii	getRemoteControlID
0xDE5F0	0x1800DFBF0	ascii	getPartType
0xDE600	0x1800DFC00	ascii	(Lzombie/inventory/types/WeaponPart;)V
0xDE628	0x1800DFC28	ascii	setWeaponPart
0xDE638	0x1800DFC38	ascii	(Ljava/lang/String;)Lzombie/inventory/types/WeaponPart;
0xDE670	0x1800DFC70	ascii	getWeaponPart
0xDE680	0x1800DFC80	ascii	getItemWithID
0xDE690	0x1800DFC90	ascii	getItem
0xDE720	0x1800DFD20	ascii	getObjects
0xDE730	0x1800DFD30	ascii	ISTakeTrap
0xDE740	0x1800DFD40	ascii	ISRemoveWeaponUpgrade
0xDE7CB	0x1800DFDCB	ascii	 HandWeapon 
0xDE9BB	0x1800DFFBB	ascii	 WeaponPart 
0xDED30	0x1800E0330	ascii	java/lang/Double
0xDED48	0x1800E0348	ascii	(D)Ljava/lang/Double;
0xDED60	0x1800E0360	ascii	valueOf
0xDED68	0x1800E0368	ascii	Base.Hammer
0xDED78	0x1800E0378	ascii	Base.RollingPin
0xDED88	0x1800E0388	ascii	Base.Saucepan
0xDED98	0x1800E0398	ascii	Base.Fork
0xDEDE0	0x1800E03E0	ascii	ISTakeBricks
0xDEEA2	0x1800E04A2	ascii	 HandWeapon 
0xDF0A0	0x1800E06A0	ascii	zombie/network/packets/INetworkPacket
0xDF0C8	0x1800E06C8	ascii	isRanged
0xDF0D8	0x1800E06D8	ascii	getMaxAmmo
0xDF0E8	0x1800E06E8	ascii	(Lzombie/network/PacketTypes$PacketType;[Ljava/lang/Object;)V
0xDF128	0x1800E0728	ascii	send
0xDF240	0x1800E0840	ascii	 SyncHandWeaponFields
0xDF2E8	0x1800E08E8	ascii	SleepingTablet
0xDF308	0x1800E0908	ascii	Base.PillsSleepingTablets
0xDF328	0x1800E0928	ascii	BetaBlockers
0xDF348	0x1800E0948	ascii	Base.PillsBeta
0xDF358	0x1800E0958	ascii	Antidepressant
0xDF378	0x1800E0978	ascii	Base.PillsAntiDep
0xDF390	0x1800E0990	ascii	PainMeds
0xDF3B0	0x1800E09B0	ascii	Base.Pills
0xDF3C4	0x1800E09C4	ascii	anger
0xDF3D8	0x1800E09D8	ascii	boredom
0xDF3E8	0x1800E09E8	ascii	discomfort
0xDF400	0x1800E0A00	ascii	endurance
0xDF418	0x1800E0A18	ascii	fatigue
0xDF420	0x1800E0A20	ascii	fitness
0xDF438	0x1800E0A38	ascii	foodsickness
0xDF450	0x1800E0A50	ascii	hunger
0xDF460	0x1800E0A60	ascii	idleness
0xDF480	0x1800E0A80	ascii	intoxication
0xDF498	0x1800E0A98	ascii	morale
0xDF4B0	0x1800E0AB0	ascii	nicotinewithdrawal
0xDF4CC	0x1800E0ACC	ascii	pain
0xDF4DC	0x1800E0ADC	ascii	panic
0xDF4EC	0x1800E0AEC	ascii	poison
0xDF4FC	0x1800E0AFC	ascii	sanity
0xDF510	0x1800E0B10	ascii	sickness
0xDF524	0x1800E0B24	ascii	stress
0xDF538	0x1800E0B38	ascii	temperature
0xDF54C	0x1800E0B4C	ascii	thirst
0xDF568	0x1800E0B68	ascii	unhappiness
0xDF580	0x1800E0B80	ascii	wetness
0xDF598	0x1800E0B98	ascii	zombiefever
0xDF5B8	0x1800E0BB8	ascii	zombieinfection
0xDF5C8	0x1800E0BC8	ascii	zombie/characters/Stats
0xDF5E0	0x1800E0BE0	ascii	zombie/characters/CharacterStat
0xDF600	0x1800E0C00	ascii	zombie/characters/Role
0xDF618	0x1800E0C18	ascii	zombie/characters/Capability
0xDF638	0x1800E0C38	ascii	zombie/network/packets/SyncPlayerStatsPacket
0xDF668	0x1800E0C68	ascii	java/lang/Integer
0xDF680	0x1800E0C80	ascii	[Lzombie/characters/CharacterStat;
0xDF6A8	0x1800E0CA8	ascii	ORDERED_STATS
0xDF6B8	0x1800E0CB8	ascii	Lzombie/characters/Capability;
0xDF6D8	0x1800E0CD8	ascii	CanModifyBodyStats
0xDF6F0	0x1800E0CF0	ascii	SyncPlayerStats
0xDF700	0x1800E0D00	ascii	()Lzombie/characters/Stats;
0xDF720	0x1800E0D20	ascii	getStats
0xDF730	0x1800E0D30	ascii	()Lzombie/characters/Role;
0xDF750	0x1800E0D50	ascii	getRole
0xDF758	0x1800E0D58	ascii	(Lzombie/characters/Capability;)Z
0xDF780	0x1800E0D80	ascii	hasCapability
0xDF790	0x1800E0D90	ascii	(Lzombie/characters/CharacterStat;)F
0xDF7B8	0x1800E0DB8	ascii	(Lzombie/characters/CharacterStat;F)Z
0xDF7E0	0x1800E0DE0	ascii	(Lzombie/characters/CharacterStat;)Z
0xDF808	0x1800E0E08	ascii	reset
0xDF810	0x1800E0E10	ascii	getMinimumValue
0xDF820	0x1800E0E20	ascii	getMaximumValue
0xDF830	0x1800E0E30	ascii	getDefaultValue
0xDF840	0x1800E0E40	ascii	(Lzombie/characters/CharacterStat;)I
0xDF868	0x1800E0E68	ascii	getBitMaskForStat
0xDF880	0x1800E0E80	ascii	(I)Ljava/lang/Integer;
0xDF898	0x1800E0E98	ascii	getSleepingTabletEffect
0xDF8B0	0x1800E0EB0	ascii	getBetaEffect
0xDF8C0	0x1800E0EC0	ascii	getDepressEffect
0xDF8D8	0x1800E0ED8	ascii	getPainEffect
0xDF8E8	0x1800E0EE8	ascii	getSleepingTabletDelta
0xDF900	0x1800E0F00	ascii	getBetaDelta
0xDF910	0x1800E0F10	ascii	getDepressDelta
0xDF920	0x1800E0F20	ascii	getPainDelta
0xDF930	0x1800E0F30	ascii	setSleepingTabletEffect
0xDF948	0x1800E0F48	ascii	setBetaEffect
0xDF958	0x1800E0F58	ascii	setDepressEffect
0xDF970	0x1800E0F70	ascii	setPainEffect
0xDF980	0x1800E0F80	ascii	setSleepingTabletDelta
0xDF998	0x1800E0F98	ascii	setBetaDelta
0xDF9A8	0x1800E0FA8	ascii	setDepressDelta
0xDF9B8	0x1800E0FB8	ascii	setPainDelta
0xDF9C8	0x1800E0FC8	ascii	BetaAntiDepress
0xDFA6B	0x1800E106B	ascii	 SyncPlayerStats 
0xDFC28	0x1800E1228	ascii	 SyncPlayerStats 
0xDFCB7	0x1800E12B7	ascii	 CanModifyBodyStats 
0xDFD20	0x1800E1320	ascii	 SyncPlayerStats 
0xDFDA7	0x1800E13A7	ascii	 CanModifyBodyStats 
0xDFDD8	0x1800E13D8	ascii	Lzombie/network/GameClient;
0xDFDF8	0x1800E13F8	ascii	Lzombie/characters/CharacterStat;
0xDFE1C	0x1800E141C	ascii	THIRST
0xDFE28	0x1800E1428	ascii	Ljava/lang/String;
0xDFE40	0x1800E1440	ascii	accessLevel
0xDFE50	0x1800E1450	ascii	isTimedActionInstantCheat
0xDFE70	0x1800E1470	ascii	setTimedActionInstantCheat
0xDFE90	0x1800E1490	ascii	getFirstTypeRecurse
0xDFEA8	0x1800E14A8	ascii	ISTakePillAction
0xDFEC0	0x1800E14C0	ascii	pztrainer-local
0xE0168	0x1800E1768	ascii	drink
0xE017F	0x1800E177F	ascii	 Drink 
0xE01E8	0x1800E17E8	ascii	zombie/characters/BodyDamage/BodyDamage
0xE0210	0x1800E1810	ascii	zombie/characters/BodyDamage/BodyPart
0xE0238	0x1800E1838	ascii	()Lzombie/characters/BodyDamage/BodyDamage;
0xE0268	0x1800E1868	ascii	getBodyDamage
0xE0278	0x1800E1878	ascii	getBodyParts
0xE0288	0x1800E1888	ascii	RestoreToFullHealth
0xE02A0	0x1800E18A0	ascii	(Lzombie/characters/IsoPlayer;)V
0xE02C8	0x1800E18C8	ascii	sendPlayerDamage
0xE02E0	0x1800E18E0	ascii	isGodMod
0xE02F0	0x1800E18F0	ascii	avoidDamage
0xE02FC	0x1800E18FC	ascii	(ZZ)V
0xE0308	0x1800E1908	ascii	setGodMod
0xE0318	0x1800E1918	ascii	setAvoidDamage
0xE03D6	0x1800E19D6	ascii	 PlayerDamage 
0xE040D	0x1800E1A0D	ascii	 PlayerDamage 
0xE04F0	0x1800E1AF0	ascii	ENDURANCE
0xE0500	0x1800E1B00	ascii	getSecondaryHandItem
0xE0518	0x1800E1B18	ascii	getCondition
0xE0528	0x1800E1B28	ascii	getConditionMax
0xE0538	0x1800E1B38	ascii	setConditionNoSound
0xE059C	0x1800E1B9C	ascii	 SyncItemFields
0xE0630	0x1800E1C30	ascii	zombie/iso/weather/ClimateManager
0xE0658	0x1800E1C58	ascii	zombie/iso/weather/ClimateManager$ClimateFloat
0xE0688	0x1800E1C88	ascii	zombie/iso/weather/ClimateManager$ClimateBool
0xE06B8	0x1800E1CB8	ascii	zombie/iso/weather/ClimateManager$ClimateColor
0xE06E8	0x1800E1CE8	ascii	zombie/iso/weather/ClimateColorInfo
0xE0710	0x1800E1D10	ascii	zombie/iso/IsoLightSource
0xE0730	0x1800E1D30	ascii	zombie/iso/LightingJNI
0xE0748	0x1800E1D48	ascii	FLOAT_DESATURATION
0xE0760	0x1800E1D60	ascii	FLOAT_GLOBAL_LIGHT_INTENSITY
0xE0780	0x1800E1D80	ascii	FLOAT_NIGHT_STRENGTH
0xE0798	0x1800E1D98	ascii	FLOAT_AMBIENT
0xE07A8	0x1800E1DA8	ascii	FLOAT_DAYLIGHT_STRENGTH
0xE07C8	0x1800E1DC8	ascii	COLOR_GLOBAL_LIGHT
0xE07E0	0x1800E1DE0	ascii	FLOAT_FOG_INTENSITY
0xE07F8	0x1800E1DF8	ascii	FLOAT_PRECIPITATION_INTENSITY
0xE0818	0x1800E1E18	ascii	BOOL_IS_SNOW
0xE0828	0x1800E1E28	ascii	isOverrideValue
0xE0838	0x1800E1E38	ascii	overrideInternal
0xE0850	0x1800E1E50	ascii	()Lzombie/iso/weather/ClimateManager;
0xE0878	0x1800E1E78	ascii	(I)Lzombie/iso/weather/ClimateManager$ClimateFloat;
0xE08B0	0x1800E1EB0	ascii	getClimateFloat
0xE08C0	0x1800E1EC0	ascii	(I)Lzombie/iso/weather/ClimateManager$ClimateColor;
0xE08F8	0x1800E1EF8	ascii	getClimateColor
0xE0908	0x1800E1F08	ascii	(I)Lzombie/iso/weather/ClimateManager$ClimateBool;
0xE0940	0x1800E1F40	ascii	getClimateBool
0xE0950	0x1800E1F50	ascii	getOverride
0xE0960	0x1800E1F60	ascii	getOverrideInterpolate
0xE0978	0x1800E1F78	ascii	(FF)V
0xE0980	0x1800E1F80	ascii	setOverride
0xE0990	0x1800E1F90	ascii	setEnableOverride
0xE09A8	0x1800E1FA8	ascii	isEnableOverride
0xE09C0	0x1800E1FC0	ascii	()Lzombie/iso/weather/ClimateColorInfo;
0xE09E8	0x1800E1FE8	ascii	(Lzombie/iso/weather/ClimateColorInfo;F)V
0xE0A18	0x1800E2018	ascii	(FFFFFFFF)V
0xE0A28	0x1800E2028	ascii	(Lzombie/iso/weather/ClimateColorInfo;)V
0xE0A54	0x1800E2054	ascii	setTo
0xE0A60	0x1800E2060	ascii	(IIIFFFI)V
0xE0A70	0x1800E2070	ascii	(Lzombie/iso/IsoLightSource;)V
0xE0A90	0x1800E2090	ascii	addLamppost
0xE0AA0	0x1800E20A0	ascii	removeLamppost
0xE0AB0	0x1800E20B0	ascii	visionConeLerp
0xE0BE0	0x1800E21E0	utf-16le	opengl32.dll
0xE0C00	0x1800E2200	ascii	glGetUniformLocation
0xE0C18	0x1800E2218	ascii	glGetAttribLocation
0xE0C30	0x1800E2230	ascii	ModelViewProjection
0xE0C48	0x1800E2248	ascii	aPosition
0xE0C54	0x1800E2254	ascii	aDist
0xE0C5C	0x1800E225C	ascii	aDepth
0xE0C68	0x1800E2268	ascii	zombie/MainThread
0xE0C80	0x1800E2280	ascii	zombie/MainThreadQueueItem
0xE0CA0	0x1800E22A0	ascii	java/beans/Expression
0xE0CB8	0x1800E22B8	ascii	java/beans/EventHandler
0xE0CD0	0x1800E22D0	ascii	java/lang/Runnable
0xE0CE8	0x1800E22E8	ascii	java/lang/Float
0xE0CF8	0x1800E22F8	ascii	(Ljava/lang/Object;Ljava/lang/String;[Ljava/lang/Object;)V
0xE0D38	0x1800E2338	ascii	getValue
0xE0D50	0x1800E2350	ascii	(Ljava/lang/Class;Ljava/lang/Object;Ljava/lang/String;)Ljava/lang/Object;
0xE0D9C	0x1800E239C	ascii	create
0xE0DA8	0x1800E23A8	ascii	(Ljava/lang/Runnable;)V
0xE0DC0	0x1800E23C0	ascii	invokeOnMainThread
0xE0DD8	0x1800E23D8	ascii	(Lzombie/MainThreadQueueItem;)V
0xE0DF8	0x1800E23F8	ascii	queueInvokeOnMainThread
0xE0E10	0x1800E2410	ascii	(Ljava/lang/Runnable;)Lzombie/MainThreadQueueItem;
0xE0E44	0x1800E2444	ascii	alloc
0xE0E50	0x1800E2450	ascii	isFinished
0xE0E60	0x1800E2460	ascii	()Ljava/lang/Throwable;
0xE0E78	0x1800E2478	ascii	getThrown
0xE0E88	0x1800E2488	ascii	(F)Ljava/lang/Float;
0xE0EA0	0x1800E24A0	ascii	zombie/iso/IsoObject
0xE0EB8	0x1800E24B8	ascii	zombie/ui/UIManager
0xE0ED0	0x1800E24D0	ascii	zombie/iso/fboRenderChunk/FBORenderObjectOutline
0xE0F08	0x1800E2508	ascii	uiRenderTimeMS
0xE0F18	0x1800E2518	ascii	(IFFFF)V
0xE0F28	0x1800E2528	ascii	setOutlineHighlightCol
0xE0F40	0x1800E2540	ascii	(IZ)V
0xE0F48	0x1800E2548	ascii	setOutlineHighlight
0xE0F60	0x1800E2560	ascii	()Lzombie/iso/fboRenderChunk/FBORenderObjectOutline;
0xE0F98	0x1800E2598	ascii	(ILzombie/iso/IsoObject;J)V
0xE0FB8	0x1800E25B8	ascii	setDuringUIRenderTime
0xE0FD0	0x1800E25D0	ascii	zombie/globalObjects/CGlobalObjects
0xE0FF8	0x1800E25F8	ascii	zombie/globalObjects/GlobalObjectSystem
0xE1020	0x1800E2620	ascii	zombie/globalObjects/GlobalObject
0xE1048	0x1800E2648	ascii	se/krka/kahlua/j2se/J2SEPlatform
0xE1070	0x1800E2670	ascii	java/lang/Boolean
0xE1088	0x1800E2688	ascii	Lse/krka/kahlua/j2se/J2SEPlatform;
0xE10B0	0x1800E26B0	ascii	platform
0xE10C0	0x1800E26C0	ascii	(Ljava/lang/String;)Lzombie/globalObjects/CGlobalObjectSystem;
0xE1100	0x1800E2700	ascii	getSystemByName
0xE1110	0x1800E2710	ascii	getObjectCount
0xE1120	0x1800E2720	ascii	(I)Lzombie/globalObjects/GlobalObject;
0xE1148	0x1800E2748	ascii	getObjectByIndex
0xE1160	0x1800E2760	ascii	()Lse/krka/kahlua/vm/KahluaTable;
0xE1188	0x1800E2788	ascii	newTable
0xE1198	0x1800E2798	ascii	(Ljava/lang/Object;Ljava/lang/Object;)V
0xE11C0	0x1800E27C0	ascii	rawset
0xE11C8	0x1800E27C8	ascii	(Z)Ljava/lang/Boolean;
0xE1220	0x1800E2820	ascii	 Food 
0xE1233	0x1800E2833	ascii	 Food 
0xE127C	0x1800E287C	ascii	trap
0xE1310	0x1800E2910	ascii	pztrainer
0xE131C	0x1800E291C	ascii	type
0xE1324	0x1800E2924	ascii	item
0xE1330	0x1800E2930	ascii	minSize
0xE1338	0x1800E2938	ascii	maxSize
0xE1340	0x1800E2940	ascii	canBeAlive
0xE134C	0x1800E294C	ascii	animal
0xE1378	0x1800E2978	ascii	addAnimalDebug
0xE1388	0x1800E2988	ascii	removeAnimal
0xE1398	0x1800E2998	ascii	sendCommand
0xE1478	0x1800E2A78	ascii	zombie/input/Mouse
0xE1490	0x1800E2A90	ascii	isAiming
0xE14A0	0x1800E2AA0	ascii	setRecoilVarX
0xE14B0	0x1800E2AB0	ascii	setRecoilVarY
0xE14C0	0x1800E2AC0	ascii	getMaxRange
0xE14D0	0x1800E2AD0	ascii	getMaxDamage
0xE14E0	0x1800E2AE0	ascii	getXA
0xE14E8	0x1800E2AE8	ascii	getYA
0xE14F0	0x1800E2AF0	ascii	shotgun
0xE1504	0x1800E2B04	ascii	vector
0xE150C	0x1800E2B0C	ascii	pistol
0xE1518	0x1800E2B18	ascii	revolver
0xE1528	0x1800E2B28	ascii	handgun
0xE1530	0x1800E2B30	ascii	huntingrifle
0xE1540	0x1800E2B40	ascii	varmintrifle
0xE1550	0x1800E2B50	ascii	sniper
0xE1558	0x1800E2B58	ascii	msr7
0xE1564	0x1800E2B64	ascii	rifle
0xE1570	0x1800E2B70	ascii	carbine
0xE1598	0x1800E2B98	ascii	Rage 
0xE15AC	0x1800E2BAC	ascii	 Legit 
0xE15C0	0x1800E2BC0	ascii	Legit JNI 
0xE1780	0x1800E2D80	utf-16le	PZBullet64.dll
0xE17A0	0x1800E2DA0	ascii	Java_zombie_core_physics_Bullet_updateBallisticsMuzzleAimDirection
0xE17F0	0x1800E2DF0	ascii	Java_zombie_core_physics_Bullet_updateBallisticsAimReticlePosition
0xE1838	0x1800E2E38	ascii	Java_zombie_core_physics_Bullet_getBallisticsTargets
0xE1870	0x1800E2E70	ascii	Java_zombie_core_physics_Bullet_getBallisticsCameraTargets
0xE18B0	0x1800E2EB0	ascii	Java_zombie_core_physics_Bullet_getBallisticsTargetsSpreadData
0xE18F0	0x1800E2EF0	ascii	()Lzombie/iso/Vector3;
0xE1908	0x1800E2F08	ascii	getIsoAimingPosition
0xE1920	0x1800E2F20	ascii	(FFF)Lzombie/iso/Vector3;
0xE1940	0x1800E2F40	ascii	zombie/core/physics/BallisticsController
0xE1970	0x1800E2F70	ascii	zombie/iso/Vector3
0xE1988	0x1800E2F88	ascii	zombie/iso/Vector2
0xE19A0	0x1800E2FA0	ascii	zombie/core/raknet/UdpConnection
0xE19C8	0x1800E2FC8	ascii	zombie/ai/states/SwipeStatePlayer
0xE19F0	0x1800E2FF0	ascii	setIsAiming
0xE1A00	0x1800E3000	ascii	isForceAim
0xE1A10	0x1800E3010	ascii	setForceAim
0xE1A20	0x1800E3020	ascii	isCharging
0xE1A30	0x1800E3030	ascii	updateBallistics
0xE1A48	0x1800E3048	ascii	setAngleFromAim
0xE1A58	0x1800E3058	ascii	isAttackStarted
0xE1A68	0x1800E3068	ascii	()Lzombie/core/physics/BallisticsController;
0xE1A98	0x1800E3098	ascii	getBallisticsController
0xE1AB0	0x1800E30B0	ascii	getAimOriginPosX
0xE1AC8	0x1800E30C8	ascii	getAimOriginPosY
0xE1AE0	0x1800E30E0	ascii	getAimOriginPosZ
0xE1AF8	0x1800E30F8	ascii	setForwardDirection
0xE1B10	0x1800E3110	ascii	setTargetVerticalAimAngle
0xE1B30	0x1800E3130	ascii	setCurrentVerticalAimAngle
0xE1B50	0x1800E3150	ascii	setMoveDelta
0xE1B60	0x1800E3160	ascii	setMoving
0xE1B70	0x1800E3170	ascii	setRunning
0xE1B80	0x1800E3180	ascii	setSprinting
0xE1B90	0x1800E3190	ascii	isAllowRun
0xE1BA0	0x1800E31A0	ascii	setAllowRun
0xE1BB0	0x1800E31B0	ascii	isAllowSprint
0xE1BC0	0x1800E31C0	ascii	setAllowSprint
0xE1BD0	0x1800E31D0	ascii	isIgnoreInputsForDirection
0xE1BF0	0x1800E31F0	ascii	setIgnoreInputsForDirection
0xE1C10	0x1800E3210	ascii	setForceRun
0xE1C20	0x1800E3220	ascii	setForceSprint
0xE1C30	0x1800E3230	ascii	isBlockMovement
0xE1C40	0x1800E3240	ascii	setBlockMovement
0xE1C58	0x1800E3258	ascii	Lzombie/iso/Vector2;
0xE1C70	0x1800E3270	ascii	playerMoveDir
0xE1C80	0x1800E3280	ascii	()Lzombie/iso/Vector2;
0xE1C98	0x1800E3298	ascii	getMoveForwardVec
0xE1CB0	0x1800E32B0	ascii	getProjectileSpread
0xE1CC8	0x1800E32C8	ascii	setProjectileSpread
0xE1CE0	0x1800E32E0	ascii	getHitChance
0xE1CF0	0x1800E32F0	ascii	setHitChance
0xE1D00	0x1800E3300	ascii	getMinDamage
0xE1D10	0x1800E3310	ascii	setMinDamage
0xE1D20	0x1800E3320	ascii	setMaxDamage
0xE1D30	0x1800E3330	ascii	getAimingTime
0xE1D40	0x1800E3340	ascii	setAimingTime
0xE1D50	0x1800E3350	ascii	setAimingDelay
0xE1D60	0x1800E3360	ascii	setBeenMovingFor
0xE1D78	0x1800E3378	ascii	Lzombie/iso/Vector3;
0xE1D90	0x1800E3390	ascii	targetPosition
0xE1DA0	0x1800E33A0	ascii	(FF)Lzombie/iso/Vector2;
0xE1DC0	0x1800E33C0	ascii	Lzombie/core/raknet/UdpConnection;
0xE1DE8	0x1800E33E8	ascii	connection
0xE1DF8	0x1800E33F8	ascii	getAveragePing
0xE1E08	0x1800E3408	ascii	()Lzombie/CombatManager;
0xE1E28	0x1800E3428	ascii	()Lzombie/ai/states/SwipeStatePlayer;
0xE1E50	0x1800E3450	ascii	()Lzombie/AttackType;
0xE1E68	0x1800E3468	ascii	getAttackType
0xE1E78	0x1800E3478	ascii	pressedAttack
0xE1E88	0x1800E3488	ascii	attackCollisionCheck
0xE1EA0	0x1800E34A0	ascii	Rage JNI 
0xE1EC0	0x1800E34C0	ascii	Rage JNI 
0xE1EE0	0x1800E34E0	ascii	Rage 
0xE1F1E	0x1800E351E	ascii	 Rage 
0xE1F3E	0x1800E353E	ascii	 Rage 
0xE1F6F	0x1800E356F	ascii	 Rage 
0xE1F8E	0x1800E358E	ascii	 Rage 
0xE2168	0x1800E3768	ascii	 DT 
0xE21C6	0x1800E37C6	ascii	 DT 
0xE21F8	0x1800E37F8	ascii	org/lwjgl/opengl/GL
0xE2210	0x1800E3810	ascii	()Lorg/lwjgl/opengl/GLCapabilities;
0xE2238	0x1800E3838	ascii	getCapabilities
0xE2248	0x1800E3848	ascii	MatrixPalette[0]
0xE2260	0x1800E3860	ascii	MatrixPalette
0xE2270	0x1800E3870	ascii	FinalScale
0xE2280	0x1800E3880	ascii	transform
0xE2290	0x1800E3890	ascii	u_color
0xE2298	0x1800E3898	ascii	TintColour
0xE22A8	0x1800E38A8	ascii	TexturePainColor
0xE22BC	0x1800E38BC	ascii	Alpha
0xE22C8	0x1800E38C8	ascii	targetDepth
0xE22D8	0x1800E38D8	ascii	Texture
0xE22E0	0x1800E38E0	ascii	InstTexArr
0xE22F0	0x1800E38F0	ascii	TextureDimensions
0xE2308	0x1800E3908	ascii	glDrawElements
0xE2318	0x1800E3918	ascii	glDrawArrays
0xE2328	0x1800E3928	ascii	glDrawRangeElements
0xE2340	0x1800E3940	ascii	glDrawElementsInstanced
0xE2358	0x1800E3958	ascii	glUniformMatrix4fv
0xE2370	0x1800E3970	ascii	glUseProgram
0xE2380	0x1800E3980	ascii	glGetUniformfv
0xE2390	0x1800E3990	ascii	glGetUniformiv
0xE23A0	0x1800E39A0	ascii	glUniform1f
0xE23B0	0x1800E39B0	ascii	glUniform3f
0xE23C0	0x1800E39C0	ascii	glUniform4f
0xE23D0	0x1800E39D0	ascii	glBindVertexArray
0xE23E8	0x1800E39E8	ascii	glGenVertexArrays
0xE2400	0x1800E3A00	ascii	glBindBuffer
0xE2410	0x1800E3A10	ascii	glGetVertexAttribiv
0xE2428	0x1800E3A28	ascii	glGetVertexAttribPointerv
0xE2448	0x1800E3A48	ascii	glVertexAttribPointer
0xE2460	0x1800E3A60	ascii	glEnableVertexAttribArray
0xE2480	0x1800E3A80	ascii	glDisableVertexAttribArray
0xE24A0	0x1800E3AA0	ascii	glActiveTexture
0xE24B0	0x1800E3AB0	ascii	glGetIntegeri_v
0xE24C0	0x1800E3AC0	ascii	glBindBufferBase
0xE24D8	0x1800E3AD8	ascii	glTexImage3D
0xE24E8	0x1800E3AE8	ascii	glTexSubImage3D
0xE2510	0x1800E3B10	ascii	%.1f 
0xE2558	0x1800E3B58	ascii	 [PVP]
0xE26CC	0x1800E3CCC	ascii	%d%% 
0xE273A	0x1800E3D3A	ascii	V?sh
0xE2768	0x1800E3D68	ascii	getMuzzlePosition
0xE2780	0x1800E3D80	ascii	getMuzzleDirection
0xE2794	0x1800E3D94	ascii	()[F
0xE27A0	0x1800E3DA0	ascii	getCameraTargets
0xE27B8	0x1800E3DB8	ascii	getNumberOfCameraTargets
0xE27D8	0x1800E3DD8	ascii	Disabled
0xE27E4	0x1800E3DE4	ascii	Shaded
0xE27EC	0x1800E3DEC	ascii	Solid
0xE27F4	0x1800E3DF4	ascii	Glow
0xE2800	0x1800E3E00	ascii	Glow Outline
0xE2810	0x1800E3E10	ascii	Iridescent
0xE2820	0x1800E3E20	ascii	Water Flow
0xE282C	0x1800E3E2C	ascii	Glossy
0xE283C	0x1800E3E3C	ascii	false
0xE2844	0x1800E3E44	ascii	true
0xE2858	0x1800E3E58	ascii	[PZ Solo Assist] 
0xE2870	0x1800E3E70	utf-16le	pztrainer.log
0xE2890	0x1800E3E90	ascii	Insert toggled the menu on.
0xE28B0	0x1800E3EB0	ascii	Insert toggled the menu off.
0xE28D0	0x1800E3ED0	ascii	WindowFromDC failed; waiting for the next frame.
0xE2908	0x1800E3F08	ascii	C:\Windows\Fonts\msyh.ttc
0xE2930	0x1800E3F30	ascii	Microsoft YaHei UI font was unavailable; using the ImGui default font.
0xE2978	0x1800E3F78	ascii	ImGui Win32 backend initialization failed.
0xE29A8	0x1800E3FA8	ascii	#version 130
0xE29B8	0x1800E3FB8	ascii	ImGui OpenGL backend initialization failed.
0xE29E8	0x1800E3FE8	ascii	Glass blur unavailable: 
0xE2A08	0x1800E4008	ascii	Glass blur initialized.
0xE2A20	0x1800E4020	ascii	Native model chams OpenGL hooks initialized, status=
0xE2A60	0x1800E4060	ascii	Native model chams OpenGL hooks could not be initialized, status=
0xE2AA8	0x1800E40A8	ascii	Failed to install the game-window input hook.
0xE2AD8	0x1800E40D8	ascii	ImGui initialized. Press Insert to show or hide the menu.
0xE2B18	0x1800E4118	ascii	Native model chams delayed initialization succeeded, status=
0xE2B58	0x1800E4158	ascii	Native model chams delayed initialization failed, status=
0xE2B98	0x1800E4198	ascii	 target=
0xE2BA8	0x1800E41A8	ascii	 group=
0xE2BB0	0x1800E41B0	ascii	none
0xE2BB8	0x1800E41B8	ascii	 weapon=
0xE2BC8	0x1800E41C8	ascii	Legit: 
0xE2BD0	0x1800E41D0	ascii	 ids=
0xE2BD8	0x1800E41D8	ascii	 targets=
0xE2BE8	0x1800E41E8	ascii	 aimPos=
0xE2BF8	0x1800E41F8	ascii	 reticle=
0xE2C08	0x1800E4208	ascii	 overrides=
0xE2C18	0x1800E4218	ascii	 calls=
0xE2C20	0x1800E4220	ascii	ready
0xE2C30	0x1800E4230	ascii	 bulletHook=
0xE2C40	0x1800E4240	ascii	Rage: 
0xE2C48	0x1800E4248	ascii	Item spawn: 
0xE2C58	0x1800E4258	ascii	 serverSyncs=
0xE2C68	0x1800E4268	ascii	 refills=
0xE2C74	0x1800E4274	ascii	 ammo=
0xE2C80	0x1800E4280	ascii	Player ammo: 
0xE2C90	0x1800E4290	ascii	 restores=
0xE2CA0	0x1800E42A0	ascii	Player health: 
0xE2CB0	0x1800E42B0	ascii	Single-player gate: 
0xE2CC8	0x1800E42C8	ascii	Native model chams bridge status=
0xE2CF0	0x1800E42F0	ascii	) zoom=
0xE2D00	0x1800E4300	ascii	 display=(
0xE2D10	0x1800E4310	ascii	 modelChamsStatus=
0xE2D28	0x1800E4328	ascii	) modelInstances=
0xE2D40	0x1800E4340	ascii	 forward=(
0xE2D50	0x1800E4350	ascii	 inView=
0xE2D60	0x1800E4360	ascii	 behindWall=
0xE2D70	0x1800E4370	ascii	 boneFailure=
0xE2D80	0x1800E4380	ascii	unavailable
0xE2D90	0x1800E4390	ascii	 bones=
0xE2D98	0x1800E4398	ascii	 health=
0xE2DA8	0x1800E43A8	ascii	) distance=
0xE2DB8	0x1800E43B8	ascii	 firstScreen=(
0xE2DC8	0x1800E43C8	ascii	ESP first snapshot: count=
0xE2DE8	0x1800E43E8	ascii	) column=(
0xE2DF8	0x1800E43F8	ascii	) row=(
0xE2E08	0x1800E4408	ascii	) feet=(
0xE2E18	0x1800E4418	ascii	) pelvis=(
0xE2E28	0x1800E4428	ascii	) head=(
0xE2E38	0x1800E4438	ascii	Visible bones: box=(
0xE2E50	0x1800E4450	ascii	Native model chams captured draws=
0xE2E78	0x1800E4478	ascii	 vehicleTintedDrawCalls=
0xE2E98	0x1800E4498	ascii	 vehiclePrograms=
0xE2EB0	0x1800E44B0	ascii	 instancedPrograms=
0xE2EC8	0x1800E44C8	ascii	 outlinePrograms=
0xE2EE0	0x1800E44E0	ascii	 programs=
0xE2EF0	0x1800E44F0	ascii	 matrixUploads=
0xE2F00	0x1800E4500	ascii	 instancedDrawCalls=
0xE2F18	0x1800E4518	ascii	Native model chams diagnostics: drawCalls=
0xE2F48	0x1800E4548	ascii	DLL loaded; waiting for the OpenGL presentation function.
0xE2F88	0x1800E4588	utf-16le	gdi32.dll
0xE2FA0	0x1800E45A0	ascii	SwapBuffers
0xE2FB0	0x1800E45B0	ascii	Could not resolve gdi32!SwapBuffers.
0xE2FD8	0x1800E45D8	ascii	MinHook initialization failed.
0xE2FF8	0x1800E45F8	ascii	Failed to create the SwapBuffers hook.
0xE3020	0x1800E4620	ascii	Failed to enable the SwapBuffers hook.
0xE3048	0x1800E4648	ascii	SwapBuffers hook enabled.
0xE3090	0x1800E4690	ascii	PreviewAnimationDropdown
0xE30C0	0x1800E46C0	ascii	AnimationSelector
0xE30D8	0x1800E46D8	ascii	AnimationPopup
0xE30E8	0x1800E46E8	ascii	AnimationSelectorHover
0xE3100	0x1800E4700	ascii	AnimationItem
0xE31C8	0x1800E47C8	ascii	AimTarget3DBackground
0xE31E0	0x1800E47E0	ascii	target_point
0xE3217	0x1800E4817	ascii	>33s?
0xE321F	0x1800E481F	ascii	?preset_row
0xE3230	0x1800E4830	ascii	##LegitWeaponLibraryPanel
0xE3250	0x1800E4850	ascii	##RageWeaponLibraryPanel
0xE3280	0x1800E4880	ascii	LegitSettingsColumn
0xE32A8	0x1800E48A8	ascii	LegitMainCard
0xE32FE	0x1800E48FE	ascii	 PVP 
0xE3338	0x1800E4938	ascii	%.0f 
0xE3368	0x1800E4968	ascii	LegitTuningCard
0xE3390	0x1800E4990	ascii	%.0f%%
0xE33D0	0x1800E49D0	ascii	LegitTargetColumn
0xE33F8	0x1800E49F8	ascii	LegitTargetCard
0xE3408	0x1800E4A08	ascii	RageSettingsColumn
0xE3430	0x1800E4A30	ascii	RageMainCard
0xE3446	0x1800E4A46	ascii	 Rage
0xE34C8	0x1800E4AC8	ascii	RageWeaponCard
0xE34FC	0x1800E4AFC	ascii	%.1f
0xE3538	0x1800E4B38	ascii	RageFireModeCard
0xE3560	0x1800E4B60	ascii	RageTargetColumn
0xE3578	0x1800E4B78	ascii	RageTargetCard
0xE3588	0x1800E4B88	ascii	LegitWeaponSelector
0xE35A0	0x1800E4BA0	ascii	RageWeaponSelector
0xE35B8	0x1800E4BB8	ascii	selector
0xE35C8	0x1800E4BC8	ascii	AnimalPreview
0xE3607	0x1800E4C07	ascii	CowBody.x
0xE3638	0x1800E4C38	ascii	StateTab
0xE3648	0x1800E4C48	ascii	StateTabAmount
0xE3658	0x1800E4C58	ascii	StateToggle
0xE3668	0x1800E4C68	ascii	StateToggleAmount
0xE3680	0x1800E4C80	ascii	SaturationValue
0xE3690	0x1800E4C90	ascii	SvMarkerHover
0xE36B0	0x1800E4CB0	ascii	##HueValue
0xE36C0	0x1800E4CC0	ascii	##SaturationValue
0xE36D8	0x1800E4CD8	ascii	##BrightnessValue
0xE36F0	0x1800E4CF0	ascii	##AlphaValue
0xE3700	0x1800E4D00	ascii	ColorSwatch
0xE3710	0x1800E4D10	ascii	ColorSwatchHover
0xE3728	0x1800E4D28	ascii	##AnimatedColorPicker
0xE3750	0x1800E4D50	ascii	BehindWall
0xE3770	0x1800E4D70	ascii	InView
0xE37C8	0x1800E4DC8	ascii	HealthProtection
0xE3888	0x1800E4E88	ascii	PlayerResources
0xE38E0	0x1800E4EE0	ascii	%.1f%%
0xE38E8	0x1800E4EE8	ascii	%d / %d
0xE3940	0x1800E4F40	ascii	HealthStatusColumn
0xE3968	0x1800E4F68	ascii	HealthRuntimeStatus
0xE3990	0x1800E4F90	ascii	HealthProtocolColumn
0xE39B8	0x1800E4FB8	ascii	HealthProtocolStatus
0xE39D0	0x1800E4FD0	ascii	%llu 
0xE3A0C	0x1800E500C	ascii	 PlayerDamage 
0xE3A78	0x1800E5078	ascii	tab_hover
0xE3A88	0x1800E5088	ascii	tab_selection
0xE3A98	0x1800E5098	ascii	tab_button
0xE3AA8	0x1800E50A8	ascii	more_options
0xE3AB8	0x1800E50B8	ascii	more_options_hover
0xE3AD0	0x1800E50D0	ascii	toggle_hover
0xE3AE0	0x1800E50E0	ascii	toggle_value
0xE3AF0	0x1800E50F0	ascii	toggle_label
0xE3B00	0x1800E5100	ascii	toggle_switch
0xE3B10	0x1800E5110	ascii	row_color
0xE3B20	0x1800E5120	ascii	disabled_toggle
0xE3B30	0x1800E5130	ascii	slider_value
0xE3B40	0x1800E5140	ascii	slider_hover
0xE3B50	0x1800E5150	ascii	slider_track
0xE3B68	0x1800E5168	ascii	SkillRow
0xE3B78	0x1800E5178	ascii	%d / 10
0xE3B80	0x1800E5180	ascii	##SkillCategory
0xE3B90	0x1800E5190	ascii	SelectedSkillEditor
0xE3BC0	0x1800E51C0	ascii	%s  
0xE3BC6	0x1800E51C6	ascii	  %s
0xE3BD6	0x1800E51D6	ascii	 10  
0xE3BE8	0x1800E51E8	ascii	 %.0f
0xE3BF6	0x1800E51F6	ascii	 %d  
0xE3C05	0x1800E5205	ascii	 %.0f / %.0f  
0xE3C1D	0x1800E521D	ascii	 %.1fx
0xE3C64	0x1800E5264	ascii	%.0f
0xE3E1B	0x1800E541B	ascii	 %d 
0xE3E7F	0x1800E547F	ascii	 HitWeapon 
0xE3F1C	0x1800E551C	ascii	 WaveSignal 
0xE4070	0x1800E5670	ascii	##SkillSearch
0xE4080	0x1800E5680	ascii	SkillList
0xE4090	0x1800E5690	ascii	SkillRows
0xE40B8	0x1800E56B8	ascii	bad cast
0xE40C4	0x1800E56C4	ascii	space
0xE40D0	0x1800E56D0	ascii	invalid stoi argument
0xE40E8	0x1800E56E8	ascii	stoi argument out of range
0xE4108	0x1800E5708	ascii	invalid stoul argument
0xE4120	0x1800E5720	ascii	stoul argument out of range
0xE4140	0x1800E5740	ascii	invalid stof argument
0xE4158	0x1800E5758	ascii	stof argument out of range
0xE4178	0x1800E5778	ascii	[-+]?(?:\d+\.?\d*|\.\d+)(?:[eE][-+]?\d+)?
0xE41A8	0x1800E57A8	ascii	\n\s*Mesh\s+[A-Za-z0-9_]+\s*\{
0xE41C8	0x1800E57C8	ascii	^\s*(\d+)\s*;
0xE41E0	0x1800E57E0	ascii	([-+0-9.eE]+)\s*;\s*([-+0-9.eE]+)\s*;\s*([-+0-9.eE]+)\s*;\s*[,;]
0xE4228	0x1800E5828	ascii	(\d+)\s*;\s*([0-9,\s]+)\s*;\s*[,;]
0xE4250	0x1800E5850	ascii	MeshTextureCoords
0xE4268	0x1800E5868	ascii	Vertices:
0xE4278	0x1800E5878	ascii	PolygonVertexIndex:
0xE4290	0x1800E5890	ascii	UVIndex:
0xE429C	0x1800E589C	ascii	-?\d+
0xE42B0	0x1800E58B0	utf-16le	media/models_X/Skinned/CowBody.x
0xE4300	0x1800E5900	utf-16le	media/models_X/vehicles/Vehicles_CarNormal.fbx
0xE4360	0x1800E5960	utf-16le	media/textures/Body/Cow_BW_01.png
0xE43B0	0x1800E59B0	utf-16le	media/textures/Vehicles/vehicle_carnormalshell.png
0xE4418	0x1800E5A18	ascii	alnum
0xE4420	0x1800E5A20	utf-16le	alnum
0xE442C	0x1800E5A2C	ascii	alpha
0xE4438	0x1800E5A38	utf-16le	alpha
0xE4444	0x1800E5A44	ascii	blank
0xE4450	0x1800E5A50	utf-16le	blank
0xE445C	0x1800E5A5C	ascii	cntrl
0xE4468	0x1800E5A68	utf-16le	cntrl
0xE447C	0x1800E5A7C	ascii	digit
0xE4488	0x1800E5A88	utf-16le	digit
0xE4494	0x1800E5A94	ascii	graph
0xE44A0	0x1800E5AA0	utf-16le	graph
0xE44AC	0x1800E5AAC	ascii	lower
0xE44B8	0x1800E5AB8	utf-16le	lower
0xE44C4	0x1800E5AC4	ascii	print
0xE44D0	0x1800E5AD0	utf-16le	print
0xE44DC	0x1800E5ADC	ascii	punct
0xE44E8	0x1800E5AE8	utf-16le	punct
0xE44F8	0x1800E5AF8	utf-16le	space
0xE450C	0x1800E5B0C	ascii	upper
0xE4518	0x1800E5B18	utf-16le	upper
0xE452C	0x1800E5B2C	ascii	xdigit
0xE4538	0x1800E5B38	utf-16le	xdigit
0xE4548	0x1800E5B48	ascii	vector<bool> too long
0xE4A20	0x1800E6020	ascii	()$^.*+?[]|\-{},:=!
0xE4A58	0x1800E6058	ascii	generic
0xE4A60	0x1800E6060	ascii	system
0xE4A68	0x1800E6068	ascii	Zombie_Idle.x
0xE4A78	0x1800E6078	ascii	Zombie_Walk.x
0xE4A88	0x1800E6088	ascii	Zombie_Sprint.x
0xE4A98	0x1800E6098	ascii	Zombie_Idle_Lunge.x
0xE4AB0	0x1800E60B0	ascii	Bob_Idle.X
0xE4AC0	0x1800E60C0	ascii	Bob_Walk.x
0xE4AD0	0x1800E60D0	ascii	Bob_Run.X
0xE4AE0	0x1800E60E0	ascii	Bob_Sprint.X
0xE4AF0	0x1800E60F0	ascii	Bip01
0xE4AF8	0x1800E60F8	ascii	Bip01_R_Finger1
0xE4B08	0x1800E6108	ascii	Bip01_BackPack
0xE4B18	0x1800E6118	ascii	Bip01_R_Finger0
0xE4B28	0x1800E6128	ascii	Bip01_L_Finger1
0xE4B38	0x1800E6138	ascii	Bip01_L_Finger0
0xE4B48	0x1800E6148	ascii	Bip01_DressBack
0xE4B58	0x1800E6158	ascii	Bip01_DressBack02
0xE4B70	0x1800E6170	ascii	Bip01_DressFront02
0xE4B88	0x1800E6188	ascii	Bip01_DressFront
0xE4BA0	0x1800E61A0	ascii	Frame 
0xE4BA8	0x1800E61A8	ascii	FrameTransformMatrix
0xE4BC0	0x1800E61C0	ascii	Mesh Body
0xE4BD0	0x1800E61D0	ascii	MeshTextureCoords c1
0xE4BE8	0x1800E61E8	ascii	3\s*;\s*(\d+)\s*,\s*(\d+)\s*,\s*(\d+)\s*;\s*[,;]
0xE4C20	0x1800E6220	ascii	([-+0-9.eE]+)\s*;\s*([-+0-9.eE]+)\s*;\s*[,;]
0xE4C50	0x1800E6250	ascii	Dummy01
0xE4C58	0x1800E6258	ascii	SkinWeights
0xE4C68	0x1800E6268	ascii	AnimationKey 
0xE4C78	0x1800E6278	ascii	AnimTicksPerSecond
0xE4C90	0x1800E6290	ascii	Animation {
0xE4CA0	0x1800E62A0	ascii	\{\s*([A-Za-z0-9_]+)\s*\}
0xE4CC0	0x1800E62C0	utf-16le	media/textures/Body/MaleBody01.png
0xE4D10	0x1800E6310	utf-16le	media/textures/Body/M_ZedBody01.png
0xE4D60	0x1800E6360	utf-16le	media/models_X/Skinned/MaleBody.x
0xE4DA8	0x1800E63A8	utf-16le	media/anims_X/Bob
0xE4DD0	0x1800E63D0	utf-16le	media/anims_X/Zombie
0xE4E00	0x1800E6400	ascii	invalid unordered_map<K, T> key
0xE4E58	0x1800E6458	ascii	unknown error
0xE4EE8	0x1800E64E8	ascii	glass blur shader compilation failed: 
0xE4F11	0x1800E6511	ascii	#version 130
0xE4F1E	0x1800E651E	ascii	varying vec2 TextureCoordinate;
0xE4F3E	0x1800E653E	ascii	attribute vec2 Position;
0xE4F57	0x1800E6557	ascii	attribute vec2 TextureInput;
0xE4F74	0x1800E6574	ascii	void main() {
0xE4F82	0x1800E6582	ascii	    gl_Position = vec4(Position, 0.0, 1.0);
0xE4FAE	0x1800E65AE	ascii	    TextureCoordinate = TextureInput;
0xE4FE1	0x1800E65E1	ascii	#version 130
0xE4FEE	0x1800E65EE	ascii	uniform sampler2D SourceTexture;
0xE500F	0x1800E660F	ascii	uniform vec2 Direction;
0xE5027	0x1800E6627	ascii	varying vec2 TextureCoordinate;
0xE5047	0x1800E6647	ascii	void main() {
0xE5055	0x1800E6655	ascii	    vec4 color = texture2D(SourceTexture, TextureCoordinate) * 0.2270270270;
0xE50A2	0x1800E66A2	ascii	    color += texture2D(SourceTexture, TextureCoordinate + Direction * 1.3846153846) * 0.3162162162;
0xE5106	0x1800E6706	ascii	    color += texture2D(SourceTexture, TextureCoordinate - Direction * 1.3846153846) * 0.3162162162;
0xE516A	0x1800E676A	ascii	    color += texture2D(SourceTexture, TextureCoordinate + Direction * 3.2307692308) * 0.0702702703;
0xE51CE	0x1800E67CE	ascii	    color += texture2D(SourceTexture, TextureCoordinate - Direction * 3.2307692308) * 0.0702702703;
0xE5232	0x1800E6832	ascii	    gl_FragColor = color;
0xE5250	0x1800E6850	ascii	Position
0xE5260	0x1800E6860	ascii	TextureInput
0xE5270	0x1800E6870	ascii	glass blur program link failed: 
0xE5298	0x1800E6898	ascii	SourceTexture
0xE52A8	0x1800E68A8	ascii	Direction
0xE52B8	0x1800E68B8	ascii	glass blur framebuffer is incomplete
0xE52E0	0x1800E68E0	ascii	glGenFramebuffers
0xE52F8	0x1800E68F8	ascii	glBindFramebuffer
0xE5310	0x1800E6910	ascii	glFramebufferTexture2D
0xE5328	0x1800E6928	ascii	glCheckFramebufferStatus
0xE5348	0x1800E6948	ascii	glDeleteFramebuffers
0xE5360	0x1800E6960	ascii	glCreateShader
0xE5370	0x1800E6970	ascii	glShaderSource
0xE5380	0x1800E6980	ascii	glCompileShader
0xE5390	0x1800E6990	ascii	glGetShaderiv
0xE53A0	0x1800E69A0	ascii	glGetShaderInfoLog
0xE53B8	0x1800E69B8	ascii	glDeleteShader
0xE53C8	0x1800E69C8	ascii	glCreateProgram
0xE53D8	0x1800E69D8	ascii	glAttachShader
0xE53E8	0x1800E69E8	ascii	glLinkProgram
0xE53F8	0x1800E69F8	ascii	glGetProgramiv
0xE5408	0x1800E6A08	ascii	glGetProgramInfoLog
0xE5420	0x1800E6A20	ascii	glDeleteProgram
0xE5430	0x1800E6A30	ascii	glUniform1i
0xE5440	0x1800E6A40	ascii	glUniform2f
0xE5450	0x1800E6A50	ascii	glBindAttribLocation
0xE5468	0x1800E6A68	ascii	glGenBuffers
0xE5478	0x1800E6A78	ascii	glBufferData
0xE5488	0x1800E6A88	ascii	glass blur uniforms were unavailable
0xE54B0	0x1800E6AB0	ascii	missing OpenGL function: 
0xE5523	0x1800E6B23	ascii	 ItemVisual 
0xE5550	0x1800E6B50	ascii	Food
0xE556D	0x1800E6B6D	ascii	 Food
0xE5596	0x1800E6B96	ascii	 HandWeapon
0xE562B	0x1800E6C2B	ascii	 MountOn 
0xE5637	0x1800E6C37	ascii	 WeaponPart
0xE5738	0x1800E6D38	ascii	##SpawnMethods
0xE5788	0x1800E6D88	ascii	##Method
0xE5798	0x1800E6D98	ascii	item_card
0xE5830	0x1800E6E30	ascii	ItemGeneratorControls
0xE5870	0x1800E6E70	ascii	##ItemSearch
0xE5880	0x1800E6E80	ascii	##ItemCategory
0xE5898	0x1800E6E98	ascii	##ItemQuantity
0xE58FF	0x1800E6EFF	ascii	%s  
0xE5905	0x1800E6F05	ascii	  %s
0xE5928	0x1800E6F28	ascii	ItemCatalog
0xE59D8	0x1800E6FD8	ascii	%d:%02d  
0xE59E3	0x1800E6FE3	ascii	  %.2f
0xE59EC	0x1800E6FEC	ascii	%.3f
0xE59F8	0x1800E6FF8	ascii	EffectRow
0xE5A08	0x1800E7008	ascii	StatRow
0xE5A10	0x1800E7010	ascii	%.2f - %.2f
0xE5A20	0x1800E7020	ascii	EffectEditorControls
0xE5A70	0x1800E7070	ascii	%.0f 
0xE5A90	0x1800E7090	ascii	%.2f
0xE5BAC	0x1800E71AC	ascii	 Drink 
0xE5CD0	0x1800E72D0	ascii	PlayerEffectEditor
0xE5D00	0x1800E7300	ascii	##EffectSearch
0xE5D20	0x1800E7320	ascii	EffectRows
0xE5D48	0x1800E7348	ascii	Player3DPreview
0xE5D68	0x1800E7368	ascii	18.6 
0xE5DBF	0x1800E73BF	ascii	 ESP 
0xE5DD0	0x1800E73D0	ascii	VehiclePreview
0xE5E0F	0x1800E740F	ascii	Vehicles_CarNormal.fbx
0xE5E28	0x1800E7428	ascii	PreviewStateSelector
0xE5E40	0x1800E7440	ascii	PreviewState
0xE5E50	0x1800E7450	ascii	PreviewStateAmount
0xE5E68	0x1800E7468	ascii	ModelEffectDropdown
0xE5E90	0x1800E7490	ascii	ModelAdvanced
0xE5EA0	0x1800E74A0	ascii	ModelEffectColor
0xE5EB8	0x1800E74B8	ascii	EffectSelector
0xE5EC8	0x1800E74C8	ascii	EffectPopup
0xE5ED8	0x1800E74D8	ascii	EffectSelectorHover
0xE5EF0	0x1800E74F0	ascii	EffectItem
0xE5F00	0x1800E7500	ascii	EffectItemAmount
0xE5F60	0x1800E7560	ascii	##ModelAdvancedPopup
0xE5F78	0x1800E7578	ascii	AdvancedSettingsGroup
0xE5F90	0x1800E7590	ascii	nav_hover
0xE5FA0	0x1800E75A0	ascii	nav_selection
0xE5FB0	0x1800E75B0	ascii	nav_button
0xE5FBC	0x1800E75BC	ascii	Rage
0xE5FC4	0x1800E75C4	ascii	Legit
0xE6020	0x1800E7620	ascii	Sidebar
0xE6030	0x1800E7630	ascii	PZ Solo Assist
0xE6040	0x1800E7640	ascii	Project Zomboid
0xE6058	0x1800E7658	ascii	AimbotNavigation
0xE6070	0x1800E7670	ascii	VisualNavigation
0xE608E	0x1800E768E	ascii	 ESP
0xE60A0	0x1800E76A0	ascii	CommonNavigation
0xE60DC	0x1800E76DC	ascii	Topbar
0xE60E4	0x1800E76E4	ascii	%s  v
0xE60F8	0x1800E76F8	ascii	VisualLeft
0xE6120	0x1800E7720	ascii	ZombieControls
0xE61B0	0x1800E77B0	ascii	VisualPreviewColumn
0xE61D8	0x1800E77D8	ascii	ZombiePreviewCard
0xE61F0	0x1800E77F0	ascii	PlayerVisualLeft
0xE6220	0x1800E7820	ascii	PlayerControls
0xE6258	0x1800E7858	ascii	PlayerVisualPreviewColumn
0xE6288	0x1800E7888	ascii	PlayerPreviewCard
0xE62A0	0x1800E78A0	ascii	AnimalVisualLeft
0xE62D0	0x1800E78D0	ascii	AnimalControls
0xE62F8	0x1800E78F8	ascii	AnimalVisualPreviewColumn
0xE6328	0x1800E7928	ascii	AnimalPreviewCard
0xE6340	0x1800E7940	ascii	VehicleVisualLeft
0xE6370	0x1800E7970	ascii	VehicleControls
0xE63D0	0x1800E79D0	ascii	VehicleVisualPreviewColumn
0xE6400	0x1800E7A00	ascii	VehiclePreviewCard
0xE6418	0x1800E7A18	ascii	UnavailablePage
0xE6440	0x1800E7A40	ascii	Content
0xE64A8	0x1800E7AA8	ascii	##FogMode
0xE64D8	0x1800E7AD8	ascii	##PrecipitationMode
0xE6508	0x1800E7B08	ascii	WorldVisualEffects
0xE6580	0x1800E7B80	ascii	WorldWeatherEffects
0xE65A8	0x1800E7BA8	ascii	WeaponRayEffects
0xE65E8	0x1800E7BE8	ascii	WeaponRayColor
0xE65F8	0x1800E7BF8	ascii	Zombie3DPreview
0xE6608	0x1800E7C08	ascii	12.4 
0xE665F	0x1800E7C5F	ascii	 ESP 
0xE6670	0x1800E7C70	ascii	stb_truetype
0xE6680	0x1800E7C80	ascii	Clear
0xE6690	0x1800E7C90	ascii	[%s] [%05d] 
0xE66A0	0x1800E7CA0	ascii	[%05d] 
0xE66A8	0x1800E7CA8	ascii	HoveredId: 0x%08X
0xE66BC	0x1800E7CBC	ascii	Left
0xE66C8	0x1800E7CC8	ascii	Press ESC to abort picking.
0xE66E4	0x1800E7CE4	ascii	Middle
0xE66EC	0x1800E7CEC	ascii	Right
0xE66F8	0x1800E7CF8	ascii	Click %s Button to break in debugger! (remap w/ Ctrl+Shift)
0xE6740	0x1800E7D40	ascii	Remap w/ Ctrl+Shift: click anywhere to select new mouse button.
0xE6780	0x1800E7D80	ascii	(void*)0x%p
0xE678C	0x1800E7D8C	ascii	%.*s
0xE6798	0x1800E7D98	ascii	0x%08X [override]
0xE6830	0x1800E7E30	ascii	<unknown>
0xE6840	0x1800E7E40	ascii	*Missing Text*
0xE6850	0x1800E7E50	ascii	imgui.ini
0xE6860	0x1800E7E60	ascii	imgui_log.txt
0xE6870	0x1800E7E70	ascii	[io] Super+Left Click aliased into Right Click
0xE68A0	0x1800E7EA0	ascii	(null)
0xE68A8	0x1800E7EA8	ascii	Clipper: Begin(%d,%.2f) in '%s'
0xE68D0	0x1800E7ED0	ascii	Clipper: End() in '%s'
0xE68E8	0x1800E7EE8	ascii	Clipper: Step(): inside frozen table row.
0xE6918	0x1800E7F18	ascii	Clipper: Step(): computed ItemsHeight: %.2f.
0xE6948	0x1800E7F48	ascii	Clipper: Step(): display %d to %d.
0xE6970	0x1800E7F70	ascii	Clipper: Step(): End.
0xE6988	0x1800E7F88	ascii	Calling PopStyleColor() too many times!
0xE69B0	0x1800E7FB0	ascii	Calling PushStyleVar() variant with wrong type!
0xE69E0	0x1800E7FE0	ascii	Calling PopStyleVar() too many times!
0xE6A10	0x1800E8010	ascii	Unknown
0xE6A18	0x1800E8018	ascii	Dear ImGui 1.92.5 (19250)
0xE6A38	0x1800E8038	ascii	Size column to fit###SizeOne
0xE6A58	0x1800E8058	ascii	Size all columns to fit###SizeAll
0xE6A80	0x1800E8080	ascii	Size all columns to default###SizeAll
0xE6AA8	0x1800E80A8	ascii	Reset order###ResetOrder
0xE6AC8	0x1800E80C8	ascii	(Main menu bar)
0xE6AD8	0x1800E80D8	ascii	(Popup)
0xE6AE0	0x1800E80E0	ascii	(Untitled)
0xE6AF0	0x1800E80F0	ascii	Open '%s'
0xE6B00	0x1800E8100	ascii	Copy Link###CopyLink
0xE6B18	0x1800E8118	ascii	Window
0xE6B20	0x1800E8120	ascii	Forgot to shutdown Platform backend?
0xE6B48	0x1800E8148	ascii	Forgot to shutdown Renderer backend?
0xE6B70	0x1800E8170	ascii	#MOVE
0xE6B78	0x1800E8178	ascii	SetActiveID() cancel MovingWindow
0xE6BA0	0x1800E81A0	ascii	"SetActiveID() old:0x%08X (window ""%s"") -> new:0x%08X (window ""%s"")"
0xE6BE8	0x1800E81E8	ascii	Invalid flags for IsItemHovered()!
0xE6C10	0x1800E8210	ascii	##Background
0xE6C20	0x1800E8220	ascii	##Foreground
0xE6C30	0x1800E8230	ascii	NewFrame(): ClearActiveID() because it isn't marked alive anymore!
0xE6C78	0x1800E8278	ascii	##DragDropCancelHandler
0xE6C90	0x1800E8290	ascii	(Debug Log: Auto-disabled some ImGuiDebugLogFlags after 2 frames)
0xE6CD8	0x1800E82D8	ascii	Debug##Default
0xE6CE8	0x1800E82E8	ascii	Forgot to call ImGui::NewFrame()?
0xE6D10	0x1800E8310	ascii	[io] Calling Platform_SetImeDataFn(): WantVisible: %d, InputPos (%.2f,%.2f) for Viewport 0x%08X
0xE6D78	0x1800E8378	ascii	%s/%s_%08X
0xE6D88	0x1800E8388	ascii	%s/%08X
0xE6D90	0x1800E8390	ascii	##Child
0xE6D98	0x1800E8398	ascii	#RESIZE
0xE6DA0	0x1800E83A0	ascii	#COLLAPSE
0xE6DAC	0x1800E83AC	ascii	#CLOSE
0xE6DB8	0x1800E83B8	ascii	Calling End() too many times!
0xE6DD8	0x1800E83D8	ascii	Must call EndChild() and not End()!
0xE6E00	0x1800E8400	ascii	Calling PopItemFlag() too many times!
0xE6E28	0x1800E8428	ascii	Calling EndDisabled() too many times!
0xE6E50	0x1800E8450	ascii	Calling PopTextWrapPos() too many times!
0xE6E80	0x1800E8480	ascii	Invalid flags for IsWindowHovered()!
0xE6EA8	0x1800E84A8	ascii	Calling PopFocusScope() too many times!
0xE6ED0	0x1800E84D0	ascii	Calling PopFont() too many times!
0xE6EF8	0x1800E84F8	ascii	Calling PopID() too many times!
0xE6F18	0x1800E8518	ascii	LeftArrow
0xE6F28	0x1800E8528	ascii	RightArrow
0xE6F38	0x1800E8538	ascii	UpArrow
0xE6F40	0x1800E8540	ascii	DownArrow
0xE6F4C	0x1800E854C	ascii	PageUp
0xE6F58	0x1800E8558	ascii	PageDown
0xE6F64	0x1800E8564	ascii	Home
0xE6F70	0x1800E8570	ascii	Insert
0xE6F78	0x1800E8578	ascii	Delete
0xE6F80	0x1800E8580	ascii	Backspace
0xE6F8C	0x1800E858C	ascii	Space
0xE6F94	0x1800E8594	ascii	Enter
0xE6F9C	0x1800E859C	ascii	Escape
0xE6FA8	0x1800E85A8	ascii	LeftCtrl
0xE6FB8	0x1800E85B8	ascii	LeftShift
0xE6FC8	0x1800E85C8	ascii	LeftAlt
0xE6FD0	0x1800E85D0	ascii	LeftSuper
0xE6FE0	0x1800E85E0	ascii	RightCtrl
0xE6FF0	0x1800E85F0	ascii	RightShift
0xE7000	0x1800E8600	ascii	RightAlt
0xE7010	0x1800E8610	ascii	RightSuper
0xE701C	0x1800E861C	ascii	Menu
0xE7100	0x1800E8700	ascii	Apostrophe
0xE710C	0x1800E870C	ascii	Comma
0xE7114	0x1800E8714	ascii	Minus
0xE711C	0x1800E871C	ascii	Period
0xE7124	0x1800E8724	ascii	Slash
0xE7130	0x1800E8730	ascii	Semicolon
0xE713C	0x1800E873C	ascii	Equal
0xE7148	0x1800E8748	ascii	LeftBracket
0xE7158	0x1800E8758	ascii	Backslash
0xE7168	0x1800E8768	ascii	RightBracket
0xE7178	0x1800E8778	ascii	GraveAccent
0xE7188	0x1800E8788	ascii	CapsLock
0xE7198	0x1800E8798	ascii	ScrollLock
0xE71A8	0x1800E87A8	ascii	NumLock
0xE71B0	0x1800E87B0	ascii	PrintScreen
0xE71BC	0x1800E87BC	ascii	Pause
0xE71C8	0x1800E87C8	ascii	Keypad0
0xE71D0	0x1800E87D0	ascii	Keypad1
0xE71D8	0x1800E87D8	ascii	Keypad2
0xE71E0	0x1800E87E0	ascii	Keypad3
0xE71E8	0x1800E87E8	ascii	Keypad4
0xE71F0	0x1800E87F0	ascii	Keypad5
0xE71F8	0x1800E87F8	ascii	Keypad6
0xE7200	0x1800E8800	ascii	Keypad7
0xE7208	0x1800E8808	ascii	Keypad8
0xE7210	0x1800E8810	ascii	Keypad9
0xE7218	0x1800E8818	ascii	KeypadDecimal
0xE7228	0x1800E8828	ascii	KeypadDivide
0xE7238	0x1800E8838	ascii	KeypadMultiply
0xE7248	0x1800E8848	ascii	KeypadSubtract
0xE7258	0x1800E8858	ascii	KeypadAdd
0xE7268	0x1800E8868	ascii	KeypadEnter
0xE7278	0x1800E8878	ascii	KeypadEqual
0xE7288	0x1800E8888	ascii	AppBack
0xE7290	0x1800E8890	ascii	AppForward
0xE729C	0x1800E889C	ascii	Oem102
0xE72A8	0x1800E88A8	ascii	GamepadStart
0xE72B8	0x1800E88B8	ascii	GamepadBack
0xE72C8	0x1800E88C8	ascii	GamepadFaceLeft
0xE72D8	0x1800E88D8	ascii	GamepadFaceRight
0xE72F0	0x1800E88F0	ascii	GamepadFaceUp
0xE7300	0x1800E8900	ascii	GamepadFaceDown
0xE7310	0x1800E8910	ascii	GamepadDpadLeft
0xE7320	0x1800E8920	ascii	GamepadDpadRight
0xE7338	0x1800E8938	ascii	GamepadDpadUp
0xE7348	0x1800E8948	ascii	GamepadDpadDown
0xE7358	0x1800E8958	ascii	GamepadL1
0xE7368	0x1800E8968	ascii	GamepadR1
0xE7378	0x1800E8978	ascii	GamepadL2
0xE7388	0x1800E8988	ascii	GamepadR2
0xE7398	0x1800E8998	ascii	GamepadL3
0xE73A8	0x1800E89A8	ascii	GamepadR3
0xE73B8	0x1800E89B8	ascii	GamepadLStickLeft
0xE73D0	0x1800E89D0	ascii	GamepadLStickRight
0xE73E8	0x1800E89E8	ascii	GamepadLStickUp
0xE73F8	0x1800E89F8	ascii	GamepadLStickDown
0xE7410	0x1800E8A10	ascii	GamepadRStickLeft
0xE7428	0x1800E8A28	ascii	GamepadRStickRight
0xE7440	0x1800E8A40	ascii	GamepadRStickUp
0xE7450	0x1800E8A50	ascii	GamepadRStickDown
0xE7468	0x1800E8A68	ascii	MouseLeft
0xE7478	0x1800E8A78	ascii	MouseRight
0xE7488	0x1800E8A88	ascii	MouseMiddle
0xE7498	0x1800E8A98	ascii	MouseX1
0xE74A0	0x1800E8AA0	ascii	MouseX2
0xE74A8	0x1800E8AA8	ascii	MouseWheelX
0xE74B8	0x1800E8AB8	ascii	MouseWheelY
0xE74C8	0x1800E8AC8	ascii	ModCtrl
0xE74D0	0x1800E8AD0	ascii	ModShift
0xE74DC	0x1800E8ADC	ascii	ModAlt
0xE74E8	0x1800E8AE8	ascii	ModSuper
0xE74F4	0x1800E8AF4	ascii	None
0xE74FC	0x1800E8AFC	ascii	Super+
0xE7504	0x1800E8B04	ascii	Alt+
0xE750C	0x1800E8B0C	ascii	Shift+
0xE7514	0x1800E8B14	ascii	Ctrl+
0xE7520	0x1800E8B20	ascii	%s%s%s%s%s
0xE7530	0x1800E8B30	ascii	SetShortcutRouting(%s, flags=%04X, owner_id=0x%08X) -> always, no register
0xE7580	0x1800E8B80	ascii	SetShortcutRouting(%s, flags=%04X, owner_id=0x%08X) -> filtered as potential char input
0xE75E0	0x1800E8BE0	ascii	SetShortcutRouting(%s, flags=%04X, owner_id=0x%08X) -> score %d
0xE7628	0x1800E8C28	ascii	--> granting current route
0xE7644	0x1800E8C44	ascii	NULL
0xE7650	0x1800E8C50	ascii	"[io] LockWheelingWindow() ""%s"""
0xE7670	0x1800E8C70	ascii	Mouse
0xE7678	0x1800E8C78	ascii	TouchScreen
0xE7688	0x1800E8C88	ascii	[io] %s: MousePos (-FLT_MAX, -FLT_MAX)
0xE76B0	0x1800E8CB0	ascii	[io] %s: MousePos (%.1f, %.1f) (%s)
0xE76D8	0x1800E8CD8	ascii	Down
0xE76E8	0x1800E8CE8	ascii	[io] %s: MouseButton %d %s (%s)
0xE7710	0x1800E8D10	ascii	[io] %s: MouseWheel (%.3f, %.3f) (%s)
0xE7738	0x1800E8D38	ascii	"[io] %s: Key ""%s"" %s"
0xE7750	0x1800E8D50	ascii	[io] %s: Text: %c (U+%08X)
0xE7770	0x1800E8D70	ascii	[io] %s: AppFocused %d
0xE7788	0x1800E8D88	ascii	Processed
0xE7798	0x1800E8D98	ascii	Remaining
0xE77B0	0x1800E8DB0	ascii	Code uses SetCursorPos()/SetCursorScreenPos() to extend window/parent boundaries.
0xE7802	0x1800E8E02	ascii	Please submit an item e.g. Dummy() afterwards in order to grow window/parent boundaries.
0xE7860	0x1800E8E60	ascii	Missing EndTable()
0xE7878	0x1800E8E78	ascii	Missing EndChild()
0xE7890	0x1800E8E90	ascii	Missing End()
0xE78A0	0x1800E8EA0	ascii	Missing EndTabBar()
0xE78B8	0x1800E8EB8	ascii	Missing EndMultiSelect()
0xE78D8	0x1800E8ED8	ascii	Missing EndMenuBar()
0xE78F0	0x1800E8EF0	ascii	Missing TreePop()
0xE7908	0x1800E8F08	ascii	Missing EndGroup()
0xE7920	0x1800E8F20	ascii	Missing PopID()
0xE7930	0x1800E8F30	ascii	Missing EndDisabled()
0xE7948	0x1800E8F48	ascii	Missing PopStyleColor()
0xE7960	0x1800E8F60	ascii	Missing PopItemFlag()
0xE7978	0x1800E8F78	ascii	Missing PopStyleVar()
0xE7990	0x1800E8F90	ascii	Missing PopFont()
0xE79A8	0x1800E8FA8	ascii	Missing PopFocusScope()
0xE79C0	0x1800E8FC0	ascii	[imgui-error] (current settings: Assert=%d, Log=%d, Tooltip=%d)
0xE7A08	0x1800E9008	ascii	[imgui-error] In window '%s': %s
0xE7A30	0x1800E9030	ascii	In window '%s': %s
0xE7A48	0x1800E9048	ascii	(and more errors)
0xE7A60	0x1800E9060	ascii	Programmer error: %d visible items with conflicting ID!
0xE7AA0	0x1800E90A0	ascii	"Code should use PushID()/PopID() in loops, or append ""##xx"" to same-label identifiers!"
0xE7B00	0x1800E9100	ascii	"Empty label e.g. Button("""") == same ID as parent widget/node. Use Button(""##xx"") instead!"
0xE7B60	0x1800E9160	ascii	Set io.ConfigDebugHighlightIdConflicts=false to disable this warning in non-programmers builds.
0xE7BC0	0x1800E91C0	ascii	(Hold Ctrl to: use 
0xE7BD8	0x1800E91D8	ascii	Item Picker
0xE7BE8	0x1800E91E8	ascii	 to break in item call-stack, or 
0xE7C10	0x1800E9210	ascii	(Hold Ctrl to: 
0xE7C20	0x1800E9220	ascii	https://github.com/ocornut/imgui/blob/master/docs/FAQ.md#qa-usage
0xE7C68	0x1800E9268	ascii	"read FAQ ""About ID Stack System"""
0xE7C90	0x1800E9290	ascii	Enable Asserts
0xE7CA0	0x1800E92A0	ascii	##Tooltip_Error
0xE7CB0	0x1800E92B0	ascii	MESSAGE FROM DEAR IMGUI
0xE7CC8	0x1800E92C8	ascii	Calling PopItemWidth() too many times!
0xE7CF0	0x1800E92F0	ascii	##Tooltip_DragDrop_%02d
0xE7D08	0x1800E9308	ascii	##Tooltip_%02d
0xE7D18	0x1800E9318	ascii	"[popup] OpenPopup(""%s"" -> 0x%08X)"
0xE7D40	0x1800E9340	ascii	[popup] OpenPopupEx(0x%08X)
0xE7D60	0x1800E9360	ascii	<NULL>
0xE7D68	0x1800E9368	ascii	"[popup] ClosePopupsOverWindow(""%s"")"
0xE7D90	0x1800E9390	ascii	[popup] ClosePopupToLevel(%d), restore_under=%d
0xE7DC8	0x1800E93C8	ascii	"[popup] - Closing PopupID 0x%08X Window ""%s"""
0xE7DF8	0x1800E93F8	ascii	[popup] CloseCurrentPopup %d -> %d
0xE7E20	0x1800E9420	ascii	##Popup_%08x
0xE7E30	0x1800E9430	ascii	Calling EndPopup() too many times or in wrong window!
0xE7E70	0x1800E9470	ascii	"[focus] FocusWindow(""%s"", UnlessBelowModal): prevented by ""%s""."
0xE7EB8	0x1800E94B8	ascii	"[focus] SetNavWindow(""%s"")"
0xE7ED8	0x1800E94D8	ascii	"[focus] NavRestoreLayer: from ""%s"" to SetNavWindow(""%s"")"
0xE7F20	0x1800E9520	ascii	"[nav] NavInitRequest: from NavInitWindow(), init_for_nav=%d, window=""%s"", layer=%d"
0xE7F80	0x1800E9580	ascii	"[nav] NavInitRequest: ApplyResult: NavID 0x%08X in Layer %d Window ""%s"""
0xE7FD0	0x1800E95D0	ascii	[nav] NavMoveRequestForward %d
0xE7FF0	0x1800E95F0	ascii	"[nav] NavInitRequest: from move, window ""%s"", layer=%d"
0xE8028	0x1800E9628	ascii	[nav] NavMoveRequest: clamp NavRectRel for gamepad move
0xE8068	0x1800E9668	ascii	[nav] NavMoveSubmitted but not led to a result!
0xE80A0	0x1800E96A0	ascii	"[focus] NavMoveRequest: SetNavWindow(""%s"")"
0xE80D0	0x1800E96D0	ascii	"[nav] NavMoveRequest: result NavID 0x%08X in Layer %d Window ""%s"""
0xE8118	0x1800E9718	ascii	[nav] NavUpdateCancelRequest()
0xE8138	0x1800E9738	ascii	##NavUpdateWindowing
0xE8150	0x1800E9750	ascii	##MainMenuBar
0xE8160	0x1800E9760	ascii	##NavWindowingOverlay
0xE8178	0x1800E9778	ascii	[dragdrop] ClearDragDrop()
0xE8198	0x1800E9798	ascii	%*s%.*s
0xE81A8	0x1800E97A8	ascii	Pos=%i,%i
0xE81B8	0x1800E97B8	ascii	Size=%i,%i
0xE81C8	0x1800E97C8	ascii	Collapsed=%d
0xE81D8	0x1800E97D8	ascii	IsChild=%d
0xE81E8	0x1800E97E8	ascii	[%s][%s]
0xE81F8	0x1800E97F8	ascii	IsChild=1
0xE8208	0x1800E9808	ascii	Size=%d,%d
0xE8218	0x1800E9818	ascii	Pos=%d,%d
0xE8228	0x1800E9828	ascii	Collapsed=1
0xE8240	0x1800E9840	utf-16le	open
0xE824C	0x1800E984C	ascii	cmap
0xE8254	0x1800E9854	ascii	head
0xE825C	0x1800E985C	ascii	loca
0xE8264	0x1800E9864	ascii	hhea
0xE826C	0x1800E986C	ascii	glyf
0xE8274	0x1800E9874	ascii	kern
0xE827C	0x1800E987C	ascii	hmtx
0xE8284	0x1800E9884	ascii	GPOS
0xE8290	0x1800E9890	ascii	Called ImFontAtlas::Build() before ImGuiBackendFlags_RendererHasTextures got set! With new backends: you don't need to call Build().
0xE8320	0x1800E9920	ascii	Backend does not support ImGuiBackendFlags_RendererHasTextures, and font atlas is not built! Update backend OR make sure you called ImGui_ImplXXXX_NewFrame() function for renderer backend, which should call io.Fonts->GetTexDataAsRGBA32() / GetTexDataAsAlpha8().
0xE8428	0x1800E9A28	ascii	While loading '%s'
0xE8440	0x1800E9A40	ascii	ProggyClean.ttf
0xE8450	0x1800E9A50	ascii	Could not load font file!
0xE8470	0x1800E9A70	ascii	"[font] Discard baked %.2f for ""%s"""
0xE8498	0x1800E9A98	ascii	[font] Created baked %.2fpx
0xE84B8	0x1800E9AB8	ascii	[font] Texture #%03d: resize failed. Will grow.
0xE84F0	0x1800E9AF0	ascii	[font] Texture #%03d: resize+repack %dx%d => Texture #%03d: %dx%d
0xE8538	0x1800E9B38	ascii	[font] Texture #%03d: create %dx%d
0xE8560	0x1800E9B60	ascii	[font] Failed packing %dx%d rectangle. Returning fallback.
0xE85A0	0x1800E9BA0	ascii	[font] Texture #%03d: update %d regions, texid=0x%I64X, backend_data=0x%I64X
0xE85F0	0x1800E9BF0	ascii	[font] Texture #%03d: destroy %dx%d, texid=0x%I64X, backend_data=%p
0xE8640	0x1800E9C40	ascii	stbtt_InitFont(): failed to parse FontData. It is correct and complete? Check FontDataSize.
0xE86A0	0x1800E9CA0	ascii	stbtt_GetFontOffsetForIndex(): FontData is incorrect, or FontNo cannot be found.
0xE8700	0x1800E9D00	ascii	Mismatching PushID/PopID!
0xE8720	0x1800E9D20	ascii	EndTable() call should only be done while in BeginTable() scope!
0xE8768	0x1800E9D68	ascii	Too many PopItemWidth!
0xE8780	0x1800E9D80	ascii	##ContextMenu
0xE8790	0x1800E9D90	ascii	0x%08X,%d
0xE87A0	0x1800E9DA0	ascii	<Unknown>
0xE87B0	0x1800E9DB0	ascii	Column %d%n
0xE87C0	0x1800E9DC0	ascii	RefScale=%f
0xE87D0	0x1800E9DD0	ascii	Width=%d%n
0xE87E0	0x1800E9DE0	ascii	UserID=0x%08X%n
0xE87F0	0x1800E9DF0	ascii	Visible=%d%n
0xE8800	0x1800E9E00	ascii	Weight=%f%n
0xE8810	0x1800E9E10	ascii	Sort=%d%c%n
0xE8820	0x1800E9E20	ascii	Order=%d%n
0xE8830	0x1800E9E30	ascii	RefScale=%g
0xE8840	0x1800E9E40	ascii	[%s][0x%08X,%d]
0xE8858	0x1800E9E58	ascii	 UserID=%08X
0xE8868	0x1800E9E68	ascii	Column %-2d
0xE8878	0x1800E9E78	ascii	 Width=%d
0xE8888	0x1800E9E88	ascii	 Weight=%.4f
0xE8898	0x1800E9E98	ascii	 Order=%d
0xE88A8	0x1800E9EA8	ascii	 Visible=%d
0xE88B4	0x1800E9EB4	ascii	Table
0xE88C0	0x1800E9EC0	ascii	 Sort=%d%c
0xE88D8	0x1800E9ED8	ascii	#SCROLLX
0xE88E8	0x1800E9EE8	ascii	#SCROLLY
0xE88F8	0x1800E9EF8	ascii	--------------------------------
0xE8928	0x1800E9F28	ascii	##ComboPopup
0xE8938	0x1800E9F38	ascii	##Combo_%02d
0xE8968	0x1800E9F68	ascii	%I64d
0xE8974	0x1800E9F74	ascii	%I64u
0xE8980	0x1800E9F80	ascii	double
0xE8988	0x1800E9F88	ascii	float
0xE8990	0x1800E9F90	ascii	bool
0xE899C	0x1800E9F9C	ascii	char*
0xE89AC	0x1800E9FAC	ascii	Color
0xE89B8	0x1800E9FB8	ascii	[selection] %s: Request: SetAll %d (= %s)
0xE89E8	0x1800E9FE8	ascii	SelectAll
0xE8A00	0x1800EA000	ascii	[selection] %s: Request: SetRange %I64d..%I64d (0x%I64X..0x%I64X) = %d (dir %d)
0xE8A58	0x1800EA058	ascii	EndMultiSelect() FocusScope mismatch!
0xE8A80	0x1800EA080	ascii	[selection] EndMultiSelect: Reset NavIdItem.
0xE8AB0	0x1800EA0B0	ascii	[selection] EndMultiSelect: Reset RangeSrcItem.
0xE8AE8	0x1800EA0E8	ascii	EndMultiSelect
0xE8B00	0x1800EA100	ascii	Mismatched BeginTabBar()/EndTabBar()!
0xE8BA8	0x1800EA1A8	ascii	xinput1_4.dll
0xE8BB8	0x1800EA1B8	ascii	imgui_impl_win32
0xE8BD0	0x1800EA1D0	ascii	xinput9_1_0.dll
0xE8BE0	0x1800EA1E0	ascii	xinput1_3.dll
0xE8BF0	0x1800EA1F0	ascii	xinput1_1.dll
0xE8C00	0x1800EA200	ascii	xinput1_2.dll
0xE8C10	0x1800EA210	ascii	XInputGetState
0xE8C20	0x1800EA220	ascii	XInputGetCapabilities
0xE8C38	0x1800EA238	ascii	opengl32.dll
0xE8C48	0x1800EA248	ascii	%d.%d
0xE8C50	0x1800EA250	ascii	wglGetProcAddress
0xE8C68	0x1800EA268	ascii	glBindTexture
0xE8C78	0x1800EA278	ascii	glBindSampler
0xE8C88	0x1800EA288	ascii	glBlendEquationSeparate
0xE8CA0	0x1800EA2A0	ascii	glBlendEquation
0xE8CB0	0x1800EA2B0	ascii	glBufferSubData
0xE8CC0	0x1800EA2C0	ascii	glBlendFuncSeparate
0xE8CD8	0x1800EA2D8	ascii	glClearColor
0xE8CE8	0x1800EA2E8	ascii	glClear
0xE8CF0	0x1800EA2F0	ascii	glDeleteSamplers
0xE8D08	0x1800EA308	ascii	glDeleteBuffers
0xE8D18	0x1800EA318	ascii	glDeleteVertexArrays
0xE8D30	0x1800EA330	ascii	glDeleteTextures
0xE8D48	0x1800EA348	ascii	glDisable
0xE8D58	0x1800EA358	ascii	glDetachShader
0xE8D68	0x1800EA368	ascii	glEnable
0xE8D78	0x1800EA378	ascii	glDrawElementsBaseVertex
0xE8D98	0x1800EA398	ascii	glGenSamplers
0xE8DA8	0x1800EA3A8	ascii	glFlush
0xE8DB0	0x1800EA3B0	ascii	glGetError
0xE8DC0	0x1800EA3C0	ascii	glGenTextures
0xE8DD0	0x1800EA3D0	ascii	glGetString
0xE8DE0	0x1800EA3E0	ascii	glGetIntegerv
0xE8DF0	0x1800EA3F0	ascii	glIsEnabled
0xE8E00	0x1800EA400	ascii	glGetStringi
0xE8E10	0x1800EA410	ascii	glPixelStorei
0xE8E20	0x1800EA420	ascii	glIsProgram
0xE8E30	0x1800EA430	ascii	glReadPixels
0xE8E40	0x1800EA440	ascii	glPolygonMode
0xE8E50	0x1800EA450	ascii	glScissor
0xE8E60	0x1800EA460	ascii	glSamplerParameteri
0xE8E78	0x1800EA478	ascii	glTexParameteri
0xE8E88	0x1800EA488	ascii	glTexImage2D
0xE8E98	0x1800EA498	ascii	glViewport
0xE8EA8	0x1800EA4A8	ascii	glTexSubImage2D
0xE8EB8	0x1800EA4B8	ascii	imgui_impl_opengl3
0xE8ED0	0x1800EA4D0	ascii	Failed to initialize OpenGL loader!
0xE8EF8	0x1800EA4F8	ascii	GL_ARB_clip_control
0xE8F10	0x1800EA510	ascii	OpenGL ES 3
0xE8F20	0x1800EA520	ascii	ERROR: ImGui_ImplOpenGL3_CreateDeviceObjects: failed to compile %s! With GLSL: %s
0xE8F78	0x1800EA578	ascii	#version %d
0xE8F90	0x1800EA590	ascii	ERROR: ImGui_ImplOpenGL3_CreateDeviceObjects: failed to link %s! With GLSL %s
0xE8FE0	0x1800EA5E0	ascii	uniform mat4 ProjMtx;
0xE8FF6	0x1800EA5F6	ascii	in vec2 Position;
0xE9008	0x1800EA608	ascii	in vec2 UV;
0xE9014	0x1800EA614	ascii	in vec4 Color;
0xE9023	0x1800EA623	ascii	out vec2 Frag_UV;
0xE9035	0x1800EA635	ascii	out vec4 Frag_Color;
0xE904A	0x1800EA64A	ascii	void main()
0xE9058	0x1800EA658	ascii	    Frag_UV = UV;
0xE906A	0x1800EA66A	ascii	    Frag_Color = Color;
0xE9082	0x1800EA682	ascii	    gl_Position = ProjMtx * vec4(Position.xy,0,1);
0xE90C0	0x1800EA6C0	ascii	uniform mat4 ProjMtx;
0xE90D6	0x1800EA6D6	ascii	attribute vec2 Position;
0xE90EF	0x1800EA6EF	ascii	attribute vec2 UV;
0xE9102	0x1800EA702	ascii	attribute vec4 Color;
0xE9118	0x1800EA718	ascii	varying vec2 Frag_UV;
0xE912E	0x1800EA72E	ascii	varying vec4 Frag_Color;
0xE9147	0x1800EA747	ascii	void main()
0xE9155	0x1800EA755	ascii	    Frag_UV = UV;
0xE9167	0x1800EA767	ascii	    Frag_Color = Color;
0xE917F	0x1800EA77F	ascii	    gl_Position = ProjMtx * vec4(Position.xy,0,1);
0xE91C0	0x1800EA7C0	ascii	layout (location = 0) in vec2 Position;
0xE91E8	0x1800EA7E8	ascii	layout (location = 1) in vec2 UV;
0xE920A	0x1800EA80A	ascii	layout (location = 2) in vec4 Color;
0xE922F	0x1800EA82F	ascii	uniform mat4 ProjMtx;
0xE9245	0x1800EA845	ascii	out vec2 Frag_UV;
0xE9257	0x1800EA857	ascii	out vec4 Frag_Color;
0xE926C	0x1800EA86C	ascii	void main()
0xE927A	0x1800EA87A	ascii	    Frag_UV = UV;
0xE928C	0x1800EA88C	ascii	    Frag_Color = Color;
0xE92A4	0x1800EA8A4	ascii	    gl_Position = ProjMtx * vec4(Position.xy,0,1);
0xE92E0	0x1800EA8E0	ascii	precision highp float;
0xE92F7	0x1800EA8F7	ascii	layout (location = 0) in vec2 Position;
0xE931F	0x1800EA91F	ascii	layout (location = 1) in vec2 UV;
0xE9341	0x1800EA941	ascii	layout (location = 2) in vec4 Color;
0xE9366	0x1800EA966	ascii	uniform mat4 ProjMtx;
0xE937C	0x1800EA97C	ascii	out vec2 Frag_UV;
0xE938E	0x1800EA98E	ascii	out vec4 Frag_Color;
0xE93A3	0x1800EA9A3	ascii	void main()
0xE93B1	0x1800EA9B1	ascii	    Frag_UV = UV;
0xE93C3	0x1800EA9C3	ascii	    Frag_Color = Color;
0xE93DB	0x1800EA9DB	ascii	    gl_Position = ProjMtx * vec4(Position.xy,0,1);
0xE9420	0x1800EAA20	ascii	uniform sampler2D Texture;
0xE943B	0x1800EAA3B	ascii	in vec2 Frag_UV;
0xE944C	0x1800EAA4C	ascii	in vec4 Frag_Color;
0xE9460	0x1800EAA60	ascii	out vec4 Out_Color;
0xE9474	0x1800EAA74	ascii	void main()
0xE9482	0x1800EAA82	ascii	    Out_Color = Frag_Color * texture(Texture, Frag_UV.st);
0xE94C0	0x1800EAAC0	ascii	#ifdef GL_ES
0xE94CD	0x1800EAACD	ascii	    precision mediump float;
0xE94EA	0x1800EAAEA	ascii	#endif
0xE94F1	0x1800EAAF1	ascii	uniform sampler2D Texture;
0xE950C	0x1800EAB0C	ascii	varying vec2 Frag_UV;
0xE9522	0x1800EAB22	ascii	varying vec4 Frag_Color;
0xE953B	0x1800EAB3B	ascii	void main()
0xE9549	0x1800EAB49	ascii	    gl_FragColor = Frag_Color * texture2D(Texture, Frag_UV.st);
0xE9590	0x1800EAB90	ascii	in vec2 Frag_UV;
0xE95A1	0x1800EABA1	ascii	in vec4 Frag_Color;
0xE95B5	0x1800EABB5	ascii	uniform sampler2D Texture;
0xE95D0	0x1800EABD0	ascii	layout (location = 0) out vec4 Out_Color;
0xE95FA	0x1800EABFA	ascii	void main()
0xE9608	0x1800EAC08	ascii	    Out_Color = Frag_Color * texture(Texture, Frag_UV.st);
0xE9650	0x1800EAC50	ascii	precision mediump float;
0xE9669	0x1800EAC69	ascii	uniform sampler2D Texture;
0xE9684	0x1800EAC84	ascii	in vec2 Frag_UV;
0xE9695	0x1800EAC95	ascii	in vec4 Frag_Color;
0xE96A9	0x1800EACA9	ascii	layout (location = 0) out vec4 Out_Color;
0xE96D3	0x1800EACD3	ascii	void main()
0xE96E1	0x1800EACE1	ascii	    Out_Color = Frag_Color * texture(Texture, Frag_UV.st);
0xE9720	0x1800EAD20	ascii	fragment shader
0xE9730	0x1800EAD30	ascii	vertex shader
0xE9740	0x1800EAD40	ascii	ProjMtx
0xE9748	0x1800EAD48	ascii	shader program
0xE97C1	0x1800EADC1	ascii	Q8=9
0xE97D1	0x1800EADD1	ascii	Ga=h
0xE98DE	0x1800EAEDE	ascii	#?ff&?
0xE98EE	0x1800EAEEE	ascii	.?333?
0xE9919	0x1800EAF19	ascii	(\?-
0xE991E	0x1800EAF1E	ascii	]??5^?R
0xE9929	0x1800EAF29	ascii	Ga?fff?
0xE9936	0x1800EAF36	ascii	p?33s?
0xE99FE	0x1800EAFFE	ascii	,@333@
0xE9A06	0x1800EB006	ascii	@@ffF@
0xE9C43	0x1800EB243	ascii	K(knN
0xE9D72	0x1800EB372	ascii	V?sh
0xE9E60	0x1800EB460	ascii	................
0xE9E87	0x1800EB487	ascii	>33s?)\
0xE9E9D	0x1800EB49D	ascii	Q8?)\
0xE9EBB	0x1800EB4BB	ascii	>fff?
0xE9EC9	0x1800EB4C9	ascii	Ga>fff?
0xE9EE2	0x1800EB4E2	ascii	u>)\
0xE9F16	0x1800EB516	ascii	u>)\
0xE9F25	0x1800EB525	ascii	Ga?=
0xE9F93	0x1800EB593	ascii	>33s?
0xE9FB7	0x1800EB5B7	ascii	>33s?
0xE9FFF	0x1800EB5FF	ascii	?XXXXXXXXXXXXXXXX
0xEB4C4	0x1800ECAC4	ascii	RSDS-
0xEB4DC	0x1800ECADC	ascii	H:\SteamLibrary\steamapps\common\ProjectZomboid\pztrainer\bin\x64\Release\pztrainer.pdb
0xEB548	0x1800ECB48	ascii	GCTL
0xEB554	0x1800ECB54	ascii	.text$di
0xEB568	0x1800ECB68	ascii	.text$mn
0xEB57C	0x1800ECB7C	ascii	.text$mn$00
0xEB590	0x1800ECB90	ascii	.text$x
0xEB5A0	0x1800ECBA0	ascii	.text$yd
0xEB5B4	0x1800ECBB4	ascii	.idata$5
0xEB5C8	0x1800ECBC8	ascii	.00cfg
0xEB5D8	0x1800ECBD8	ascii	.CRT$XCA
0xEB5EC	0x1800ECBEC	ascii	.CRT$XCL
0xEB600	0x1800ECC00	ascii	.CRT$XCU
0xEB614	0x1800ECC14	ascii	.CRT$XCZ
0xEB628	0x1800ECC28	ascii	.CRT$XIA
0xEB63C	0x1800ECC3C	ascii	.CRT$XIZ
0xEB650	0x1800ECC50	ascii	.CRT$XLA
0xEB664	0x1800ECC64	ascii	.CRT$XLZ
0xEB678	0x1800ECC78	ascii	.CRT$XPA
0xEB68C	0x1800ECC8C	ascii	.CRT$XPZ
0xEB6A0	0x1800ECCA0	ascii	.CRT$XTA
0xEB6B4	0x1800ECCB4	ascii	.CRT$XTZ
0xEB6C8	0x1800ECCC8	ascii	.rdata
0xEB6D8	0x1800ECCD8	ascii	.rdata$T
0xEB6EC	0x1800ECCEC	ascii	.rdata$r
0xEB700	0x1800ECD00	ascii	.rdata$voltmd
0xEB718	0x1800ECD18	ascii	.rdata$zzzdbg
0xEB730	0x1800ECD30	ascii	.rtc$IAA
0xEB744	0x1800ECD44	ascii	.rtc$IZZ
0xEB758	0x1800ECD58	ascii	.rtc$TAA
0xEB76C	0x1800ECD6C	ascii	.rtc$TZZ
0xEB780	0x1800ECD80	ascii	.tls
0xEB790	0x1800ECD90	ascii	.tls$
0xEB7A0	0x1800ECDA0	ascii	.tls$ZZZ
0xEB7B4	0x1800ECDB4	ascii	.xdata
0xEB7C4	0x1800ECDC4	ascii	.xdata$x
0xEB7D8	0x1800ECDD8	ascii	.idata$2
0xEB7EC	0x1800ECDEC	ascii	.idata$3
0xEB800	0x1800ECE00	ascii	.idata$4
0xEB814	0x1800ECE14	ascii	.idata$6
0xEB828	0x1800ECE28	ascii	.data
0xEB838	0x1800ECE38	ascii	.data$r
0xEB848	0x1800ECE48	ascii	.data$rs
0xEB85C	0x1800ECE5C	ascii	.bss
0xEB86C	0x1800ECE6C	ascii	.pdata
0xEB87C	0x1800ECE7C	ascii	.rsrc$01
0xEB890	0x1800ECE90	ascii	.rsrc$02
0xECDEF	0x1800EE3EF	ascii	P:P9
0xED933	0x1800EEF33	ascii	"~ x""~$x&~(x*~,x.~0Z2"
0xED948	0x1800EEF48	ascii	6&8X
0xEEEF7	0x1800F04F7	ascii	@:PD
0xF04F8	0x1800F1AF8	ascii	002&4.6&8
0xF0505	0x1800F1B05	ascii	$4:,<
0xF0515	0x1800F1B15	ascii	D,F*H*J
0xF051F	0x1800F1B1F	ascii	NnP(R
0xF0525	0x1800F1B25	ascii	T.VrX.Zr\0^r`0brd0frh<jrl0nrp.t
0xF177B	0x1800F2D7B	ascii	$^&((
0xF179B	0x1800F2D9B	ascii	0j@(B
0xF17B3	0x1800F2DB3	ascii	P^R(T
0xF17BE	0x1800F2DBE	ascii	"^""`1"
0xF1DE3	0x1800F33E3	ascii	`2 +
0xF21CF	0x1800F37CF	ascii	`2 +
0xF21D5	0x1800F37D5	ascii	Pb +
0xF2FBE	0x1800F45BE	ascii	8 :}
0xF2FF4	0x1800F45F4	ascii	R8P8L
0xF3000	0x1800F4600	ascii	VjX2Z>X|Z\X
0xF300C	0x1800F460C	ascii	ZfX!
0xF3264	0x1800F4864	ascii	"""D$@&L$"
0xF326D	0x1800F486D	ascii	"""Z(F*8,v""b0F284"
0xF468B	0x1800F5C8B	ascii	P!l 
0xF726B	0x1800F886B	ascii	`6\+
0xFB24A	0x1800FC84A	ascii	wglGetProcAddress
0xFB25E	0x1800FC85E	ascii	glViewport
0xFB26C	0x1800FC86C	ascii	glBindTexture
0xFB27C	0x1800FC87C	ascii	glGenTextures
0xFB28C	0x1800FC88C	ascii	glEnable
0xFB298	0x1800FC898	ascii	glDepthMask
0xFB2A6	0x1800FC8A6	ascii	glScissor
0xFB2B2	0x1800FC8B2	ascii	glBlendFunc
0xFB2C0	0x1800FC8C0	ascii	glTexParameteri
0xFB2D2	0x1800FC8D2	ascii	glGetBooleanv
0xFB2E2	0x1800FC8E2	ascii	glIsEnabled
0xFB2F0	0x1800FC8F0	ascii	glDisable
0xFB2FC	0x1800FC8FC	ascii	glGetIntegerv
0xFB30C	0x1800FC90C	ascii	glTexImage2D
0xFB31C	0x1800FC91C	ascii	glDeleteTextures
0xFB330	0x1800FC930	ascii	glPolygonMode
0xFB340	0x1800FC940	ascii	glCopyTexSubImage2D
0xFB356	0x1800FC956	ascii	glDrawArrays
0xFB364	0x1800FC964	ascii	OPENGL32.dll
0xFB374	0x1800FC974	ascii	SetCursorPos
0xFB384	0x1800FC984	ascii	GetClientRect
0xFB394	0x1800FC994	ascii	GetForegroundWindow
0xFB3AA	0x1800FC9AA	ascii	ClientToScreen
0xFB3BC	0x1800FC9BC	ascii	GetWindowThreadProcessId
0xFB3D8	0x1800FC9D8	ascii	WindowFromDC
0xFB3E8	0x1800FC9E8	ascii	SetWindowLongPtrW
0xFB3FC	0x1800FC9FC	ascii	CallWindowProcW
0xFB40E	0x1800FCA0E	ascii	SetClipboardData
0xFB422	0x1800FCA22	ascii	GetClipboardData
0xFB436	0x1800FCA36	ascii	EmptyClipboard
0xFB448	0x1800FCA48	ascii	CloseClipboard
0xFB45A	0x1800FCA5A	ascii	OpenClipboard
0xFB46A	0x1800FCA6A	ascii	GetCursorPos
0xFB47A	0x1800FCA7A	ascii	ReleaseCapture
0xFB48C	0x1800FCA8C	ascii	IsWindowUnicode
0xFB49E	0x1800FCA9E	ascii	SetCursor
0xFB4AA	0x1800FCAAA	ascii	SetCapture
0xFB4B8	0x1800FCAB8	ascii	LoadCursorW
0xFB4C6	0x1800FCAC6	ascii	GetKeyboardLayout
0xFB4DA	0x1800FCADA	ascii	TrackMouseEvent
0xFB4EC	0x1800FCAEC	ascii	GetCapture
0xFB4FA	0x1800FCAFA	ascii	ScreenToClient
0xFB50C	0x1800FCB0C	ascii	GetMessageExtraInfo
0xFB522	0x1800FCB22	ascii	GetKeyState
0xFB52E	0x1800FCB2E	ascii	USER32.dll
0xFB53C	0x1800FCB3C	ascii	CoUninitialize
0xFB54E	0x1800FCB4E	ascii	CoCreateInstance
0xFB562	0x1800FCB62	ascii	CoInitializeEx
0xFB572	0x1800FCB72	ascii	ole32.dll
0xFB57E	0x1800FCB7E	ascii	DisableThreadLibraryCalls
0xFB59A	0x1800FCB9A	ascii	GetProcAddress
0xFB5AC	0x1800FCBAC	ascii	GetModuleHandleW
0xFB5C0	0x1800FCBC0	ascii	GetCurrentProcessId
0xFB5D6	0x1800FCBD6	ascii	GetTickCount64
0xFB5E8	0x1800FCBE8	ascii	SetLastError
0xFB5F8	0x1800FCBF8	ascii	WriteFile
0xFB604	0x1800FCC04	ascii	OutputDebugStringA
0xFB61A	0x1800FCC1A	ascii	GetModuleFileNameW
0xFB630	0x1800FCC30	ascii	CreateFileW
0xFB63E	0x1800FCC3E	ascii	Sleep
0xFB646	0x1800FCC46	ascii	GetLastError
0xFB656	0x1800FCC56	ascii	CloseHandle
0xFB664	0x1800FCC64	ascii	CreateThread
0xFB674	0x1800FCC74	ascii	MultiByteToWideChar
0xFB68A	0x1800FCC8A	ascii	GlobalAlloc
0xFB698	0x1800FCC98	ascii	GlobalFree
0xFB6A6	0x1800FCCA6	ascii	GlobalLock
0xFB6B4	0x1800FCCB4	ascii	WideCharToMultiByte
0xFB6CA	0x1800FCCCA	ascii	GlobalUnlock
0xFB6DA	0x1800FCCDA	ascii	GetLocaleInfoA
0xFB6EC	0x1800FCCEC	ascii	LoadLibraryA
0xFB6FC	0x1800FCCFC	ascii	QueryPerformanceFrequency
0xFB718	0x1800FCD18	ascii	FreeLibrary
0xFB726	0x1800FCD26	ascii	QueryPerformanceCounter
0xFB740	0x1800FCD40	ascii	VirtualFree
0xFB74E	0x1800FCD4E	ascii	VirtualAlloc
0xFB75E	0x1800FCD5E	ascii	GetSystemInfo
0xFB76E	0x1800FCD6E	ascii	VirtualQuery
0xFB77E	0x1800FCD7E	ascii	HeapCreate
0xFB78C	0x1800FCD8C	ascii	VirtualProtect
0xFB79E	0x1800FCD9E	ascii	HeapFree
0xFB7AA	0x1800FCDAA	ascii	GetCurrentProcess
0xFB7BE	0x1800FCDBE	ascii	Thread32Next
0xFB7CE	0x1800FCDCE	ascii	Thread32First
0xFB7DE	0x1800FCDDE	ascii	GetCurrentThreadId
0xFB7F4	0x1800FCDF4	ascii	SuspendThread
0xFB804	0x1800FCE04	ascii	ResumeThread
0xFB814	0x1800FCE14	ascii	CreateToolhelp32Snapshot
0xFB830	0x1800FCE30	ascii	HeapReAlloc
0xFB83E	0x1800FCE3E	ascii	HeapAlloc
0xFB84A	0x1800FCE4A	ascii	GetThreadContext
0xFB85E	0x1800FCE5E	ascii	FlushInstructionCache
0xFB876	0x1800FCE76	ascii	SetThreadContext
0xFB88A	0x1800FCE8A	ascii	OpenThread
0xFB896	0x1800FCE96	ascii	KERNEL32.dll
0xFB8A6	0x1800FCEA6	ascii	ShellExecuteW
0xFB8B4	0x1800FCEB4	ascii	SHELL32.dll
0xFB8C2	0x1800FCEC2	ascii	?_Xlength_error@std@@YAXPEBD@Z
0xFB8E4	0x1800FCEE4	ascii	_Query_perf_frequency
0xFB8FC	0x1800FCEFC	ascii	_Query_perf_counter
0xFB912	0x1800FCF12	ascii	?_Xout_of_range@std@@YAXPEBD@Z
0xFB934	0x1800FCF34	ascii	?_Throw_Cpp_error@std@@YAXH@Z
0xFB954	0x1800FCF54	ascii	_Cnd_do_broadcast_at_thread_exit
0xFB978	0x1800FCF78	ascii	_Thrd_detach
0xFB988	0x1800FCF88	ascii	_Mtx_lock
0xFB994	0x1800FCF94	ascii	_Mtx_unlock
0xFB9A2	0x1800FCFA2	ascii	?_Xbad_alloc@std@@YAXXZ
0xFB9BC	0x1800FCFBC	ascii	_Strxfrm
0xFB9C8	0x1800FCFC8	ascii	??1_Lockit@std@@QEAA@XZ
0xFB9E2	0x1800FCFE2	ascii	??0_Lockit@std@@QEAA@H@Z
0xFB9FE	0x1800FCFFE	ascii	?_Getgloballocale@locale@std@@CAPEAV_Locimp@12@XZ
0xFBA32	0x1800FD032	ascii	?_Init@locale@std@@CAPEAV_Locimp@12@_N@Z
0xFBA5E	0x1800FD05E	ascii	?_Xinvalid_argument@std@@YAXPEBD@Z
0xFBA84	0x1800FD084	ascii	?_Id_cnt@id@locale@std@@0HA
0xFBAA2	0x1800FD0A2	ascii	?_Xregex_error@std@@YAXW4error_type@regex_constants@1@@Z
0xFBADE	0x1800FD0DE	ascii	?id@?$codecvt@DDU_Mbstatet@@@std@@2V0locale@2@A
0xFBB10	0x1800FD110	ascii	?_Fiopen@std@@YAPEAU_iobuf@@PEB_WHH@Z
0xFBB38	0x1800FD138	ascii	?id@?$ctype@D@std@@2V0locale@2@A
0xFBB5C	0x1800FD15C	ascii	?id@?$collate@D@std@@2V0locale@2@A
0xFBB82	0x1800FD182	ascii	_Strcoll
0xFBB8E	0x1800FD18E	ascii	?getloc@?$basic_streambuf@DU?$char_traits@D@std@@@std@@QEBA?AVlocale@2@XZ
0xFBBDA	0x1800FD1DA	ascii	??0?$basic_streambuf@DU?$char_traits@D@std@@@std@@IEAA@XZ
0xFBC16	0x1800FD216	ascii	?_Init@?$basic_streambuf@DU?$char_traits@D@std@@@std@@IEAAXXZ
0xFBC56	0x1800FD256	ascii	?_Init@?$basic_streambuf@DU?$char_traits@D@std@@@std@@IEAAXPEAPEAD0PEAH001@Z
0xFBCA6	0x1800FD2A6	ascii	??0?$basic_istream@DU?$char_traits@D@std@@@std@@QEAA@PEAV?$basic_streambuf@DU?$char_traits@D@std@@@1@_N@Z
0xFBD12	0x1800FD312	ascii	?unshift@?$codecvt@DDU_Mbstatet@@@std@@QEBAHAEAU_Mbstatet@@PEAD1AEAPEAD@Z
0xFBD5E	0x1800FD35E	ascii	?_Getcat@?$codecvt@DDU_Mbstatet@@@std@@SA_KPEAPEBVfacet@locale@2@PEBV42@@Z
0xFBDAC	0x1800FD3AC	ascii	?setstate@?$basic_ios@DU?$char_traits@D@std@@@std@@QEAAXH_N@Z
0xFBDEC	0x1800FD3EC	ascii	??0?$basic_ios@DU?$char_traits@D@std@@@std@@IEAA@XZ
0xFBE22	0x1800FD422	ascii	??0?$basic_ostream@DU?$char_traits@D@std@@@std@@QEAA@PEAV?$basic_streambuf@DU?$char_traits@D@std@@@1@_N@Z
0xFBE8E	0x1800FD48E	ascii	?in@?$codecvt@DDU_Mbstatet@@@std@@QEBAHAEAU_Mbstatet@@PEBD1AEAPEBDPEAD3AEAPEAD@Z
0xFBEE2	0x1800FD4E2	ascii	?out@?$codecvt@DDU_Mbstatet@@@std@@QEBAHAEAU_Mbstatet@@PEBD1AEAPEBDPEAD3AEAPEAD@Z
0xFBF36	0x1800FD536	ascii	??1?$basic_ios@DU?$char_traits@D@std@@@std@@UEAA@XZ
0xFBF6C	0x1800FD56C	ascii	??1?$basic_streambuf@DU?$char_traits@D@std@@@std@@UEAA@XZ
0xFBFA8	0x1800FD5A8	ascii	?_Lock@?$basic_streambuf@DU?$char_traits@D@std@@@std@@UEAAXXZ
0xFBFE8	0x1800FD5E8	ascii	?_Unlock@?$basic_streambuf@DU?$char_traits@D@std@@@std@@UEAAXXZ
0xFC02A	0x1800FD62A	ascii	?showmanyc@?$basic_streambuf@DU?$char_traits@D@std@@@std@@MEAA_JXZ
0xFC070	0x1800FD670	ascii	?uflow@?$basic_streambuf@DU?$char_traits@D@std@@@std@@MEAAHXZ
0xFC0B0	0x1800FD6B0	ascii	?xsgetn@?$basic_streambuf@DU?$char_traits@D@std@@@std@@MEAA_JPEAD_J@Z
0xFC0F8	0x1800FD6F8	ascii	?xsputn@?$basic_streambuf@DU?$char_traits@D@std@@@std@@MEAA_JPEBD_J@Z
0xFC140	0x1800FD740	ascii	?setbuf@?$basic_streambuf@DU?$char_traits@D@std@@@std@@MEAAPEAV12@PEAD_J@Z
0xFC18E	0x1800FD78E	ascii	?sync@?$basic_streambuf@DU?$char_traits@D@std@@@std@@MEAAHXZ
0xFC1CE	0x1800FD7CE	ascii	?imbue@?$basic_streambuf@DU?$char_traits@D@std@@@std@@MEAAXAEBVlocale@2@@Z
0xFC21C	0x1800FD81C	ascii	??1?$basic_istream@DU?$char_traits@D@std@@@std@@UEAA@XZ
0xFC256	0x1800FD856	ascii	??1?$basic_ostream@DU?$char_traits@D@std@@@std@@UEAA@XZ
0xFC290	0x1800FD890	ascii	??6?$basic_ostream@DU?$char_traits@D@std@@@std@@QEAAAEAV01@PEAV?$basic_streambuf@DU?$char_traits@D@std@@@1@@Z
0xFC300	0x1800FD900	ascii	??7ios_base@std@@QEBA_NXZ
0xFC31C	0x1800FD91C	ascii	?_Getcat@?$ctype@D@std@@SA_KPEAPEBVfacet@locale@2@PEBV42@@Z
0xFC35A	0x1800FD95A	ascii	?tolower@?$ctype@D@std@@QEBADD@Z
0xFC37E	0x1800FD97E	ascii	?always_noconv@codecvt_base@std@@QEBA_NXZ
0xFC3AA	0x1800FD9AA	ascii	??1facet@locale@std@@MEAA@XZ
0xFC3CA	0x1800FD9CA	ascii	??0facet@locale@std@@IEAA@_K@Z
0xFC3EC	0x1800FD9EC	ascii	?_Decref@facet@locale@std@@UEAAPEAV_Facet_base@3@XZ
0xFC422	0x1800FDA22	ascii	?_Incref@facet@locale@std@@UEAAXXZ
0xFC448	0x1800FDA48	ascii	?_Getcoll@_Locinfo@std@@QEBA?AU_Collvec@@XZ
0xFC476	0x1800FDA76	ascii	??1_Locinfo@std@@QEAA@XZ
0xFC492	0x1800FDA92	ascii	??0_Locinfo@std@@QEAA@PEBD@Z
0xFC4B2	0x1800FDAB2	ascii	?_Winerror_map@std@@YAHH@Z
0xFC4D0	0x1800FDAD0	ascii	?_Syserror_map@std@@YAPEBDH@Z
0xFC4EE	0x1800FDAEE	ascii	MSVCP140.dll
0xFC4FE	0x1800FDAFE	ascii	__crtLCMapStringA
0xFC512	0x1800FDB12	ascii	ImmSetCandidateWindow
0xFC52A	0x1800FDB2A	ascii	ImmSetCompositionWindow
0xFC544	0x1800FDB44	ascii	ImmReleaseContext
0xFC558	0x1800FDB58	ascii	ImmGetContext
0xFC566	0x1800FDB66	ascii	IMM32.dll
0xFC572	0x1800FDB72	ascii	__CxxFrameHandler4
0xFC588	0x1800FDB88	ascii	__std_exception_destroy
0xFC5A2	0x1800FDBA2	ascii	__std_exception_copy
0xFC5BA	0x1800FDBBA	ascii	__std_terminate
0xFC5CC	0x1800FDBCC	ascii	__std_type_info_compare
0xFC5E6	0x1800FDBE6	ascii	strchr
0xFC5F0	0x1800FDBF0	ascii	__RTtypeid
0xFC5FE	0x1800FDBFE	ascii	__C_specific_handler
0xFC616	0x1800FDC16	ascii	__current_exception
0xFC62C	0x1800FDC2C	ascii	__current_exception_context
0xFC64A	0x1800FDC4A	ascii	_CxxThrowException
0xFC660	0x1800FDC60	ascii	memset
0xFC66A	0x1800FDC6A	ascii	__std_type_info_destroy_list
0xFC68A	0x1800FDC8A	ascii	memchr
0xFC694	0x1800FDC94	ascii	memcmp
0xFC69E	0x1800FDC9E	ascii	memcpy
0xFC6A8	0x1800FDCA8	ascii	memmove
0xFC6B0	0x1800FDCB0	ascii	VCRUNTIME140_1.dll
0xFC6C4	0x1800FDCC4	ascii	VCRUNTIME140.dll
0xFC6D8	0x1800FDCD8	ascii	__stdio_common_vsprintf
0xFC6F2	0x1800FDCF2	ascii	tolower
0xFC6FC	0x1800FDCFC	ascii	_beginthreadex
0xFC70E	0x1800FDD0E	ascii	terminate
0xFC71A	0x1800FDD1A	ascii	lroundf
0xFC724	0x1800FDD24	ascii	__stdio_common_vsprintf_s
0xFC740	0x1800FDD40	ascii	fputc
0xFC748	0x1800FDD48	ascii	strtof
0xFC752	0x1800FDD52	ascii	fflush
0xFC75C	0x1800FDD5C	ascii	fclose
0xFC766	0x1800FDD66	ascii	realloc
0xFC770	0x1800FDD70	ascii	strtoul
0xFC77A	0x1800FDD7A	ascii	fgetc
0xFC782	0x1800FDD82	ascii	_unlock_file
0xFC792	0x1800FDD92	ascii	_lock_file
0xFC7A0	0x1800FDDA0	ascii	fwrite
0xFC7AA	0x1800FDDAA	ascii	_errno
0xFC7B4	0x1800FDDB4	ascii	strtol
0xFC7BE	0x1800FDDBE	ascii	fgetpos
0xFC7C8	0x1800FDDC8	ascii	setvbuf
0xFC7D2	0x1800FDDD2	ascii	free
0xFC7DA	0x1800FDDDA	ascii	ungetc
0xFC7E4	0x1800FDDE4	ascii	fsetpos
0xFC7EE	0x1800FDDEE	ascii	fread
0xFC7F6	0x1800FDDF6	ascii	_fseeki64
0xFC802	0x1800FDE02	ascii	_get_stream_buffer_pointers
0xFC820	0x1800FDE20	ascii	ftell
0xFC828	0x1800FDE28	ascii	__acrt_iob_func
0xFC83A	0x1800FDE3A	ascii	fseek
0xFC842	0x1800FDE42	ascii	__stdio_common_vfprintf
0xFC85C	0x1800FDE5C	ascii	qsort
0xFC864	0x1800FDE64	ascii	_wfopen
0xFC86E	0x1800FDE6E	ascii	__stdio_common_vsscanf
0xFC888	0x1800FDE88	ascii	malloc
0xFC892	0x1800FDE92	ascii	_callnewh
0xFC89E	0x1800FDE9E	ascii	_seh_filter_dll
0xFC8B0	0x1800FDEB0	ascii	_configure_narrow_argv
0xFC8CA	0x1800FDECA	ascii	_initialize_narrow_environment
0xFC8EC	0x1800FDEEC	ascii	_initialize_onexit_table
0xFC908	0x1800FDF08	ascii	_register_onexit_function
0xFC924	0x1800FDF24	ascii	_execute_onexit_table
0xFC93C	0x1800FDF3C	ascii	_crt_atexit
0xFC94A	0x1800FDF4A	ascii	_cexit
0xFC954	0x1800FDF54	ascii	_initterm
0xFC960	0x1800FDF60	ascii	_initterm_e
0xFC96E	0x1800FDF6E	ascii	___lc_locale_name_func
0xFC988	0x1800FDF88	ascii	___lc_collate_cp_func
0xFC9A0	0x1800FDFA0	ascii	___lc_codepage_func
0xFC9B4	0x1800FDFB4	ascii	api-ms-win-crt-stdio-l1-1-0.dll
0xFC9D4	0x1800FDFD4	ascii	api-ms-win-crt-string-l1-1-0.dll
0xFC9F6	0x1800FDFF6	ascii	api-ms-win-crt-runtime-l1-1-0.dll
0xFCA18	0x1800FE018	ascii	api-ms-win-crt-math-l1-1-0.dll
0xFCA38	0x1800FE038	ascii	api-ms-win-crt-heap-l1-1-0.dll
0xFCA58	0x1800FE058	ascii	api-ms-win-crt-convert-l1-1-0.dll
0xFCA7A	0x1800FE07A	ascii	api-ms-win-crt-filesystem-l1-1-0.dll
0xFCAA0	0x1800FE0A0	ascii	api-ms-win-crt-utility-l1-1-0.dll
0xFCAC2	0x1800FE0C2	ascii	api-ms-win-crt-locale-l1-1-0.dll
0xFCAE6	0x1800FE0E6	ascii	ReleaseSRWLockExclusive
0xFCB00	0x1800FE100	ascii	AcquireSRWLockExclusive
0xFCB1A	0x1800FE11A	ascii	WakeAllConditionVariable
0xFCB36	0x1800FE136	ascii	SleepConditionVariableSRW
0xFCB52	0x1800FE152	ascii	GetSystemTimeAsFileTime
0xFCB6C	0x1800FE16C	ascii	InitializeSListHead
0xFCB82	0x1800FE182	ascii	LocalFree
0xFCB8E	0x1800FE18E	ascii	FormatMessageA
0xFCBA0	0x1800FE1A0	ascii	GetLocaleInfoEx
0xFCBB2	0x1800FE1B2	ascii	AreFileApisANSI
0xFCBC4	0x1800FE1C4	ascii	_fdclass
0xFCBD0	0x1800FE1D0	ascii	acosf
0xFCBD8	0x1800FE1D8	ascii	atan2f
0xFCBE2	0x1800FE1E2	ascii	ceilf
0xFCBEA	0x1800FE1EA	ascii	cosf
0xFCBF2	0x1800FE1F2	ascii	expf
0xFCBFA	0x1800FE1FA	ascii	floorf
0xFCC04	0x1800FE204	ascii	fmodf
0xFCC0C	0x1800FE20C	ascii	powf
0xFCC14	0x1800FE214	ascii	roundf
0xFCC1E	0x1800FE21E	ascii	sinf
0xFCC26	0x1800FE226	ascii	sqrtf
0xFCC2E	0x1800FE22E	ascii	strcmp
0xFCC38	0x1800FE238	ascii	strcpy
0xFCC42	0x1800FE242	ascii	strlen
0xFCC4C	0x1800FE24C	ascii	strncmp
0xFCC56	0x1800FE256	ascii	strncpy
0xFCC60	0x1800FE260	ascii	wcslen
0xFD081	0x1800FF281	ascii	(\?)\
0xFD0B0	0x1800FF2B0	ascii	33s?
0xFD0D6	0x1800FF2D6	ascii	p?)\
0xFD12A	0x1800FF32A	ascii	Q?)\
0xFD13D	0x1800FF33D	ascii	(\?\
0xFD1A9	0x1800FF3A9	ascii	Q8?\
0xFD1B3	0x1800FF3B3	ascii	?fff?
0xFD1CE	0x1800FF3CE	ascii	Q?fff?
0xFD1F3	0x1800FF3F3	ascii	?fff?
0xFD246	0x1800FF446	ascii	Q?ff&?
0xFD26A	0x1800FF46A	ascii	L>q=
0xFD28B	0x1800FF48B	ascii	=fff?
0xFD2C1	0x1800FF4C1	ascii	Ga>R
0xFD32E	0x1800FF52E	ascii	Q?333?
0xFD361	0x1800FF561	ascii	Q8?q=
0xFD3B9	0x1800FF5B9	ascii	Q8>{
0xFD43D	0x1800FF63D	ascii	Q8?R
0xFD465	0x1800FF665	ascii	p=?33
0xFD486	0x1800FF686	ascii	p?ff&?
0xFD512	0x1800FF712	ascii	u>)\
0xFD59D	0x1800FF79D	ascii	d[[[[[
0xFD5AA	0x1800FF7AA	ascii	[[[[[[[[[[[[js
0xFD5B9	0x1800FF7B9	ascii	[RRRR[[[[w|w
0xFD5C6	0x1800FF7C6	ascii	[[p[z
0xFD5CC	0x1800FF7CC	ascii	vv[[[[[[[[[[[
0xFD5EC	0x1800FF7EC	ascii	PPPP
0xFD5F1	0x1800FF7F1	ascii	    
0xFD68C	0x1800FF88C	ascii	@@@@AI@@@@LB@@@@@@@@ODS@@@DWC\@`@@@@@@@@@@@@@@dfnk@@jF@@DF@@[D@@
0xFDCF5	0x1800FFEF5	ascii	Q8>R
0xFDCFF	0x1800FFEFF	ascii	?33s?
0xFDEC0	0x1801000C0	ascii	.?AVbad_alloc@std@@
0xFDEE8	0x1801000E8	ascii	.?AVexception@std@@
0xFDF10	0x180100110	ascii	.?AVbad_array_new_length@std@@
0xFDF40	0x180100140	ascii	.?AV?$collate@D@std@@
0xFDF68	0x180100168	ascii	.?AVbad_cast@std@@
0xFDF90	0x180100190	ascii	.?AV?$collate_byname@D@std@@
0xFDFC0	0x1801001C0	ascii	.?AVruntime_error@std@@
0xFDFE8	0x1801001E8	ascii	.?AVsystem_error@std@@
0xFE010	0x180100210	ascii	.?AV_System_error@std@@
0xFE040	0x180100240	ascii	.?AVtype_info@@
0xFE060	0x180100260	ascii	.?AV?$basic_filebuf@DU?$char_traits@D@std@@@std@@
0xFE0B0	0x1801002B0	ascii	.?AV?$basic_ifstream@DU?$char_traits@D@std@@@std@@
0xFE0F8	0x1801002F8	ascii	.?AV_Node_if@std@@
0xFE120	0x180100320	ascii	.?AV?$basic_stringbuf@DU?$char_traits@D@std@@V?$allocator@D@2@@std@@
0xFE178	0x180100378	ascii	.?AV?$_Node_str@D@std@@
0xFE1A0	0x1801003A0	ascii	.?AVios_base@std@@
0xFE1C8	0x1801003C8	ascii	.?AV_Node_end_rep@std@@
0xFE1F0	0x1801003F0	ascii	.?AV_Node_end_group@std@@
0xFE220	0x180100420	ascii	.?AV_Node_back@std@@
0xFE248	0x180100448	ascii	.?AV_Facet_base@std@@
0xFE270	0x180100470	ascii	.?AU_Crt_new_delete@std@@
0xFE2A0	0x1801004A0	ascii	.?AV?$_Iosb@H@std@@
0xFE2D0	0x1801004D0	ascii	.?AV?$basic_streambuf@DU?$char_traits@D@std@@@std@@
0xFE318	0x180100518	ascii	.?AV_Node_base@std@@
0xFE340	0x180100540	ascii	.?AV?$basic_ostringstream@DU?$char_traits@D@std@@V?$allocator@D@2@@std@@
0xFE3A0	0x1801005A0	ascii	.?AV_Root_node@std@@
0xFE3D0	0x1801005D0	ascii	.?AV?$basic_istream@DU?$char_traits@D@std@@@std@@
0xFE418	0x180100618	ascii	.?AV?$basic_ios@DU?$char_traits@D@std@@@std@@
0xFE458	0x180100658	ascii	.?AVfacet@locale@std@@
0xFE480	0x180100680	ascii	.?AV_Node_assert@std@@
0xFE4A8	0x1801006A8	ascii	.?AV_Node_rep@std@@
0xFE4D0	0x1801006D0	ascii	.?AV?$basic_ostream@DU?$char_traits@D@std@@@std@@
0xFE520	0x180100720	ascii	.?AV?$_Node_class@DV?$regex_traits@D@std@@@std@@
0xFE568	0x180100768	ascii	.?AV_Node_capture@std@@
0xFE590	0x180100790	ascii	.?AV_Node_endif@std@@
0xFE5B8	0x1801007B8	ascii	.?AVerror_category@std@@
0xFE5E8	0x1801007E8	ascii	.?AV_System_error_category@std@@
0xFE620	0x180100820	ascii	.?AV_Generic_error_category@std@@
0x106C60	0x18010D060	ascii	<?xml version='1.0' encoding='UTF-8' standalone='yes'?>
0x106C99	0x18010D099	ascii	<assembly xmlns='urn:schemas-microsoft-com:asm.v1' manifestVersion='1.0'>
0x106CE4	0x18010D0E4	ascii	"  <trustInfo xmlns=""urn:schemas-microsoft-com:asm.v3"">"
0x106D1C	0x18010D11C	ascii	    <security>
0x106D2C	0x18010D12C	ascii	      <requestedPrivileges>
0x106D49	0x18010D149	ascii	        <requestedExecutionLevel level='asInvoker' uiAccess='false' />
0x106D91	0x18010D191	ascii	      </requestedPrivileges>
0x106DAF	0x18010D1AF	ascii	    </security>
0x106DC0	0x18010D1C0	ascii	  </trustInfo>
0x106DD0	0x18010D1D0	ascii	</assembly>
